-- phpMyAdmin SQL Dump
-- version 4.5.4.1deb2ubuntu2
-- http://www.phpmyadmin.net
--
-- Host: localhost
-- Generation Time: Feb 22, 2018 at 02:55 PM
-- Server version: 5.7.20-0ubuntu0.16.04.1
-- PHP Version: 7.0.27-1+ubuntu16.04.1+deb.sury.org+1

SET SQL_MODE = "NO_AUTO_VALUE_ON_ZERO";
SET time_zone = "+00:00";


/*!40101 SET @OLD_CHARACTER_SET_CLIENT=@@CHARACTER_SET_CLIENT */;
/*!40101 SET @OLD_CHARACTER_SET_RESULTS=@@CHARACTER_SET_RESULTS */;
/*!40101 SET @OLD_COLLATION_CONNECTION=@@COLLATION_CONNECTION */;
/*!40101 SET NAMES utf8mb4 */;

--
-- Database: `hrms`
--

-- --------------------------------------------------------

--
-- Table structure for table `assesment_list`
--

CREATE TABLE `assesment_list` (
  `list_id` int(11) NOT NULL,
  `date` date NOT NULL,
  `can_id` int(11) NOT NULL,
  `role_id` int(11) NOT NULL,
  `created_on` timestamp NOT NULL DEFAULT CURRENT_TIMESTAMP,
  `created_by` int(11) NOT NULL,
  `last_modified_on` timestamp NOT NULL DEFAULT CURRENT_TIMESTAMP ON UPDATE CURRENT_TIMESTAMP,
  `last_modified_by` int(11) NOT NULL,
  `is_deleted` tinyint(1) NOT NULL DEFAULT '0'
) ENGINE=InnoDB DEFAULT CHARSET=latin1;

-- --------------------------------------------------------

--
-- Table structure for table `assets`
--

CREATE TABLE `assets` (
  `asset_code` int(11) NOT NULL,
  `asset_name` varchar(255) NOT NULL,
  `asset_type` varchar(255) NOT NULL,
  `quant_on_hand` int(11) NOT NULL,
  `quant_in_store` int(11) NOT NULL,
  `assigned_to` int(11) NOT NULL,
  `description` varchar(500) NOT NULL,
  `is_active` tinyint(1) NOT NULL DEFAULT '1',
  `created_by` int(11) NOT NULL,
  `created_on` timestamp NOT NULL DEFAULT CURRENT_TIMESTAMP,
  `last_modified_on` timestamp NOT NULL DEFAULT CURRENT_TIMESTAMP ON UPDATE CURRENT_TIMESTAMP,
  `last_modified_by` int(11) NOT NULL
) ENGINE=InnoDB DEFAULT CHARSET=latin1;

-- --------------------------------------------------------

--
-- Table structure for table `asset_types`
--

CREATE TABLE `asset_types` (
  `asset_code` int(11) NOT NULL,
  `title` varchar(255) NOT NULL,
  `created_by` int(11) NOT NULL,
  `created_on` timestamp NOT NULL DEFAULT CURRENT_TIMESTAMP,
  `last_modified_on` timestamp NOT NULL DEFAULT CURRENT_TIMESTAMP ON UPDATE CURRENT_TIMESTAMP,
  `last_modified_by` int(11) NOT NULL,
  `is_deleted` tinyint(1) NOT NULL DEFAULT '0'
) ENGINE=InnoDB DEFAULT CHARSET=latin1;

--
-- Dumping data for table `asset_types`
--

INSERT INTO `asset_types` (`asset_code`, `title`, `created_by`, `created_on`, `last_modified_on`, `last_modified_by`, `is_deleted`) VALUES
(1, 'Laptop', 1, '2018-01-19 04:34:42', '2018-01-19 04:34:42', 1, 0),
(2, 'Mouse', 1, '2018-01-19 04:34:42', '2018-01-19 04:34:42', 1, 0);

-- --------------------------------------------------------

--
-- Table structure for table `attendance`
--

CREATE TABLE `attendance` (
  `atn_id` int(11) NOT NULL,
  `import_id` int(11) NOT NULL,
  `can_id` int(11) NOT NULL,
  `month` varchar(32) NOT NULL,
  `year` varchar(32) NOT NULL,
  `d1_in_time` varchar(32) DEFAULT NULL,
  `d1_out_time` varchar(32) DEFAULT NULL,
  `d1_hours` varchar(32) DEFAULT '0',
  `d2_in_time` varchar(32) DEFAULT NULL,
  `d2_out_time` varchar(32) DEFAULT NULL,
  `d2_hours` varchar(32) DEFAULT '0',
  `d3_in_time` varchar(32) DEFAULT NULL,
  `d3_out_time` varchar(32) DEFAULT NULL,
  `d3_hours` varchar(32) DEFAULT '0',
  `d4_in_time` varchar(32) DEFAULT NULL,
  `d4_out_time` varchar(32) DEFAULT NULL,
  `d4_hours` varchar(32) DEFAULT '0',
  `d5_in_time` varchar(32) DEFAULT NULL,
  `d5_out_time` varchar(32) DEFAULT NULL,
  `d5_hours` varchar(32) DEFAULT '0',
  `d6_in_time` varchar(32) DEFAULT NULL,
  `d6_out_time` varchar(32) DEFAULT NULL,
  `d6_hours` varchar(32) DEFAULT '0',
  `d7_in_time` varchar(32) DEFAULT NULL,
  `d7_out_time` varchar(32) DEFAULT NULL,
  `d7_hours` varchar(32) DEFAULT '0',
  `d8_in_time` varchar(32) DEFAULT NULL,
  `d8_out_time` varchar(32) DEFAULT NULL,
  `d8_hours` varchar(32) DEFAULT '0',
  `d9_in_time` varchar(32) DEFAULT NULL,
  `d9_out_time` varchar(32) DEFAULT NULL,
  `d9_hours` varchar(32) DEFAULT '0',
  `d10_in_time` varchar(32) DEFAULT NULL,
  `d10_out_time` varchar(32) DEFAULT NULL,
  `d10_hours` varchar(32) DEFAULT '0',
  `d11_in_time` varchar(32) DEFAULT NULL,
  `d11_out_time` varchar(32) DEFAULT NULL,
  `d11_hours` varchar(32) DEFAULT '0',
  `d12_in_time` varchar(32) DEFAULT NULL,
  `d12_out_time` varchar(32) DEFAULT NULL,
  `d12_hours` varchar(32) DEFAULT '0',
  `d13_in_time` varchar(32) DEFAULT NULL,
  `d13_out_time` varchar(32) DEFAULT NULL,
  `d13_hours` varchar(32) DEFAULT '0',
  `d14_in_time` varchar(32) DEFAULT NULL,
  `d14_out_time` varchar(32) DEFAULT NULL,
  `d14_hours` varchar(32) DEFAULT '0',
  `d15_in_time` varchar(32) DEFAULT NULL,
  `d15_out_time` varchar(32) DEFAULT NULL,
  `d15_hours` varchar(32) DEFAULT '0',
  `d16_in_time` varchar(32) DEFAULT NULL,
  `d16_out_time` varchar(32) DEFAULT NULL,
  `d16_hours` varchar(32) DEFAULT '0',
  `d17_in_time` varchar(32) DEFAULT NULL,
  `d17_out_time` varchar(32) DEFAULT NULL,
  `d17_hours` varchar(32) DEFAULT '0',
  `d18_in_time` varchar(32) DEFAULT NULL,
  `d18_out_time` varchar(32) DEFAULT NULL,
  `d18_hours` varchar(32) DEFAULT '0',
  `d19_in_time` varchar(32) DEFAULT NULL,
  `d19_out_time` varchar(32) DEFAULT NULL,
  `d19_hours` varchar(32) DEFAULT '0',
  `d20_in_time` varchar(32) DEFAULT NULL,
  `d20_out_time` varchar(32) DEFAULT NULL,
  `d20_hours` varchar(32) DEFAULT '0',
  `d21_in_time` varchar(32) DEFAULT NULL,
  `d21_out_time` varchar(32) DEFAULT NULL,
  `d21_hours` varchar(32) DEFAULT '0',
  `d22_in_time` varchar(32) DEFAULT NULL,
  `d22_out_time` varchar(32) DEFAULT NULL,
  `d22_hours` varchar(32) DEFAULT '0',
  `d23_in_time` varchar(32) DEFAULT NULL,
  `d23_out_time` varchar(32) DEFAULT NULL,
  `d23_hours` varchar(32) DEFAULT '0',
  `d24_in_time` varchar(32) DEFAULT NULL,
  `d24_out_time` varchar(32) DEFAULT NULL,
  `d24_hours` varchar(32) DEFAULT '0',
  `d25_in_time` varchar(32) DEFAULT NULL,
  `d25_out_time` varchar(32) DEFAULT NULL,
  `d25_hours` varchar(32) DEFAULT '0',
  `d26_in_time` varchar(32) DEFAULT NULL,
  `d26_out_time` varchar(32) DEFAULT NULL,
  `d26_hours` varchar(32) DEFAULT '0',
  `d27_in_time` varchar(32) DEFAULT NULL,
  `d27_out_time` varchar(32) DEFAULT NULL,
  `d27_hours` varchar(32) DEFAULT '0',
  `d28_in_time` varchar(32) DEFAULT NULL,
  `d28_out_time` varchar(32) DEFAULT NULL,
  `d28_hours` varchar(32) DEFAULT '0',
  `d29_in_time` varchar(32) DEFAULT NULL,
  `d29_out_time` varchar(32) DEFAULT NULL,
  `d29_hours` varchar(32) DEFAULT '0',
  `d30_in_time` varchar(32) DEFAULT NULL,
  `d30_out_time` varchar(32) DEFAULT NULL,
  `d30_hours` varchar(32) DEFAULT '0',
  `d31_in_time` varchar(32) DEFAULT NULL,
  `d31_out_time` varchar(32) DEFAULT NULL,
  `d31_hours` varchar(32) DEFAULT '0',
  `is_deleted` tinyint(1) NOT NULL DEFAULT '0',
  `created_by` int(11) NOT NULL,
  `created_on` timestamp NOT NULL DEFAULT CURRENT_TIMESTAMP,
  `last_modified_by` int(11) NOT NULL,
  `last_modified_on` timestamp NOT NULL DEFAULT CURRENT_TIMESTAMP ON UPDATE CURRENT_TIMESTAMP
) ENGINE=InnoDB DEFAULT CHARSET=latin1;

--
-- Dumping data for table `attendance`
--

INSERT INTO `attendance` (`atn_id`, `import_id`, `can_id`, `month`, `year`, `d1_in_time`, `d1_out_time`, `d1_hours`, `d2_in_time`, `d2_out_time`, `d2_hours`, `d3_in_time`, `d3_out_time`, `d3_hours`, `d4_in_time`, `d4_out_time`, `d4_hours`, `d5_in_time`, `d5_out_time`, `d5_hours`, `d6_in_time`, `d6_out_time`, `d6_hours`, `d7_in_time`, `d7_out_time`, `d7_hours`, `d8_in_time`, `d8_out_time`, `d8_hours`, `d9_in_time`, `d9_out_time`, `d9_hours`, `d10_in_time`, `d10_out_time`, `d10_hours`, `d11_in_time`, `d11_out_time`, `d11_hours`, `d12_in_time`, `d12_out_time`, `d12_hours`, `d13_in_time`, `d13_out_time`, `d13_hours`, `d14_in_time`, `d14_out_time`, `d14_hours`, `d15_in_time`, `d15_out_time`, `d15_hours`, `d16_in_time`, `d16_out_time`, `d16_hours`, `d17_in_time`, `d17_out_time`, `d17_hours`, `d18_in_time`, `d18_out_time`, `d18_hours`, `d19_in_time`, `d19_out_time`, `d19_hours`, `d20_in_time`, `d20_out_time`, `d20_hours`, `d21_in_time`, `d21_out_time`, `d21_hours`, `d22_in_time`, `d22_out_time`, `d22_hours`, `d23_in_time`, `d23_out_time`, `d23_hours`, `d24_in_time`, `d24_out_time`, `d24_hours`, `d25_in_time`, `d25_out_time`, `d25_hours`, `d26_in_time`, `d26_out_time`, `d26_hours`, `d27_in_time`, `d27_out_time`, `d27_hours`, `d28_in_time`, `d28_out_time`, `d28_hours`, `d29_in_time`, `d29_out_time`, `d29_hours`, `d30_in_time`, `d30_out_time`, `d30_hours`, `d31_in_time`, `d31_out_time`, `d31_hours`, `is_deleted`, `created_by`, `created_on`, `last_modified_by`, `last_modified_on`) VALUES
(1, 1, 7, '11', '2017', '09:55', '19:04', '9:09', '09:56', '19:05', '9:09', '09:55', '19:11', '9:16', '09:55', '19:01', '9:06', '', '', '00:00', '10:04', '19:06', '9:02', '11:21', '19:15', '7:54', '10:07', '19:20', '9:13', '09:55', '19:15', '9:20', '10:10', '19:10', '9:00', '13:55', '19:19', '5:24', '', '', '00:00', '10:14', '19:04', '8:50', '10:16', '19:16', '9:00', '10:07', '19:09', '9:02', '09:53', '19:21', '9:28', '09:55', '19:05', '9:10', '10:05', '19:08', '9:03', '', '', '00:00', '10:08', '19:12', '9:04', '09:53', '20:12', '10:19', '09:58', '19:25', '9:27', '10:05', '19:23', '9:18', '10:06', '19:17', '9:11', '10:06', '19:18', '9:12', '', '', '00:00', '10:02', '19:02', '9:00', '09:53', '19:25', '9:32', '10:07', '19:16', '9:09', '10:08', '19:23', '9:15', NULL, NULL, '0', 0, 2, '2018-02-05 05:09:53', 2, '2018-02-05 05:09:53'),
(2, 1, 23, '11', '2017', '10:00', '19:09', '9:09', '10:00', '19:05', '9:05', '10:02', '19:11', '9:09', '10:04', '19:57', '9:53', '', '', '00:00', '10:02', '19:06', '9:04', '10:00', '19:15', '9:15', '10:00', '19:20', '9:20', '10:02', '19:17', '9:15', '09:54', '19:05', '9:11', '10:00', '19:10', '9:10', '', '', '00:00', '10:01', '19:11', '9:10', '10:05', '19:18', '9:13', '09:57', '19:27', '9:30', '10:02', '19:20', '9:18', '', '', '00:00', '09:59', '19:09', '9:10', '', '', '00:00', '09:59', '19:37', '9:38', '09:58', '18:28', '8:30', '09:58', '19:18', '9:20', '09:59', '19:05', '9:06', '09:59', '19:21', '9:22', '11:04', '18:02', '6:58', '', '', '00:00', '10:02', '19:03', '9:01', '09:57', '19:14', '9:17', '10:00', '19:23', '9:23', '10:03', '19:24', '9:21', NULL, NULL, '0', 0, 2, '2018-02-05 05:09:53', 2, '2018-02-05 05:09:53'),
(3, 1, 3, '11', '2017', '10:56', '14:31', '3:35', '', '', '00:00', '09:46', '', '00:00', '14:37', '17:52', '3:15', '', '', '00:00', '10:19', '18:06', '7:47', '', '', '00:00', '09:49', '20:56', '11:07', '10:51', '', '00:00', '', '', '00:00', '11:23', '20:03', '8:40', '', '', '00:00', '10:18', '', '00:00', '11:06', '20:27', '9:21', '09:31', '13:29', '3:58', '17:01', '20:30', '3:29', '10:50', '19:49', '8:59', '20:16', '', '00:00', '', '', '00:00', '11:00', '', '00:00', '17:26', '19:57', '2:31', '11:18', '18:47', '7:29', '10:33', '15:59', '5:26', '10:51', '19:48', '8:57', '10:20', '19:57', '9:37', '', '', '00:00', '', '', '00:00', '20:12', '', '00:00', '11:04', '20:26', '9:22', '11:08', '20:04', '8:56', NULL, NULL, '0', 0, 2, '2018-02-05 05:09:53', 2, '2018-02-05 05:09:53'),
(4, 1, 6, '11', '2017', '10:10', '20:22', '10:12', '12:25', '19:48', '7:23', '10:06', '19:42', '9:36', '10:21', '20:02', '9:41', '', '', '00:00', '10:11', '21:15', '11:04', '10:23', '19:49', '9:26', '10:05', '21:16', '11:11', '10:28', '19:33', '9:05', '10:29', '19:46', '9:17', '09:56', '20:03', '10:07', '', '', '00:00', '10:28', '19:41', '9:13', '10:53', '20:14', '9:21', '10:26', '17:47', '7:21', '10:39', '20:30', '9:51', '10:14', '19:31', '9:17', '10:02', '20:01', '9:59', '', '', '00:00', '10:57', '20:43', '9:46', '10:23', '19:50', '9:27', '10:01', '19:52', '9:51', '10:26', '19:49', '9:23', '10:12', '20:00', '9:48', '10:15', '20:29', '10:14', '', '', '00:00', '10:37', '20:00', '9:23', '10:40', '20:02', '9:22', '12:23', '20:14', '7:51', '', '', '00:00', NULL, NULL, '0', 0, 2, '2018-02-05 05:09:53', 2, '2018-02-05 05:09:53'),
(5, 1, 25, '11', '2017', '10:01', '19:39', '9:38', '10:07', '13:59', '3:52', '10:06', '19:13', '9:07', '10:17', '', '00:00', '', '', '00:00', '10:08', '19:26', '9:18', '09:56', '19:21', '9:25', '09:54', '19:14', '9:20', '10:02', '19:26', '9:24', '09:59', '', '00:00', '09:57', '', '00:00', '', '', '00:00', '10:01', '19:09', '9:08', '10:05', '19:21', '9:16', '10:03', '19:04', '9:01', '10:03', '19:21', '9:18', '', '', '00:00', '09:59', '19:09', '9:10', '', '', '00:00', '10:07', '11:10', '1:03', '10:00', '19:30', '9:30', '10:07', '19:17', '9:10', '', '', '00:00', '10:12', '19:29', '9:17', '10:16', '20:35', '10:19', '', '', '00:00', '10:02', '19:58', '9:56', '10:14', '19:31', '9:17', '10:11', '19:39', '9:28', '10:03', '19:24', '9:21', NULL, NULL, '0', 0, 2, '2018-02-05 05:09:53', 2, '2018-02-05 05:09:53'),
(6, 1, 21, '11', '2017', '10:00', '19:39', '9:39', '09:59', '14:16', '4:17', '10:02', '19:19', '9:17', '10:12', '19:06', '8:54', '', '', '00:00', '09:58', '19:17', '9:19', '11:52', '19:26', '7:34', '10:02', '19:20', '9:18', '10:01', '19:17', '9:16', '09:59', '19:22', '9:23', '10:05', '19:12', '9:07', '', '', '00:00', '10:01', '16:29', '6:28', '10:00', '19:18', '9:18', '10:01', '19:26', '9:25', '09:57', '19:34', '9:37', '09:57', '19:05', '9:08', '10:23', '19:05', '8:42', '', '', '00:00', '', '', '00:00', '', '', '00:00', '10:01', '19:04', '9:03', '10:03', '19:13', '9:10', '10:06', '16:52', '6:46', '10:34', '19:18', '8:44', '', '', '00:00', '10:02', '19:03', '9:01', '09:57', '19:14', '9:17', '10:02', '19:19', '9:17', '10:00', '19:07', '9:07', NULL, NULL, '0', 0, 2, '2018-02-05 05:09:53', 2, '2018-02-05 05:09:53'),
(7, 1, 26, '11', '2017', '16:04', '19:21', '3:17', '09:45', '19:06', '9:21', '09:55', '19:11', '9:16', '09:45', '19:02', '9:17', '', '', '00:00', '09:55', '19:26', '9:31', '09:44', '19:21', '9:37', '09:55', '19:14', '9:19', '09:55', '', '00:00', '09:56', '19:17', '9:21', '09:56', '', '00:00', '', '', '00:00', '09:53', '19:09', '9:16', '10:16', '14:26', '4:10', '09:57', '19:04', '9:07', '09:53', '', '00:00', '10:06', '15:32', '5:26', '10:05', '19:08', '9:03', '', '', '00:00', '09:56', '', '00:00', '13:31', '19:30', '5:59', '09:58', '19:18', '9:20', '10:05', '', '00:00', '09:55', '19:29', '9:34', '09:56', '20:35', '10:39', '', '', '00:00', '09:56', '19:56', '10:00', '', '', '00:00', '09:58', '19:41', '9:40', '10:05', '19:23', '9:18', NULL, NULL, '0', 0, 2, '2018-02-05 05:09:53', 2, '2018-02-05 05:09:53'),
(8, 1, 4, '11', '2017', NULL, NULL, '0', '14:26', '21:04', '6:38', '12:39', '20:33', '7:54', '', '', '00:00', '', '', '00:00', '10:19', '21:15', '10:56', '11:50', '20:34', '8:44', '12:00', '20:56', '8:56', '10:51', '20:32', '9:41', '', '', '00:00', '', '', '00:00', '', '', '00:00', '', '', '00:00', '', '', '00:00', '17:02', '', '00:00', '12:25', '20:30', '8:05', '10:49', '19:49', '9:00', '', '', '00:00', '', '', '00:00', '', '', '00:00', '11:13', '12:20', '1:07', '11:24', '16:15', '4:51', '', '', '00:00', '11:19', '', '00:00', '10:20', '19:57', '9:37', '', '', '00:00', '', '', '00:00', '11:41', '20:12', '8:31', '11:04', '20:25', '9:21', '11:08', '20:04', '8:56', NULL, NULL, '0', 0, 2, '2018-02-05 05:09:53', 2, '2018-02-05 05:09:53'),
(9, 1, 9, '11', '2017', NULL, NULL, '0', NULL, NULL, '0', '', '', '00:00', '16:21', '19:01', '2:40', '', '', '00:00', '09:49', '19:10', '9:21', '09:57', '19:15', '9:18', '', '', '00:00', '09:55', '19:14', '9:19', '09:59', '19:10', '9:11', '09:53', '19:18', '9:25', '', '', '00:00', '10:03', '13:50', '3:47', '', '', '00:00', '', '', '00:00', '', '', '00:00', '', '', '00:00', '', '', '00:00', '', '', '00:00', '09:50', '19:14', '9:24', '10:14', '19:00', '8:46', '10:07', '19:25', '9:18', '09:44', '19:21', '9:37', '', '', '00:00', '09:54', '19:12', '9:18', '', '', '00:00', '09:42', '19:01', '9:19', '09:51', '19:25', '9:34', '09:54', '19:17', '9:23', '09:53', '19:17', '9:24', NULL, NULL, '0', 0, 2, '2018-02-05 05:09:53', 2, '2018-02-05 05:09:53'),
(10, 1, 15, '11', '2017', NULL, NULL, '0', NULL, NULL, '0', NULL, NULL, '0', '16:23', '18:33', '2:10', '', '', '00:00', '10:13', '18:34', '8:21', '09:40', '', '00:00', '09:45', '18:29', '8:44', '09:55', '18:28', '8:33', '10:00', '18:29', '8:29', '09:51', '13:28', '3:37', '', '', '00:00', '', '', '00:00', '10:04', '', '00:00', '10:03', '18:27', '8:24', '09:46', '18:29', '8:43', '09:49', '', '00:00', '09:38', '18:33', '8:55', '', '', '00:00', '09:50', '18:43', '8:53', '09:46', '18:31', '8:45', '', '', '00:00', '09:51', '18:54', '9:03', '09:51', '18:31', '8:40', '09:46', '18:35', '8:49', '', '', '00:00', '10:02', '18:58', '8:56', '09:34', '18:33', '8:57', '09:53', '18:40', '8:47', '09:56', '18:35', '8:39', NULL, NULL, '0', 0, 2, '2018-02-05 05:09:53', 2, '2018-02-05 05:09:53'),
(11, 1, 8, '11', '2017', NULL, NULL, '0', NULL, NULL, '0', NULL, NULL, '0', NULL, NULL, '0', NULL, NULL, '0', NULL, NULL, '0', NULL, NULL, '0', NULL, NULL, '0', NULL, NULL, '0', NULL, NULL, '0', NULL, NULL, '0', NULL, NULL, '0', '', '', '00:00', '', '', '00:00', '11:36', '', '00:00', '09:31', '19:13', '9:42', '09:55', '19:12', '9:17', '09:43', '13:57', '4:14', '', '', '00:00', '09:50', '19:34', '9:44', '09:47', '20:11', '10:24', '09:31', '19:24', '9:53', '09:53', '19:21', '9:28', '09:46', '19:20', '9:34', '09:48', '19:18', '9:30', '', '', '00:00', '09:56', '19:01', '9:05', '09:51', '19:24', '9:33', '09:33', '19:19', '9:46', '09:55', '19:17', '9:22', NULL, NULL, '0', 0, 2, '2018-02-05 05:09:53', 2, '2018-02-05 05:09:53'),
(12, 1, 22, '11', '2017', NULL, NULL, '0', NULL, NULL, '0', NULL, NULL, '0', NULL, NULL, '0', NULL, NULL, '0', NULL, NULL, '0', NULL, NULL, '0', NULL, NULL, '0', NULL, NULL, '0', NULL, NULL, '0', NULL, NULL, '0', NULL, NULL, '0', NULL, NULL, '0', NULL, NULL, '0', '11:38', '19:04', '7:26', '09:44', '19:34', '9:50', '09:44', '19:01', '9:17', '09:45', '19:05', '9:20', '', '', '00:00', '09:46', '19:06', '9:20', '13:58', '18:58', '5:00', '09:45', '19:03', '9:18', '09:49', '19:05', '9:16', '09:48', '19:08', '9:20', '09:45', '18:59', '9:14', '', '', '00:00', '09:46', '19:02', '9:16', '09:45', '19:06', '9:21', '09:45', '19:18', '9:33', '09:59', '19:06', '9:07', NULL, NULL, '0', 0, 2, '2018-02-05 05:09:53', 2, '2018-02-05 05:09:53'),
(13, 1, 12, '11', '2017', NULL, NULL, '0', NULL, NULL, '0', NULL, NULL, '0', NULL, NULL, '0', NULL, NULL, '0', NULL, NULL, '0', NULL, NULL, '0', NULL, NULL, '0', NULL, NULL, '0', NULL, NULL, '0', NULL, NULL, '0', NULL, NULL, '0', NULL, NULL, '0', NULL, NULL, '0', NULL, NULL, '0', NULL, NULL, '0', NULL, NULL, '0', NULL, NULL, '0', NULL, NULL, '0', NULL, NULL, '0', '14:22', '18:58', '4:36', '10:04', '19:04', '9:00', '10:08', '19:07', '8:59', '10:06', '19:09', '9:03', '', '', '00:00', '', '', '00:00', '10:07', '', '00:00', '10:06', '19:07', '9:01', '10:30', '19:18', '8:48', '09:43', '18:49', '9:06', NULL, NULL, '0', 0, 2, '2018-02-05 05:09:53', 2, '2018-02-05 05:09:53'),
(14, 1, 11, '11', '2017', NULL, NULL, '0', NULL, NULL, '0', NULL, NULL, '0', NULL, NULL, '0', NULL, NULL, '0', NULL, NULL, '0', NULL, NULL, '0', NULL, NULL, '0', NULL, NULL, '0', NULL, NULL, '0', NULL, NULL, '0', NULL, NULL, '0', NULL, NULL, '0', NULL, NULL, '0', NULL, NULL, '0', NULL, NULL, '0', NULL, NULL, '0', NULL, NULL, '0', NULL, NULL, '0', NULL, NULL, '0', NULL, NULL, '0', NULL, NULL, '0', NULL, NULL, '0', NULL, NULL, '0', NULL, NULL, '0', NULL, NULL, '0', NULL, NULL, '0', NULL, NULL, '0', NULL, NULL, '0', '09:43', '18:49', '9:10', NULL, NULL, '0', 0, 2, '2018-02-05 05:09:53', 2, '2018-02-05 05:09:53'),
(15, 2, 7, '12', '2017', '09:55', '19:04', '9:09', '09:56', '19:05', '9:09', '09:55', '19:11', '9:16', '09:55', '19:01', '9:06', '', '', '00:00', '10:04', '19:06', '9:02', '11:21', '19:15', '7:54', '10:07', '19:20', '9:13', '09:55', '19:15', '9:20', '10:10', '19:10', '9:00', '13:55', '19:19', '5:24', '', '', '00:00', '10:14', '19:04', '8:50', '10:16', '19:16', '9:00', '10:07', '19:09', '9:02', '09:53', '19:21', '9:28', '09:55', '19:05', '9:10', '10:05', '19:08', '9:03', '', '', '00:00', '10:08', '19:12', '9:04', '09:53', '20:12', '10:19', '09:58', '19:25', '9:27', '10:05', '19:23', '9:18', '10:06', '19:17', '9:11', '10:06', '19:18', '9:12', '', '', '00:00', '10:02', '19:02', '9:00', '09:53', '19:25', '9:32', '10:07', '19:16', '9:09', '10:08', '19:23', '9:15', NULL, NULL, '0', 0, 2, '2018-02-05 05:11:26', 2, '2018-02-05 05:11:26'),
(16, 3, 23, '12', '2017', '10:00', '19:09', '9:09', '10:00', '19:05', '9:05', '10:02', '19:11', '9:09', '10:04', '19:57', '9:53', '', '', '00:00', '10:02', '19:06', '9:04', '10:00', '19:15', '9:15', '10:00', '19:20', '9:20', '10:02', '19:17', '9:15', '09:54', '19:05', '9:11', '10:00', '19:10', '9:10', '', '', '00:00', '10:01', '19:11', '9:10', '10:05', '19:18', '9:13', '09:57', '19:27', '9:30', '10:02', '19:20', '9:18', '', '', '00:00', '09:59', '19:09', '9:10', '', '', '00:00', '09:59', '19:37', '9:38', '09:58', '18:28', '8:30', '09:58', '19:18', '9:20', '09:59', '19:05', '9:06', '09:59', '19:21', '9:22', '11:04', '18:02', '6:58', '', '', '00:00', '10:02', '19:03', '9:01', '09:57', '19:14', '9:17', '10:00', '19:23', '9:23', '10:03', '19:24', '9:21', NULL, NULL, '0', 0, 2, '2018-02-05 05:11:26', 2, '2018-02-05 05:11:26'),
(17, 4, 3, '12', '2017', '10:56', '14:31', '3:35', '', '', '00:00', '09:46', '', '00:00', '14:37', '17:52', '3:15', '', '', '00:00', '10:19', '18:06', '7:47', '', '', '00:00', '09:49', '20:56', '11:07', '10:51', '', '00:00', '', '', '00:00', '11:23', '20:03', '8:40', '', '', '00:00', '10:18', '', '00:00', '11:06', '20:27', '9:21', '09:31', '13:29', '3:58', '17:01', '20:30', '3:29', '10:50', '19:49', '8:59', '20:16', '', '00:00', '', '', '00:00', '11:00', '', '00:00', '17:26', '19:57', '2:31', '11:18', '18:47', '7:29', '10:33', '15:59', '5:26', '10:51', '19:48', '8:57', '10:20', '19:57', '9:37', '', '', '00:00', '', '', '00:00', '20:12', '', '00:00', '11:04', '20:26', '9:22', '11:08', '20:04', '8:56', NULL, NULL, '0', 0, 2, '2018-02-05 05:11:26', 2, '2018-02-05 05:11:26'),
(18, 5, 6, '12', '2017', '10:10', '20:22', '10:12', '12:25', '19:48', '7:23', '10:06', '19:42', '9:36', '10:21', '20:02', '9:41', '', '', '00:00', '10:11', '21:15', '11:04', '10:23', '19:49', '9:26', '10:05', '21:16', '11:11', '10:28', '19:33', '9:05', '10:29', '19:46', '9:17', '09:56', '20:03', '10:07', '', '', '00:00', '10:28', '19:41', '9:13', '10:53', '20:14', '9:21', '10:26', '17:47', '7:21', '10:39', '20:30', '9:51', '10:14', '19:31', '9:17', '10:02', '20:01', '9:59', '', '', '00:00', '10:57', '20:43', '9:46', '10:23', '19:50', '9:27', '10:01', '19:52', '9:51', '10:26', '19:49', '9:23', '10:12', '20:00', '9:48', '10:15', '20:29', '10:14', '', '', '00:00', '10:37', '20:00', '9:23', '10:40', '20:02', '9:22', '12:23', '20:14', '7:51', '', '', '00:00', NULL, NULL, '0', 0, 2, '2018-02-05 05:11:26', 2, '2018-02-05 05:11:26'),
(19, 6, 25, '12', '2017', '10:01', '19:39', '9:38', '10:07', '13:59', '3:52', '10:06', '19:13', '9:07', '10:17', '', '00:00', '', '', '00:00', '10:08', '19:26', '9:18', '09:56', '19:21', '9:25', '09:54', '19:14', '9:20', '10:02', '19:26', '9:24', '09:59', '', '00:00', '09:57', '', '00:00', '', '', '00:00', '10:01', '19:09', '9:08', '10:05', '19:21', '9:16', '10:03', '19:04', '9:01', '10:03', '19:21', '9:18', '', '', '00:00', '09:59', '19:09', '9:10', '', '', '00:00', '10:07', '11:10', '1:03', '10:00', '19:30', '9:30', '10:07', '19:17', '9:10', '', '', '00:00', '10:12', '19:29', '9:17', '10:16', '20:35', '10:19', '', '', '00:00', '10:02', '19:58', '9:56', '10:14', '19:31', '9:17', '10:11', '19:39', '9:28', '10:03', '19:24', '9:21', NULL, NULL, '0', 0, 2, '2018-02-05 05:11:27', 2, '2018-02-05 05:11:27'),
(20, 7, 21, '12', '2017', '10:00', '19:39', '9:39', '09:59', '14:16', '4:17', '10:02', '19:19', '9:17', '10:12', '19:06', '8:54', '', '', '00:00', '09:58', '19:17', '9:19', '11:52', '19:26', '7:34', '10:02', '19:20', '9:18', '10:01', '19:17', '9:16', '09:59', '19:22', '9:23', '10:05', '19:12', '9:07', '', '', '00:00', '10:01', '16:29', '6:28', '10:00', '19:18', '9:18', '10:01', '19:26', '9:25', '09:57', '19:34', '9:37', '09:57', '19:05', '9:08', '10:23', '19:05', '8:42', '', '', '00:00', '', '', '00:00', '', '', '00:00', '10:01', '19:04', '9:03', '10:03', '19:13', '9:10', '10:06', '16:52', '6:46', '10:34', '19:18', '8:44', '', '', '00:00', '10:02', '19:03', '9:01', '09:57', '19:14', '9:17', '10:02', '19:19', '9:17', '10:00', '19:07', '9:07', NULL, NULL, '0', 0, 2, '2018-02-05 05:11:27', 2, '2018-02-05 05:11:27'),
(21, 8, 26, '12', '2017', '16:04', '19:21', '3:17', '09:45', '19:06', '9:21', '09:55', '19:11', '9:16', '09:45', '19:02', '9:17', '', '', '00:00', '09:55', '19:26', '9:31', '09:44', '19:21', '9:37', '09:55', '19:14', '9:19', '09:55', '', '00:00', '09:56', '19:17', '9:21', '09:56', '', '00:00', '', '', '00:00', '09:53', '19:09', '9:16', '10:16', '14:26', '4:10', '09:57', '19:04', '9:07', '09:53', '', '00:00', '10:06', '15:32', '5:26', '10:05', '19:08', '9:03', '', '', '00:00', '09:56', '', '00:00', '13:31', '19:30', '5:59', '09:58', '19:18', '9:20', '10:05', '', '00:00', '09:55', '19:29', '9:34', '09:56', '20:35', '10:39', '', '', '00:00', '09:56', '19:56', '10:00', '', '', '00:00', '09:58', '19:41', '9:40', '10:05', '19:23', '9:18', NULL, NULL, '0', 0, 2, '2018-02-05 05:11:27', 2, '2018-02-05 05:11:27'),
(22, 2, 4, '12', '2017', NULL, NULL, '0', '14:26', '21:04', '6:38', '12:39', '20:33', '7:54', '', '', '00:00', '', '', '00:00', '10:19', '21:15', '10:56', '11:50', '20:34', '8:44', '12:00', '20:56', '8:56', '10:51', '20:32', '9:41', '', '', '00:00', '', '', '00:00', '', '', '00:00', '', '', '00:00', '', '', '00:00', '17:02', '', '00:00', '12:25', '20:30', '8:05', '10:49', '19:49', '9:00', '', '', '00:00', '', '', '00:00', '', '', '00:00', '11:13', '12:20', '1:07', '11:24', '16:15', '4:51', '', '', '00:00', '11:19', '', '00:00', '10:20', '19:57', '9:37', '', '', '00:00', '', '', '00:00', '11:41', '20:12', '8:31', '11:04', '20:25', '9:21', '11:08', '20:04', '8:56', NULL, NULL, '0', 0, 2, '2018-02-05 05:11:27', 2, '2018-02-05 05:11:27'),
(23, 2, 9, '12', '2017', NULL, NULL, '0', NULL, NULL, '0', '', '', '00:00', '16:21', '19:01', '2:40', '', '', '00:00', '09:49', '19:10', '9:21', '09:57', '19:15', '9:18', '', '', '00:00', '09:55', '19:14', '9:19', '09:59', '19:10', '9:11', '09:53', '19:18', '9:25', '', '', '00:00', '10:03', '13:50', '3:47', '', '', '00:00', '', '', '00:00', '', '', '00:00', '', '', '00:00', '', '', '00:00', '', '', '00:00', '09:50', '19:14', '9:24', '10:14', '19:00', '8:46', '10:07', '19:25', '9:18', '09:44', '19:21', '9:37', '', '', '00:00', '09:54', '19:12', '9:18', '', '', '00:00', '09:42', '19:01', '9:19', '09:51', '19:25', '9:34', '09:54', '19:17', '9:23', '09:53', '19:17', '9:24', NULL, NULL, '0', 0, 2, '2018-02-05 05:11:27', 2, '2018-02-05 05:11:27'),
(24, 2, 15, '12', '2017', NULL, NULL, '0', NULL, NULL, '0', NULL, NULL, '0', '16:23', '18:33', '2:10', '', '', '00:00', '10:13', '18:34', '8:21', '09:40', '', '00:00', '09:45', '18:29', '8:44', '09:55', '18:28', '8:33', '10:00', '18:29', '8:29', '09:51', '13:28', '3:37', '', '', '00:00', '', '', '00:00', '10:04', '', '00:00', '10:03', '18:27', '8:24', '09:46', '18:29', '8:43', '09:49', '', '00:00', '09:38', '18:33', '8:55', '', '', '00:00', '09:50', '18:43', '8:53', '09:46', '18:31', '8:45', '', '', '00:00', '09:51', '18:54', '9:03', '09:51', '18:31', '8:40', '09:46', '18:35', '8:49', '', '', '00:00', '10:02', '18:58', '8:56', '09:34', '18:33', '8:57', '09:53', '18:40', '8:47', '09:56', '18:35', '8:39', NULL, NULL, '0', 0, 2, '2018-02-05 05:11:27', 2, '2018-02-05 05:11:27'),
(25, 2, 8, '12', '2017', NULL, NULL, '0', NULL, NULL, '0', NULL, NULL, '0', NULL, NULL, '0', NULL, NULL, '0', NULL, NULL, '0', NULL, NULL, '0', NULL, NULL, '0', NULL, NULL, '0', NULL, NULL, '0', NULL, NULL, '0', NULL, NULL, '0', '', '', '00:00', '', '', '00:00', '11:36', '', '00:00', '09:31', '19:13', '9:42', '09:55', '19:12', '9:17', '09:43', '13:57', '4:14', '', '', '00:00', '09:50', '19:34', '9:44', '09:47', '20:11', '10:24', '09:31', '19:24', '9:53', '09:53', '19:21', '9:28', '09:46', '19:20', '9:34', '09:48', '19:18', '9:30', '', '', '00:00', '09:56', '19:01', '9:05', '09:51', '19:24', '9:33', '09:33', '19:19', '9:46', '09:55', '19:17', '9:22', NULL, NULL, '0', 0, 2, '2018-02-05 05:11:27', 2, '2018-02-05 05:11:27'),
(26, 2, 22, '12', '2017', NULL, NULL, '0', NULL, NULL, '0', NULL, NULL, '0', NULL, NULL, '0', NULL, NULL, '0', NULL, NULL, '0', NULL, NULL, '0', NULL, NULL, '0', NULL, NULL, '0', NULL, NULL, '0', NULL, NULL, '0', NULL, NULL, '0', NULL, NULL, '0', NULL, NULL, '0', '11:38', '19:04', '7:26', '09:44', '19:34', '9:50', '09:44', '19:01', '9:17', '09:45', '19:05', '9:20', '', '', '00:00', '09:46', '19:06', '9:20', '13:58', '18:58', '5:00', '09:45', '19:03', '9:18', '09:49', '19:05', '9:16', '09:48', '19:08', '9:20', '09:45', '18:59', '9:14', '', '', '00:00', '09:46', '19:02', '9:16', '09:45', '19:06', '9:21', '09:45', '19:18', '9:33', '09:59', '19:06', '9:07', NULL, NULL, '0', 0, 2, '2018-02-05 05:11:27', 2, '2018-02-05 05:11:27'),
(27, 2, 12, '12', '2017', NULL, NULL, '0', NULL, NULL, '0', NULL, NULL, '0', NULL, NULL, '0', NULL, NULL, '0', NULL, NULL, '0', NULL, NULL, '0', NULL, NULL, '0', NULL, NULL, '0', NULL, NULL, '0', NULL, NULL, '0', NULL, NULL, '0', NULL, NULL, '0', NULL, NULL, '0', NULL, NULL, '0', NULL, NULL, '0', NULL, NULL, '0', NULL, NULL, '0', NULL, NULL, '0', NULL, NULL, '0', '14:22', '18:58', '4:36', '10:04', '19:04', '9:00', '10:08', '19:07', '8:59', '10:06', '19:09', '9:03', '', '', '00:00', '', '', '00:00', '10:07', '', '00:00', '10:06', '19:07', '9:01', '10:30', '19:18', '8:48', '09:43', '18:49', '9:06', NULL, NULL, '0', 0, 2, '2018-02-05 05:11:27', 2, '2018-02-05 05:11:27'),
(28, 2, 11, '12', '2017', NULL, NULL, '0', NULL, NULL, '0', NULL, NULL, '0', NULL, NULL, '0', NULL, NULL, '0', NULL, NULL, '0', NULL, NULL, '0', NULL, NULL, '0', NULL, NULL, '0', NULL, NULL, '0', NULL, NULL, '0', NULL, NULL, '0', NULL, NULL, '0', NULL, NULL, '0', NULL, NULL, '0', NULL, NULL, '0', NULL, NULL, '0', NULL, NULL, '0', NULL, NULL, '0', NULL, NULL, '0', NULL, NULL, '0', NULL, NULL, '0', NULL, NULL, '0', NULL, NULL, '0', NULL, NULL, '0', NULL, NULL, '0', NULL, NULL, '0', NULL, NULL, '0', NULL, NULL, '0', '09:43', '18:49', '9:10', NULL, NULL, '0', 0, 2, '2018-02-05 05:11:27', 2, '2018-02-05 05:11:27'),
(29, 9, 7, '01', '2018', '', '', '00:00', '09:56', '19:25', '9:29', '10:04', '19:12', '9:08', '09:55', '19:43', '9:48', '10:05', '20:01', '9:56', '10:31', '19:17', '8:46', '', '', '00:00', '10:04', '19:34', '9:30', '10:07', '19:52', '9:45', '09:54', '19:24', '9:30', '10:06', '17:38', '7:32', '10:09', '19:11', '9:02', '', '', '00:00', '', '', '00:00', '09:56', '19:30', '9:34', '10:11', '19:29', '9:18', '10:09', '19:21', '9:12', '09:53', '19:24', '9:31', '10:08', '19:13', '9:05', '09:56', '19:14', '9:18', '', '', '00:00', '10:10', '19:34', '9:24', '10:04', '19:30', '9:26', '10:12', '19:27', '9:15', '09:55', '20:24', '10:29', '', '', '00:00', '09:56', '19:15', '9:19', '', '', '00:00', '10:00', '19:09', '9:09', '10:07', '19:28', '9:21', '', '', '00:00', 0, 5, '2018-02-05 00:48:58', 5, '2018-02-05 00:48:58'),
(30, 10, 23, '01', '2018', '', '', '00:00', '', '', '00:00', '10:04', '19:13', '9:09', '09:57', '19:11', '9:14', '10:03', '19:07', '9:04', '09:55', '19:15', '9:20', '', '', '00:00', '10:04', '19:12', '9:08', '10:03', '19:46', '9:43', '09:57', '19:26', '9:29', '09:56', '19:50', '9:54', '09:57', '19:04', '9:07', '', '', '00:00', '', '', '00:00', '10:05', '19:36', '9:31', '10:00', '19:14', '9:14', '10:00', '19:19', '9:19', '10:02', '19:21', '9:19', '09:59', '13:59', '4:00', '10:00', '19:13', '9:13', '', '', '00:00', '10:02', '19:15', '9:13', '09:59', '19:10', '9:11', '10:02', '19:14', '9:12', '10:02', '19:16', '9:14', '', '', '00:00', '10:01', '19:11', '9:10', '', '', '00:00', '10:05', '19:16', '9:11', '10:02', '19:18', '9:16', '09:58', '19:28', '9:30', 0, 5, '2018-02-05 00:48:58', 5, '2018-02-05 00:48:58'),
(31, 11, 5, '01', '2018', '', '', '00:00', '11:09', '20:39', '9:30', '', '', '00:00', '11:12', '20:21', '9:09', '10:57', '13:37', '2:40', '11:04', '13:56', '2:52', '', '', '00:00', '10:58', '20:10', '9:12', '10:56', '20:14', '9:18', '11:03', '20:15', '9:12', '11:10', '20:07', '8:57', '10:59', '20:02', '9:03', '', '', '00:00', '', '', '00:00', '11:23', '20:14', '8:51', '11:04', '20:17', '9:13', '11:09', '20:20', '9:11', '10:52', '19:57', '9:05', '11:48', '20:04', '8:16', '11:15', '20:13', '8:58', '', '', '00:00', '10:44', '20:11', '9:27', '10:51', '20:19', '9:28', '10:52', '20:20', '9:28', '11:09', '20:07', '8:58', '', '', '00:00', '11:35', '20:41', '9:06', '', '', '00:00', '10:59', '20:13', '9:14', '11:08', '20:22', '9:11', '11:11', '20:05', '8:54', 0, 5, '2018-02-05 00:48:58', 5, '2018-02-05 00:48:58'),
(32, 12, 3, '01', '2018', '', '', '00:00', '10:28', '20:43', '10:15', '10:43', '20:14', '9:31', '10:28', '21:13', '10:45', '11:28', '20:08', '8:40', '11:17', '20:10', '8:53', '', '', '00:00', '10:49', '20:38', '9:49', '13:59', '22:12', '8:13', '10:54', '20:34', '9:40', '14:18', '20:22', '6:04', '11:50', '20:00', '8:10', '11:00', '20:19', '9:19', '', '', '00:00', '11:09', '20:12', '9:03', '10:37', '20:46', '10:09', '10:40', '20:18', '9:38', '10:58', '', '00:00', '11:21', '21:24', '10:03', '11:44', '21:44', '10:00', '', '', '00:00', '11:31', '20:46', '9:15', '10:41', '14:00', '3:19', '11:33', '20:04', '8:31', '11:24', '21:04', '9:40', '', '', '00:00', '11:17', '20:59', '9:42', '', '', '00:00', '09:40', '21:32', '11:52', '11:14', '21:29', '10:15', '11:05', '21:08', '10:03', 0, 5, '2018-02-05 00:48:58', 5, '2018-02-05 00:48:58'),
(33, 13, 6, '01', '2018', '', '', '00:00', '10:49', '20:41', '9:52', '11:11', '20:06', '8:55', '10:28', '20:36', '10:08', '', '', '00:00', '10:18', '20:08', '9:50', '', '', '00:00', '10:32', '20:03', '9:31', '10:32', '20:18', '9:46', '10:45', '20:17', '9:32', '10:36', '20:20', '9:44', '11:01', '19:43', '8:42', '', '', '00:00', '', '', '00:00', '11:39', '20:28', '8:49', '10:44', '20:45', '10:01', '10:45', '20:19', '9:34', '', '', '00:00', '', '', '00:00', '', '', '00:00', '', '', '00:00', '', '', '00:00', '', '', '00:00', '', '', '00:00', '', '', '00:00', '', '', '00:00', '10:48', '20:23', '9:35', '', '', '00:00', '10:40', '20:53', '10:13', '10:44', '20:21', '9:37', '10:31', '20:38', '10:07', 0, 5, '2018-02-05 00:48:58', 5, '2018-02-05 00:48:58'),
(34, 14, 10, '01', '2018', '', '', '00:00', '09:56', '19:24', '9:28', '10:04', '19:12', '9:08', '10:08', '19:43', '9:35', '10:05', '20:01', '9:56', '10:10', '19:15', '9:05', '', '', '00:00', '09:54', '13:30', '3:36', '10:10', '19:49', '9:39', '10:06', '16:20', '6:14', '10:18', '19:25', '9:07', '10:09', '19:12', '9:03', '', '', '00:00', '', '', '00:00', '10:05', '19:29', '9:24', '10:07', '19:14', '9:07', '09:57', '19:16', '9:19', '10:08', '19:23', '9:15', '10:08', '19:13', '9:05', '10:09', '10:19', '00:10', '', '', '00:00', '10:10', '19:18', '9:08', '10:11', '19:30', '9:19', '10:04', '', '00:00', '09:58', '', '00:00', '', '', '00:00', '09:57', '19:13', '9:16', '', '', '00:00', '10:11', '19:12', '9:01', '09:57', '16:32', '6:35', '', '', '00:00', 0, 5, '2018-02-05 00:48:58', 5, '2018-02-05 00:48:58'),
(35, 15, 24, '01', '2018', '', '', '00:00', '10:08', '19:28', '9:20', '10:41', '19:13', '8:32', '10:23', '19:19', '8:56', '10:33', '19:16', '8:43', '', '', '00:00', '', '', '00:00', '10:22', '19:27', '9:05', '10:10', '19:42', '9:32', '10:21', '19:23', '9:00', '10:30', '19:16', '8:46', '10:05', '19:05', '9:00', '', '', '00:00', '', '', '00:00', '10:15', '19:24', '9:09', '10:03', '19:16', '9:13', '10:21', '19:27', '9:06', '10:08', '19:32', '9:24', '10:27', '19:55', '9:28', '10:22', '19:12', '8:50', '', '', '00:00', '10:02', '19:15', '9:13', '10:24', '19:17', '8:53', '10:24', '19:14', '8:50', '10:35', '19:16', '8:41', '', '', '00:00', '10:35', '', '00:00', '', '', '00:00', '10:26', '19:20', '8:54', '10:44', '19:39', '8:55', '10:19', '19:37', '9:18', 0, 5, '2018-02-05 00:48:59', 5, '2018-02-05 00:48:59'),
(36, 16, 9, '01', '2018', '', '', '00:00', '10:17', '19:38', '9:21', '10:02', '19:13', '9:11', '09:55', '20:05', '10:10', '', '', '00:00', '', '', '00:00', '', '', '00:00', '', '', '00:00', '09:43', '19:48', '10:05', '09:54', '19:24', '9:30', '09:45', '19:12', '9:27', '09:53', '19:04', '9:11', '', '', '00:00', '', '', '00:00', '09:57', '19:30', '9:33', '09:43', '19:29', '9:46', '09:53', '19:23', '9:27', '09:48', '19:26', '9:38', '09:54', '19:27', '9:33', '09:48', '19:15', '9:25', '', '', '00:00', '09:47', '19:19', '9:32', '09:56', '19:28', '9:32', '09:49', '19:27', '9:38', '10:05', '20:25', '10:20', '', '', '00:00', '09:35', '19:18', '9:43', '', '', '00:00', '09:38', '20:11', '10:33', '10:06', '20:43', '10:37', '09:53', '21:08', '11:15', 0, 5, '2018-02-05 00:48:59', 5, '2018-02-05 00:48:59'),
(37, 17, 15, '01', '2018', '', '', '00:00', '10:00', '18:07', '8:07', '10:11', '16:00', '5:49', '09:38', '18:33', '8:55', '10:11', '18:58', '8:47', '09:39', '18:37', '8:58', '', '', '00:00', '09:54', '18:29', '8:35', '', '', '00:00', '09:53', '18:30', '8:37', '09:52', '18:40', '8:48', '10:10', '15:36', '5:26', '', '', '00:00', '', '', '00:00', '09:31', '19:03', '9:32', '10:04', '19:29', '9:25', '09:51', '14:12', '4:21', '09:51', '14:38', '4:47', '09:46', '19:13', '9:27', '09:49', '18:35', '8:46', '', '', '00:00', '09:57', '18:41', '8:44', '09:51', '18:38', '8:47', '10:04', '18:44', '8:40', '09:36', '18:58', '9:22', '', '', '00:00', '09:51', '18:37', '8:46', '', '', '00:00', '09:59', '19:02', '9:03', '', '', '00:00', '10:05', '19:19', '9:14', 0, 5, '2018-02-05 00:48:59', 5, '2018-02-05 00:48:59'),
(38, 18, 12, '01', '2018', '', '', '00:00', '', '', '00:00', '10:08', '19:05', '8:57', '10:28', '19:10', '8:42', '10:07', '19:07', '9:00', '10:10', '19:08', '8:58', '', '', '00:00', '10:08', '19:08', '9:00', '10:23', '19:08', '8:44', '10:08', '19:11', '9:03', '10:06', '19:07', '9:01', '10:09', '19:04', '8:55', '', '', '00:00', '', '', '00:00', '10:03', '19:10', '9:07', '10:03', '19:05', '9:02', '10:08', '19:06', '8:58', '10:05', '19:05', '9:00', '10:09', '19:10', '9:01', '10:08', '16:37', '6:29', '', '', '00:00', '10:37', '19:08', '8:31', '10:09', '19:09', '9:00', '', '', '00:00', '10:08', '19:10', '9:02', '', '', '00:00', '10:05', '12:44', '2:39', '', '', '00:00', '10:33', '19:08', '8:35', '10:32', '19:10', '8:38', '11:11', '19:07', '7:56', 0, 5, '2018-02-05 00:48:59', 5, '2018-02-05 00:48:59'),
(39, 9, 18, '01', '2018', NULL, NULL, '0', NULL, NULL, '0', NULL, NULL, '0', NULL, NULL, '0', NULL, NULL, '0', NULL, NULL, '0', NULL, NULL, '0', NULL, NULL, '0', NULL, NULL, '0', NULL, NULL, '0', '', '', '00:00', '11:54', '19:00', '7:06', '', '', '00:00', '', '', '00:00', '09:44', '19:27', '9:43', '09:58', '19:17', '9:19', '09:57', '19:17', '9:20', '09:40', '19:24', '9:44', '09:38', '19:27', '9:49', '09:52', '19:13', '9:21', '', '', '00:00', '09:40', '19:16', '9:36', '09:41', '19:19', '9:38', '09:43', '19:19', '9:36', '09:40', '19:42', '10:02', '', '', '00:00', '09:36', '19:24', '9:48', '', '', '00:00', '09:24', '19:20', '9:51', '09:35', '19:12', '9:37', '09:36', '19:21', '9:45', 0, 5, '2018-02-05 00:48:59', 5, '2018-02-05 00:48:59'),
(40, 9, 20, '01', '2018', NULL, NULL, '0', NULL, NULL, '0', NULL, NULL, '0', NULL, NULL, '0', NULL, NULL, '0', NULL, NULL, '0', NULL, NULL, '0', NULL, NULL, '0', NULL, NULL, '0', NULL, NULL, '0', NULL, NULL, '0', NULL, NULL, '0', NULL, NULL, '0', NULL, NULL, '0', NULL, NULL, '0', NULL, NULL, '0', NULL, NULL, '0', NULL, NULL, '0', NULL, NULL, '0', NULL, NULL, '0', NULL, NULL, '0', '13:36', '19:06', '5:30', '10:32', '19:09', '8:37', '10:00', '19:23', '9:23', '10:31', '19:50', '9:19', '', '', '00:00', '10:14', '19:11', '8:57', '', '', '00:00', '10:08', '19:08', '9:00', '10:08', '19:11', '9:03', '10:03', '19:39', '9:36', 0, 5, '2018-02-05 00:48:59', 5, '2018-02-05 00:48:59'),
(41, 9, 31, '01', '2018', NULL, NULL, '0', NULL, NULL, '0', NULL, NULL, '0', NULL, NULL, '0', NULL, NULL, '0', NULL, NULL, '0', NULL, NULL, '0', NULL, NULL, '0', NULL, NULL, '0', NULL, NULL, '0', NULL, NULL, '0', NULL, NULL, '0', NULL, NULL, '0', NULL, NULL, '0', NULL, NULL, '0', NULL, NULL, '0', NULL, NULL, '0', NULL, NULL, '0', NULL, NULL, '0', NULL, NULL, '0', NULL, NULL, '0', NULL, NULL, '0', NULL, NULL, '0', NULL, NULL, '0', NULL, NULL, '0', NULL, NULL, '0', NULL, NULL, '0', NULL, NULL, '0', '', '', '00:00', '12:30', '19:20', '6:50', '09:53', '19:18', '9:25', 0, 5, '2018-02-05 00:48:59', 5, '2018-02-05 00:48:59');

-- --------------------------------------------------------

--
-- Table structure for table `bank_details`
--

CREATE TABLE `bank_details` (
  `bd_id` int(11) NOT NULL,
  `can_id` int(11) NOT NULL,
  `bank_name` varchar(50) NOT NULL,
  `branch` varchar(50) NOT NULL,
  `account_number` varchar(20) NOT NULL,
  `ifsc` varchar(32) NOT NULL,
  `beneficiary_id` varchar(50) NOT NULL,
  `transaction_type` varchar(50) NOT NULL DEFAULT 'WIB',
  `is_deleted` tinyint(4) NOT NULL,
  `bank_statement_path` varchar(255) DEFAULT NULL,
  `bank_statement_name` varchar(255) DEFAULT NULL,
  `created_on` timestamp NOT NULL DEFAULT CURRENT_TIMESTAMP,
  `created_by` int(11) NOT NULL,
  `last_modified_on` datetime DEFAULT CURRENT_TIMESTAMP ON UPDATE CURRENT_TIMESTAMP,
  `last_modified_by` int(11) NOT NULL
) ENGINE=InnoDB DEFAULT CHARSET=latin1;

--
-- Dumping data for table `bank_details`
--

INSERT INTO `bank_details` (`bd_id`, `can_id`, `bank_name`, `branch`, `account_number`, `ifsc`, `beneficiary_id`, `transaction_type`, `is_deleted`, `bank_statement_path`, `bank_statement_name`, `created_on`, `created_by`, `last_modified_on`, `last_modified_by`) VALUES
(1, 12, 'Bank Of Maharastra', 'Bank Of Maharastra, Kalwa West (706), Thane-400605', '68004333430', 'MAHB0000706', '', 'WIB', 0, '/var/www/html/hrms365/uploads/12/', '1517382885acc_statement.pdf', '2018-01-31 12:44:45', 12, '2018-02-03 01:32:26', 12),
(2, 29, '1234567890', 'nashik', '123456789000000', 'IBKL457895', '', 'WIB', 0, '/var/www/html/hrms365/uploads/29/', '1517385434acc_statement.png', '2018-01-31 01:27:14', 29, '2018-01-31 01:27:14', 29),
(3, 13, 'State Bank Of India', 'IIT POWAI', '30402925857', 'SBIN000110', '', 'WIB', 0, '/var/www/html/hrms365/uploads/13/', '1517398808acc_statement.txt', '2018-01-31 05:10:08', 13, '2018-01-31 05:10:08', 13),
(4, 14, 'ICICI', 'Powai', '002001621773', 'ICIC000002', '', 'WIB', 0, '/var/www/html/hrms365/uploads/14/', '1517398950acc_statement.txt', '2018-01-31 05:12:30', 14, '2018-01-31 05:12:30', 14),
(5, 22, 'ICICI', 'POWAI', '002001621455', 'ICIC000002', '', 'WIB', 0, '/var/www/html/hrms365/uploads/22/', '1517399174acc_statement.pdf', '2018-01-31 05:16:14', 22, '2018-01-31 05:16:14', 22),
(6, 23, 'ICICI Bank', 'Powai', '002001621449', 'ICIC000002', '', 'WIB', 0, '/var/www/html/hrms365/uploads/23/', '1517399202acc_statement.pdf', '2018-01-31 05:16:42', 23, '2018-01-31 05:16:42', 23),
(7, 24, 'Kotak Mahindra Bank', 'IFB, Worli', '56301010171230', 'KKBK000139', '', 'WIB', 0, '/var/www/html/hrms365/uploads/24/', '1517403751acc_statement.pdf', '2018-01-31 06:32:31', 24, '2018-01-31 06:32:31', 24),
(8, 11, 'ICIC', 'POWAI', '002001621770', 'ICIC000000', '', 'WIB', 0, '/var/www/html/hrms365/uploads/11/', '1517460831acc_statement.png', '2018-02-01 10:23:51', 11, '2018-02-02 10:46:34', 11),
(9, 15, 'Bank of Maharashtra', 'Uran', '60019581747', 'MAHB0000086', '21321321321', 'NFT', 0, '/var/www/html/hrms365/uploads/15/', '1517640510acc_statement.jpg', '2018-02-03 12:18:30', 15, '2018-02-10 01:12:58', 9),
(10, 9, 'ICICI', 'Vashi', '121212121221122', 'ICIC5646565', '892373246', 'WIB', 0, '/var/www/html/hrms/uploads/9/', '1518169167acc_statement.png', '2018-02-08 21:39:27', 5, '2018-02-10 01:09:24', 9),
(11, 7, 'ICICI', 'Vashi', '121212121212121', 'ICIC7878789', '121334345345', 'WIB', 0, '/var/www/html/hrms/uploads/7/', '1518169276acc_statement.png', '2018-02-08 21:41:16', 5, '2018-02-10 01:10:14', 9);

-- --------------------------------------------------------

--
-- Table structure for table `billing`
--

CREATE TABLE `billing` (
  `bill_id` int(11) NOT NULL,
  `can_id` int(11) NOT NULL,
  `rate_per_hr` double NOT NULL,
  `rate_per_day` double NOT NULL,
  `rate_per_week` double NOT NULL,
  `rate_per_month` double NOT NULL,
  `rate_per_year` double NOT NULL,
  `effective_from` date NOT NULL,
  `effective_to` date NOT NULL,
  `is_deleted` tinyint(1) NOT NULL,
  `amount` varchar(45) NOT NULL,
  `rate_type` varchar(45) NOT NULL,
  `review_date` date DEFAULT NULL,
  `created_on` timestamp NOT NULL DEFAULT CURRENT_TIMESTAMP,
  `created_by` int(11) NOT NULL,
  `last_modified_on` timestamp NOT NULL DEFAULT CURRENT_TIMESTAMP ON UPDATE CURRENT_TIMESTAMP,
  `last_modified_by` int(11) NOT NULL
) ENGINE=InnoDB DEFAULT CHARSET=latin1;

-- --------------------------------------------------------

--
-- Table structure for table `birthday_likes`
--

CREATE TABLE `birthday_likes` (
  `like_id` int(11) NOT NULL,
  `can_id` int(11) NOT NULL,
  `like_from` int(11) NOT NULL,
  `on_date` timestamp NOT NULL DEFAULT CURRENT_TIMESTAMP
) ENGINE=InnoDB DEFAULT CHARSET=latin1;

--
-- Dumping data for table `birthday_likes`
--

INSERT INTO `birthday_likes` (`like_id`, `can_id`, `like_from`, `on_date`) VALUES
(1, 12, 7, '2018-02-07 20:41:14');

-- --------------------------------------------------------

--
-- Table structure for table `birthday_wishes`
--

CREATE TABLE `birthday_wishes` (
  `id` int(11) NOT NULL,
  `can_id` int(11) NOT NULL,
  `wish_to` int(11) NOT NULL,
  `on_date` timestamp NOT NULL DEFAULT CURRENT_TIMESTAMP,
  `message` varchar(500) NOT NULL,
  `is_deleted` tinyint(1) NOT NULL DEFAULT '0'
) ENGINE=InnoDB DEFAULT CHARSET=latin1;

--
-- Dumping data for table `birthday_wishes`
--

INSERT INTO `birthday_wishes` (`id`, `can_id`, `wish_to`, `on_date`, `message`, `is_deleted`) VALUES
(1, 7, 12, '2018-02-07 20:41:01', 'Happy Birthday Dear!', 0),
(2, 9, 12, '2018-02-07 20:41:17', 'Happy Birthday Tester Madam !!!', 0);

-- --------------------------------------------------------

--
-- Stand-in structure for view `birthday_wishesh_view`
--
CREATE TABLE `birthday_wishesh_view` (
`can_id` int(11)
,`can_name` varchar(50)
,`email` varchar(50)
,`profile_picture` varchar(255)
,`dob` date
,`month_dob` int(2)
,`date_dob` int(2)
,`title` varchar(250)
);

-- --------------------------------------------------------

--
-- Table structure for table `bulk_mail`
--

CREATE TABLE `bulk_mail` (
  `mail_id` int(11) NOT NULL,
  `departments` text,
  `recipients` text,
  `subject` text,
  `message` text,
  `is_deleted` tinyint(1) NOT NULL DEFAULT '0',
  `created_by` int(11) NOT NULL,
  `created_on` timestamp NOT NULL DEFAULT CURRENT_TIMESTAMP,
  `last_modified_by` int(11) NOT NULL,
  `last_modified_on` timestamp NOT NULL DEFAULT CURRENT_TIMESTAMP ON UPDATE CURRENT_TIMESTAMP
) ENGINE=InnoDB DEFAULT CHARSET=latin1;

-- --------------------------------------------------------

--
-- Table structure for table `candidate`
--

CREATE TABLE `candidate` (
  `can_id` int(11) NOT NULL,
  `emp_code` varchar(255) NOT NULL,
  `can_name` varchar(50) NOT NULL,
  `cur_address` varchar(255) NOT NULL,
  `per_address` varchar(255) NOT NULL,
  `email` varchar(50) NOT NULL,
  `password` varchar(100) NOT NULL,
  `phone1` varchar(15) NOT NULL,
  `phone2` varchar(15) NOT NULL,
  `education` varchar(30) NOT NULL,
  `current_ctc` double NOT NULL,
  `expected_ctc` double NOT NULL,
  `emer_contact_name` varchar(50) NOT NULL,
  `emer_contact_no` varchar(15) NOT NULL,
  `ready_to_relocate` tinyint(1) NOT NULL,
  `can_type` varchar(15) NOT NULL DEFAULT 'user',
  `pan_no` varchar(10) NOT NULL,
  `aadhar_no` varchar(14) NOT NULL,
  `blood_group` varchar(10) NOT NULL,
  `is_active` tinyint(1) NOT NULL DEFAULT '0',
  `is_deleted` tinyint(4) NOT NULL DEFAULT '0',
  `login_status` tinyint(4) NOT NULL DEFAULT '0',
  `job_profile` varchar(100) NOT NULL,
  `department` int(11) DEFAULT '0',
  `dob` date DEFAULT NULL,
  `gender` tinyint(4) NOT NULL,
  `joining_date` date DEFAULT NULL,
  `probation_period` int(11) DEFAULT NULL,
  `probation_end_date` date DEFAULT NULL,
  `reporting_to` int(11) DEFAULT NULL,
  `role_id` int(11) NOT NULL,
  `reset_code` varchar(255) NOT NULL,
  `profile_picture` varchar(255) DEFAULT NULL,
  `created_by` int(11) NOT NULL,
  `created_on` timestamp NOT NULL DEFAULT CURRENT_TIMESTAMP,
  `last_modified_on` timestamp NOT NULL DEFAULT CURRENT_TIMESTAMP ON UPDATE CURRENT_TIMESTAMP,
  `last_modified_by` int(11) NOT NULL
) ENGINE=InnoDB DEFAULT CHARSET=latin1;

--
-- Dumping data for table `candidate`
--

INSERT INTO `candidate` (`can_id`, `emp_code`, `can_name`, `cur_address`, `per_address`, `email`, `password`, `phone1`, `phone2`, `education`, `current_ctc`, `expected_ctc`, `emer_contact_name`, `emer_contact_no`, `ready_to_relocate`, `can_type`, `pan_no`, `aadhar_no`, `blood_group`, `is_active`, `is_deleted`, `login_status`, `job_profile`, `department`, `dob`, `gender`, `joining_date`, `probation_period`, `probation_end_date`, `reporting_to`, `role_id`, `reset_code`, `profile_picture`, `created_by`, `created_on`, `last_modified_on`, `last_modified_by`) VALUES
(1, 'MUM000001', 'Technical Head', 'badlapur', 'sangli', 'kunal456@gmail.com', '$2y$10$X.hlrgHObe207DQtJvn5HurRcS5OB/jzOpL8KOvoLoILQBllmH30a', '8652061153', '', '1', 15000, 20000, 'kunal 1', '8652061153', 1, 'Admin', 'AIYPD9748A', '1234 1234 1234', 'A+', 1, 1, 1, '13', 0, '1980-02-19', 1, '1970-01-01', NULL, NULL, 3, 11, 'a3VuYWw0NTZAZ21haWwuY29t', NULL, 0, '2017-12-05 05:09:46', '2018-02-03 10:00:31', 1),
(2, 'MUM000002', 'Kunal Dodake', 'admin', 'A 401, Building No2, Shri Siddhi Vinayak Park, Belvali Badlapur West', 'it@raoson.com', '$2y$10$X.hlrgHObe207DQtJvn5HurRcS5OB/jzOpL8KOvoLoILQBllmH30a', '8652061153', '', '3', 0, 0, '', '', 0, 'Admin', 'AIYPD9748A', '5454 5645 4545', 'A+', 1, 0, 1, '17', 1, '1980-08-05', 1, '2017-09-27', NULL, NULL, 3, 11, '', NULL, 1, '2017-12-14 14:26:50', '2018-02-09 05:36:11', 2),
(3, 'MUM000003', 'Nayan Rao', 'Dombiwali', '', 'rao@raoson.com', '$2y$10$X.hlrgHObe207DQtJvn5HurRcS5OB/jzOpL8KOvoLoILQBllmH30a', '1234567890', '', '', 0, 0, '', '', 0, 'Admin', 'AACRJ8856I', '1234 5678 9905', 'A+', 1, 0, 1, '28', 5, '1980-03-05', 1, '2017-07-05', NULL, NULL, NULL, 2, '', NULL, 1, '2018-01-29 23:47:04', '2018-02-03 10:22:13', 1),
(4, 'MUM000004', 'Shree Shobha', '', '', 'shree@raoson.com', '$2y$10$X.hlrgHObe207DQtJvn5HurRcS5OB/jzOpL8KOvoLoILQBllmH30a', '', '', '', 0, 0, '', '', 0, 'Manager', '', '', '', 1, 0, 0, '', 0, NULL, 0, NULL, NULL, NULL, 3, 14, '', NULL, 1, '2018-01-29 23:47:33', '2018-02-03 10:00:48', 1),
(5, 'MUM000005', 'Supriya Gurav', 'Navi Mumbai', '', 'careers@raoson.com', '$2y$10$sfPTYlLr4jTLzHm.Ai17q.cwpKFY2JDcyE7UV5a/qiCMpYyb4n8Au', '8987987898', '', '3', 0, 0, '', '', 0, 'HR', 'ABSER4541', '1234 5678 9000', 'A+', 1, 0, 1, '8', 2, '1999-01-01', 0, '2018-01-01', NULL, NULL, 3, 5, '', 'exREZzsApb1517662010.png', 1, '2018-01-29 23:51:49', '2018-02-20 10:14:42', 1),
(6, 'MUM000006', 'Shyamal Rakhasia', 'b-301, Gaurav Residency, Phase 1,\r\nBeverly Park, Kanakia, Mira Road East', 'b-301, Gaurav Residency, Phase 1,\r\nBeverly Park, Kanakia, Mira Road East', 'digitalmarketing@raoson.com', '$2y$10$X.hlrgHObe207DQtJvn5HurRcS5OB/jzOpL8KOvoLoILQBllmH30a', '8291144797', '', '10', 0, 0, 'Hemali Rakhasia', '7021471849', 0, 'user', 'AKFPR2428C', '5109 9228 2431', 'B+', 1, 0, 1, '16', 3, '1981-08-16', 1, '2017-08-26', NULL, NULL, 3, 14, '', NULL, 1, '2018-01-29 23:54:14', '2018-02-03 10:22:13', 6),
(7, 'MUM000007', 'Harshali Maku', 'E-8/401, Sec -18, Near Cidco Vinayak Mandir, New Panvel.\r\nPin - 410206', 'At Post Shivaji Nagar Koliwada, Murud-Janjira, Raigad.\r\nPin -402401', 'harshali@raoson.com', '$2y$10$X.hlrgHObe207DQtJvn5HurRcS5OB/jzOpL8KOvoLoILQBllmH30a', '8097618205', '8097955115', '9', 0, 0, 'Romali', '8898803495', 0, 'user', 'CGHPM2887A', '7897 9879 8797', 'B+', 1, 0, 1, '2', 1, '1990-09-09', 0, '2017-10-23', 3, '1970-04-01', 9, 14, '', NULL, 1, '2018-01-29 23:57:27', '2018-02-10 07:18:37', 5),
(8, 'MUM000008', 'Prathamesh', 'Panvel1', 'Panvel1', 'prathamesh@raoson.com', '$2y$10$X.hlrgHObe207DQtJvn5HurRcS5OB/jzOpL8KOvoLoILQBllmH30a', '8286566801', '878787878', '', 10000, 12000, 'Aish', '648545554', 0, 'user', 'AOKPT0214M', '54555454542', 'A+', 1, 0, 1, '2', 1, '1990-09-11', 0, '2017-11-01', 6, '2018-05-01', NULL, 11, 'cHJhdGhhbWVzaEByYW9zb24uY29t', NULL, 1, '2018-01-30 00:04:38', '2018-02-21 06:35:49', 1),
(9, 'MUM000009', 'Prasad Gulawani', 'D-21, Durga Krupa, Near Ballaleshwar Temple, Old Panvel.', '', 'prasad@raoson.com', '$2y$10$aUc4gI4Wt6N4wggmu0nmMuYPYotkB/YtX1A/bOGSjilZTEbigaz1O', '9422494484', '', '9', 0, 0, '', '', 0, 'HR', 'LASKD8979S', '6545 6832 1165', 'A+', 1, 0, 1, '2', 1, '1987-10-03', 1, '2018-01-01', 3, '2018-04-01', 2, 5, '', NULL, 1, '2018-01-30 00:05:06', '2018-02-20 12:58:55', 5),
(10, 'MUM0000010', 'Sanjivani Shinde', 'C-102, Channel Star, Sec 16\r\nNavi Mumbai', 'C-102, Channel Star, Sec 16\r\nNavi Mumbai', 'sanjivani@raoson.com', '$2y$10$X.hlrgHObe207DQtJvn5HurRcS5OB/jzOpL8KOvoLoILQBllmH30a', '7738540471', '', '', 0, 0, '', '', 0, 'user', '', '', 'A+', 1, 0, 1, '', 0, '1990-10-29', 0, '0000-00-00', NULL, NULL, 29, 14, 'c2Fuaml2YW5pQHJhb3Nvbi5jb20=', NULL, 1, '2018-01-30 00:05:27', '2018-02-12 06:41:00', 10),
(11, 'MUM0000011', 'Suchita', '004, Vasant Villa, Pen-Raigad, 402107', '205, Govind Anmol, Lokhandi Pada, Panvel-Raigad, 410206', 'suchita@raoson.com', '$2y$10$X.hlrgHObe207DQtJvn5HurRcS5OB/jzOpL8KOvoLoILQBllmH30a', '9860655521', '', '9', 0, 0, '', '', 0, 'user', 'AAQPZ5707P', '1111 1111 1111', 'A+', 1, 0, 1, '2', 1, '1990-07-27', 0, '2017-12-01', 0, '0000-00-00', 3, 14, '', NULL, 1, '2018-01-30 00:05:43', '2018-02-03 00:28:11', 5),
(12, 'MUM0000012', 'Savita Shiriskar', 'A-23, CHS, Aainagar, Old Belapur Road, Kalwa West, Thane-400605', 'A-23, CHS, Aainagar, Old Belapur Road, Kalwa West, Thane-400605', 'savita@raoson.com', '$2y$10$X.hlrgHObe207DQtJvn5HurRcS5OB/jzOpL8KOvoLoILQBllmH30a', '9930011294', '9930011254', '9', 0, 0, 'Manish', '9323738319', 1, 'user', 'FEHST4333R', '1234 5678 9098', 'B+', 1, 0, 1, '29', 1, '1988-02-08', 0, '1970-01-01', 0, '1970-01-01', 2, 14, '', NULL, 1, '2018-01-30 00:06:12', '2018-02-03 00:46:09', 5),
(13, 'MUM0000013', 'Amol Raosaheb Desai', 'Room No-460, Behind Lokmanya Tilak Engg. College, Opposite Vardhvinayak Mandir, Sector-4, Koparkhairane, pin-400709, Navi Mumbai.', '2462, Balwant Nivas, Ayodhya Nagar, Ajara Road, Gadhinglaj, Dist- Kolhapur, 416502', 'amol@raoson.com', '$2y$10$X.hlrgHObe207DQtJvn5HurRcS5OB/jzOpL8KOvoLoILQBllmH30a', '8454895722', '8421722142', '11', 0, 0, 'Deepak Gare', '9552598224', 1, 'user', 'ATAPD2499R', '4488 3514 5549', 'A+', 1, 0, 1, '3', 1, '1988-07-08', 1, '1970-01-01', NULL, NULL, 2, 14, '', NULL, 1, '2018-01-30 00:06:30', '2018-02-03 10:22:13', 13),
(14, 'MUM0000014', 'Umesh', 'Nerul, Sector 16A', '', 'umesh@raoson.com', '$2y$10$X.hlrgHObe207DQtJvn5HurRcS5OB/jzOpL8KOvoLoILQBllmH30a', '8319389221', '8319389221', '5', 0, 0, '', '', 1, 'user', 'BKHPN2769P', '8952 8239 0296', 'O+', 1, 0, 1, '2', 1, '1993-01-14', 1, '0000-00-00', NULL, NULL, 29, 14, '', NULL, 1, '2018-01-30 00:06:48', '2018-02-03 10:22:13', 14),
(15, 'MUM0000015', 'Sheefa Muqri', '913, 1st Floor Baitul Sugra Opposite Salt Office Uran-Mora Road (Bhawra) Uran.\r\nNavi Mumbai - 400704\r\nMaharashtra - India', '', 'sheefa@raoson.com', '$2y$10$X.hlrgHObe207DQtJvn5HurRcS5OB/jzOpL8KOvoLoILQBllmH30a', '7021944955', '', '7', 0, 0, '', '', 0, 'user', 'FGFHF6757G', '4564 5645 6456', 'O+', 1, 0, 1, '3', 1, '1992-06-03', 0, '2017-11-04', 0, '1970-01-01', 29, 14, 'c2hlZWZhQHJhb3Nvbi5jb20=', NULL, 1, '2018-01-30 00:07:04', '2018-02-19 12:02:42', 5),
(16, 'MUM0000016', 'Jyotsna Chavan', 'Shivaji nagar,Balkum,Thane(w)', 'Siddhi app,Durgesh park,kalher,Thane(w)', 'jyotsna@raoson.com', '$2y$10$X.hlrgHObe207DQtJvn5HurRcS5OB/jzOpL8KOvoLoILQBllmH30a', '8108238767', '8530110152', '5', 0, 0, 'Balkrishna chavan', '8691010943', 0, 'user', 'BBXPC7036H', '5229 7965 5529', 'B+', 1, 0, 1, '2', 1, '1996-01-30', 0, '0000-00-00', NULL, NULL, 29, 14, '', NULL, 1, '2018-01-30 00:07:21', '2018-02-03 10:22:13', 16),
(17, 'MUM0000017', 'Sarmistha', 'Palava, Dombivali(E),\r\n', 'Bhubaneswar,\r\nOdisha', 'sarmistha@raoson.com', '$2y$10$X.hlrgHObe207DQtJvn5HurRcS5OB/jzOpL8KOvoLoILQBllmH30a', '9100496907', '', '4', 0, 0, '', '', 0, 'user', 'ASAPJ9579R', '6146 3699 8729', 'O+', 1, 0, 1, '2', 1, '1987-11-02', 0, '1970-01-01', NULL, NULL, 29, 14, '', NULL, 1, '2018-01-30 00:07:38', '2018-02-03 10:05:01', 17),
(18, 'MUM0000018', 'Suraj Gawade', 'Motilal Rahivashi Sangh, Amir  Baug No.2,Chawl No.F ,Room No.17 ,Chembur ,Mumbai-400089', 'At Post:Kharshi Baramure Tal:jaoli, Dist:Satara', 'suraj@raoson.com', '$2y$10$X.hlrgHObe207DQtJvn5HurRcS5OB/jzOpL8KOvoLoILQBllmH30a', '8975744481', '8355891163', '5', 0, 0, '', '', 1, 'user', 'BRSPG4424N', '2091 8607 3231', 'A+', 1, 0, 1, '2', 1, '1994-02-19', 1, '2018-01-11', NULL, NULL, 29, 14, '', NULL, 1, '2018-01-30 00:07:55', '2018-02-03 10:22:13', 18),
(19, 'MUM0000019', 'Sharvari', '402,Suncity appartment\r\nPlot 43,Sector 44\r\nHP petrol pump landmark\r\nSeawood Darave(west)\r\nNavi Mumbai', 'Main Road,Sangrul\r\nKuditre,Karveer\r\nKolhapur\r\nPinCode-416204', 'sharvari@raoson.com', '$2y$10$X.hlrgHObe207DQtJvn5HurRcS5OB/jzOpL8KOvoLoILQBllmH30a', '9004879080', '8291127435', '7', 0, 0, 'Dr Sarjerao Chabuk ', '9421202486', 0, 'user', 'BHWPC9162P', '9010 6267 5571', 'O+', 1, 0, 1, '2', 1, '1993-06-30', 0, '1970-01-01', NULL, NULL, 29, 14, '', NULL, 1, '2018-01-30 00:08:13', '2018-02-03 10:05:01', 19),
(20, 'MUM0000020', 'Smita Shinde', 'Sonabai wadi, Near Metal box company no. 2 , Deonar village, Govandi. Mumbai- 400088. Maharashtra. India.', '101- A- wing, Shweta building, Om nagar, Vasai Road (West). Palghar- 401202. Maharashtra. India.', 'smita@raoson.com', '$2y$10$X.hlrgHObe207DQtJvn5HurRcS5OB/jzOpL8KOvoLoILQBllmH30a', '8446522227', '9892818361', '2', 0, 0, 'Subhash Shinde', '9892818361', 1, 'user', 'BXJPS4320Q', '7523 1132 5758', 'O+', 1, 0, 1, '30', 7, '1986-05-05', 0, '1970-01-01', NULL, NULL, 6, 14, '', NULL, 1, '2018-01-30 00:08:33', '2018-02-03 10:05:01', 20),
(21, 'MUM0000021', 'Aniket', '', '', 'aniket@raoson.com', '$2y$10$X.hlrgHObe207DQtJvn5HurRcS5OB/jzOpL8KOvoLoILQBllmH30a', '', '', '', 0, 0, '', '', 0, 'user', '', '', '', 1, 0, 1, '', 0, NULL, 0, NULL, NULL, NULL, 6, 14, '', NULL, 1, '2018-01-30 00:08:50', '2018-02-03 10:05:01', 1),
(22, 'MUM0000022', 'Purvaja Jagdish Ramteke', '1301-A Wing, Tulsi Aura, Plot No.20-21, Sector-8, Near Dmart, Ghansoli 400701', '1301-A Wing, Tulsi Aura, Plot No.20-21, Sector-8, Near Dmart, Ghansoli 400701', 'purvaja@raoson.com', '$2y$10$X.hlrgHObe207DQtJvn5HurRcS5OB/jzOpL8KOvoLoILQBllmH30a', '7045549512', '', '7', 0, 0, 'Jagdish Ramteke', '9323655551', 0, 'user', 'BAFPR1225J', '8396 2022 6590', 'B+', 1, 0, 1, '12', 3, '1991-03-02', 0, '2017-11-15', 0, '1970-01-01', 3, 14, '', NULL, 2, '2018-01-30 00:12:11', '2018-02-03 00:33:20', 5),
(23, 'MUM0000023', 'Kuldeep Singh Kumpawat', 'A/112, Room No. 4, Sector - 21, Near I.C.L School, Turbhe Navi Mumbai.', 'A/112, Room No. 4, Sector - 21, Near I.C.L School, Turbhe Navi Mumbai.', 'kuldeep@raoson.com', '$2y$10$X.hlrgHObe207DQtJvn5HurRcS5OB/jzOpL8KOvoLoILQBllmH30a', '8452961857', '9870789105', '2', 0, 0, 'Surender', '9870789105', 0, 'user', 'CLSPK4363F', '2849 1770 0218', 'AB+', 1, 0, 1, '12', 3, '1992-11-25', 1, '0000-00-00', NULL, NULL, 6, 14, '', NULL, 2, '2018-01-30 00:13:43', '2018-02-03 10:05:01', 23),
(24, 'MUM0000024', 'Anandi Darpel', '301, Tulsi Classic Building, Postal Colony, Chembur East, Mumbai - 400 071', '301, Tulsi Classic Building, Postal Colony, Chembur East, Mumbai - 400 071', 'anandi@raoson.com', '$2y$10$X.hlrgHObe207DQtJvn5HurRcS5OB/jzOpL8KOvoLoILQBllmH30a', '9920708037', '9820215020', '', 0, 0, ' Sandeep Darpel', '9820215020', 0, 'user', 'BOOPD9248E', '5462 5747 5460', 'A+', 1, 0, 1, '14', 3, '1991-05-20', 0, '1970-01-01', NULL, NULL, 6, 14, '', NULL, 2, '2018-01-30 00:14:11', '2018-02-03 10:05:01', 24),
(25, 'MUM0000025', 'Nida Naeem Hawaldar', 'Plot no.2/2027,Gajanan Colony, Govandi,Mumbai 400043', 'Plot no.2/2027,Gajanan Colony, Govandi,Mumbai 400043', 'nida@raoson.com', '$2y$10$X.hlrgHObe207DQtJvn5HurRcS5OB/jzOpL8KOvoLoILQBllmH30a', '9768769172', '9594386170', '3', 0, 0, 'Haseena', '9594386170', 0, 'user', 'AAAAA000', '5399 9839 7703', 'A+', 1, 0, 1, '18', 2, '1995-10-13', 0, '1970-01-01', NULL, NULL, 5, 14, '', NULL, 2, '2018-01-30 00:14:27', '2018-02-03 10:05:01', 25),
(26, 'MUM0000026', 'Nivedita', '', '', 'nivedita@raoson.com', '$2y$10$X.hlrgHObe207DQtJvn5HurRcS5OB/jzOpL8KOvoLoILQBllmH30a', '', '', '', 0, 0, '', '', 0, 'user', '', '', '', 1, 0, 1, '', 0, NULL, 0, NULL, NULL, NULL, 5, 14, '', NULL, 2, '2018-01-30 00:14:42', '2018-02-03 10:05:01', 2),
(27, 'MUM0000027', 'Nikhil', 'Al/5/22, Room no 9 , Shiv Vaibhav Apt, Sector 16, Airoli, Navi Mumbai, Near Datta Mandir, Pincode 400708', 'Al/5/22, Room no 9 , Shiv Vaibhav Apt, Sector 16, Airoli, Navi Mumbai, Near Datta Mandir, Pincode 400708', 'nikhil@raoson.com', '$2y$10$X.hlrgHObe207DQtJvn5HurRcS5OB/jzOpL8KOvoLoILQBllmH30a', '8419988222', '', '10', 0, 0, '', '', 0, 'user', 'ARMPQ1244D', '9975 6565 8411', 'B+', 1, 0, 1, '32', 1, '1989-10-08', 1, '1970-01-01', NULL, NULL, 2, 14, '', NULL, 2, '2018-01-30 00:15:10', '2018-02-03 10:05:01', 27),
(28, 'MUM0000028', 'Roshan', '', '', 'roshan@raoson.com', '$2y$10$X.hlrgHObe207DQtJvn5HurRcS5OB/jzOpL8KOvoLoILQBllmH30a', '', '', '', 0, 0, '', '', 0, 'user', '', '', '', 1, 0, 0, '', 0, NULL, 0, NULL, NULL, NULL, 6, 14, '', NULL, 2, '2018-01-30 00:15:27', '2018-02-03 10:05:01', 2),
(29, 'MUM0000029', 'Rakesh', 'Nashik', '', 'rakesh@raoson.com', '$2y$10$X.hlrgHObe207DQtJvn5HurRcS5OB/jzOpL8KOvoLoILQBllmH30a', '1234567890', '1245789654', '', 0, 0, '', '', 0, 'user', 'HFJHD4465J', '4152 4564 5645', 'A+', 1, 0, 1, '2', 1, '1987-05-15', 1, '2017-11-01', NULL, NULL, 2, 3, '', NULL, 2, '2018-01-30 00:53:26', '2018-02-03 10:22:13', 29),
(30, 'MUM0000030', 'Akshay', 'Shree Vinayka Apt-2,Plot No B-101, Room No 101, Sector 23 ,Nerul East , 400 706 ', 'Shree Vinayka Apt-2,Plot No B-101, Room No 101, Sector 23 ,Nerul East , 400 706 ', 'akshay@raoson.com', '$2y$10$X.hlrgHObe207DQtJvn5HurRcS5OB/jzOpL8KOvoLoILQBllmH30a', '9870028835', '', '10', 0, 0, 'Ankita ', '9890158652', 0, 'user', 'ARWPG3852H', '6175 4444 4946', 'A+', 1, 0, 1, '31', 3, '1988-07-28', 1, '0000-00-00', NULL, NULL, 6, 14, '', NULL, 2, '2018-01-31 04:57:27', '2018-02-03 10:22:13', 30),
(31, 'MUM0000031', 'Sneha Saini', 'Flat no.402, Brahamani Apt, sector-09, Plot no.168/169, New Panvel (east), Navi Mumbai -410206', 'same as above', 'accounts@raoson.com', '$2y$10$X.hlrgHObe207DQtJvn5HurRcS5OB/jzOpL8KOvoLoILQBllmH30a', '8879593629', '', '2', 0, 0, '', '', 0, 'user', 'DYIPS1538C', '4827 8729 7038', 'A+', 1, 0, 1, '7', 6, '1994-01-13', 0, '0000-00-00', NULL, NULL, 4, 14, '', NULL, 2, '2018-01-31 05:00:03', '2018-02-03 10:05:01', 31),
(33, '', 'Pradnya Chiplunkar', '', '', 'pradnya@raoson.com', '$2y$10$X.hlrgHObe207DQtJvn5HurRcS5OB/jzOpL8KOvoLoILQBllmH30a', '', '', '', 0, 0, '', '', 0, 'user', '', '', '', 1, 0, 0, '', 0, NULL, 0, NULL, NULL, NULL, 29, 14, '', NULL, 5, '2018-02-03 03:24:16', '2018-02-03 10:05:01', 5),
(34, 'MUM0000033', 'prathamesh', '', '', 'prathamesh1109@gmail.com', '$2y$10$Kr42EXtEAQUmSXygPVi2AuX4ATLvQMkepZvi8duh6gqUAu71K1.1a', '8286566801', '', '', 0, 0, '', '', 0, 'user', '', '', '', 1, 0, 0, '', 0, NULL, 0, NULL, NULL, NULL, 29, 14, '', NULL, 5, '2018-02-21 00:04:31', '2018-02-21 00:04:31', 5);

-- --------------------------------------------------------

--
-- Table structure for table `can_assessment`
--

CREATE TABLE `can_assessment` (
  `id` int(11) NOT NULL,
  `can_id` int(11) NOT NULL,
  `criteria_id` int(11) NOT NULL,
  `assesment_list_id` int(11) DEFAULT NULL,
  `max_value` varchar(32) DEFAULT NULL,
  `assess_value` int(11) NOT NULL,
  `is_deleted` tinyint(4) NOT NULL DEFAULT '0',
  `created_by` int(11) NOT NULL,
  `created_on` timestamp NOT NULL DEFAULT CURRENT_TIMESTAMP,
  `last_modified_on` timestamp NOT NULL DEFAULT CURRENT_TIMESTAMP ON UPDATE CURRENT_TIMESTAMP,
  `last_modified_by` int(11) NOT NULL
) ENGINE=InnoDB DEFAULT CHARSET=latin1;

-- --------------------------------------------------------

--
-- Table structure for table `can_assigned_assets`
--

CREATE TABLE `can_assigned_assets` (
  `can_asset_id` int(11) NOT NULL,
  `can_id` int(11) NOT NULL,
  `asset_id` int(11) NOT NULL,
  `quantity` int(11) NOT NULL,
  `status` int(11) NOT NULL,
  `created_on` timestamp NOT NULL DEFAULT CURRENT_TIMESTAMP,
  `created_by` int(11) NOT NULL,
  `last_modified_by` int(11) NOT NULL,
  `last_modified_on` timestamp NOT NULL DEFAULT CURRENT_TIMESTAMP ON UPDATE CURRENT_TIMESTAMP,
  `is_deleted` tinyint(4) DEFAULT '0'
) ENGINE=InnoDB DEFAULT CHARSET=latin1;

--
-- Dumping data for table `can_assigned_assets`
--

INSERT INTO `can_assigned_assets` (`can_asset_id`, `can_id`, `asset_id`, `quantity`, `status`, `created_on`, `created_by`, `last_modified_by`, `last_modified_on`, `is_deleted`) VALUES
(1, 38, 1, 2, 0, '2018-02-03 01:01:33', 22, 22, '2018-02-03 01:01:33', 0),
(2, 38, 2, 1, 0, '2018-02-03 01:05:01', 22, 22, '2018-02-03 01:05:01', 0);

-- --------------------------------------------------------

--
-- Table structure for table `can_leave_records`
--

CREATE TABLE `can_leave_records` (
  `id` int(11) NOT NULL,
  `can_id` int(11) NOT NULL,
  `can_doj` int(11) NOT NULL,
  `year` int(11) NOT NULL,
  `alloted_leave` float NOT NULL,
  `balance_leave` float NOT NULL,
  `alloted_sl` int(11) NOT NULL,
  `balance_sl` int(11) NOT NULL,
  `alloted_cl` int(11) NOT NULL,
  `balance_cl` int(11) NOT NULL,
  `alloted_pl` int(11) NOT NULL,
  `balance_pl` int(11) NOT NULL,
  `created_by` int(11) NOT NULL,
  `created_on` timestamp NOT NULL DEFAULT CURRENT_TIMESTAMP,
  `last_modified_on` datetime NOT NULL DEFAULT CURRENT_TIMESTAMP ON UPDATE CURRENT_TIMESTAMP,
  `last_modified_by` int(11) NOT NULL,
  `is_deleted` tinyint(1) NOT NULL DEFAULT '0'
) ENGINE=InnoDB DEFAULT CHARSET=latin1;

--
-- Dumping data for table `can_leave_records`
--

INSERT INTO `can_leave_records` (`id`, `can_id`, `can_doj`, `year`, `alloted_leave`, `balance_leave`, `alloted_sl`, `balance_sl`, `alloted_cl`, `balance_cl`, `alloted_pl`, `balance_pl`, `created_by`, `created_on`, `last_modified_on`, `last_modified_by`, `is_deleted`) VALUES
(1, 22, 0, 0, 2.25, 2.5, 6, 6, 6, 6, 15, 15, 0, '2017-12-30 12:33:37', '2018-02-03 18:02:05', 0, 0),
(2, 58, 0, 0, 15, 15, 0, 0, 0, 0, 0, 0, 0, '2017-12-30 12:55:22', '2017-12-30 18:25:22', 0, 0),
(3, 61, 0, 0, 23.5, 23.5, 0, 0, 0, 0, 0, 0, 0, '2017-12-30 12:55:42', '2017-12-30 18:25:42', 0, 0),
(4, 57, 0, 0, 24, 24, 0, 0, 0, 0, 0, 0, 0, '2017-12-30 12:56:54', '2017-12-30 18:26:54', 0, 0),
(5, 59, 0, 0, 22, 22, 0, 0, 0, 0, 0, 0, 0, '2017-12-30 12:57:04', '2017-12-30 18:27:04', 0, 0),
(6, 60, 0, 0, 9, 9, 0, 0, 0, 0, 0, 0, 0, '2017-12-30 12:58:20', '2017-12-30 18:28:20', 0, 0),
(7, 62, 0, 0, 6, 6, 0, 0, 0, 0, 0, 0, 0, '2018-01-02 05:15:09', '2018-01-02 10:45:09', 0, 0),
(8, 65, 0, 0, 23.5, 23.5, 0, 0, 0, 0, 0, 0, 0, '2018-01-03 07:24:50', '2018-01-03 12:54:50', 0, 0),
(9, 38, 0, 0, 4, 4, 0, 0, 0, 0, 0, 0, 0, '2018-01-03 07:39:24', '2018-01-03 13:09:24', 0, 0),
(10, 66, 0, 0, 2.5, 2.5, 0, 0, 0, 0, 0, 0, 0, '2018-01-03 08:09:27', '2018-01-03 13:39:27', 0, 0),
(11, 67, 0, 0, 24, 24, 0, 0, 0, 0, 0, 0, 0, '2018-01-03 09:18:11', '2018-01-03 14:48:11', 0, 0),
(12, 68, 0, 0, 24, 24, 0, 0, 0, 0, 0, 0, 0, '2018-01-03 09:45:38', '2018-01-03 15:15:38', 0, 0),
(13, 55, 0, 0, 5.5, 5.5, 0, 0, 0, 0, 0, 0, 0, '2018-01-03 10:03:25', '2018-01-03 15:33:25', 0, 0),
(14, 69, 0, 0, 24, 24, 0, 0, 0, 0, 0, 0, 0, '2018-01-03 10:29:30', '2018-01-03 15:59:30', 0, 0),
(15, 44, 0, 0, 0.5, 0.5, 0, 0, 0, 0, 0, 0, 0, '2018-01-03 11:07:44', '2018-01-03 16:37:44', 0, 0),
(16, 45, 0, 0, 4, 4, 0, 0, 0, 0, 0, 0, 0, '2018-01-03 12:18:05', '2018-01-03 17:48:05', 0, 0),
(17, 47, 0, 0, 23.5, 23.5, 0, 0, 0, 0, 0, 0, 0, '2018-01-20 06:15:33', '2018-01-20 11:45:33', 0, 0),
(18, 75, 0, 0, 23, 23, 0, 0, 0, 0, 0, 0, 0, '2018-01-22 06:56:05', '2018-01-22 12:26:05', 0, 0),
(19, 76, 0, 0, 22.5, 22.5, 0, 0, 0, 0, 0, 0, 0, '2018-01-22 08:05:39', '2018-01-22 13:35:39', 0, 0),
(20, 5, 0, 0, 2.25, 24, 0, 0, 0, 0, 0, 0, 0, '2018-01-30 14:28:41', '2018-02-01 04:36:56', 0, 0),
(21, 3, 0, 0, 2.25, 12, 0, 0, 0, 0, 0, 0, 0, '2018-01-30 14:45:25', '2018-02-01 04:36:56', 0, 0),
(22, 29, 0, 0, 2.25, 4, 0, 0, 0, 0, 0, 0, 0, '2018-01-30 14:49:55', '2018-02-01 04:36:56', 0, 0),
(23, 2, 0, 0, 6.5, 6.5, 0, 0, 0, 0, 0, 0, 0, '2018-01-30 15:05:03', '2018-02-03 07:48:25', 0, 0),
(24, 6, 0, 0, 2.25, 8.5, 0, 0, 0, 0, 0, 0, 0, '2018-01-31 05:45:18', '2018-02-01 04:36:56', 0, 0),
(25, 18, 0, 0, 0, 23.5, 0, 0, 0, 0, 0, 0, 0, '2018-01-31 05:50:23', '2018-02-01 04:36:56', 0, 0),
(26, 12, 0, 0, 0, 24, 6, 6, 6, 6, 15, 15, 0, '2018-01-31 07:16:43', '2018-02-03 17:52:26', 0, 0),
(27, 16, 0, 0, 0, 2.5, 0, 0, 0, 0, 0, 0, 0, '2018-01-31 07:35:49', '2018-02-01 04:36:56', 0, 0),
(28, 15, 0, 0, 4, 2, 6, 6, 6, 6, 15, 15, 0, '2018-01-31 07:47:15', '2018-02-09 17:24:04', 0, 0),
(29, 17, 0, 0, 0, 24, 0, 0, 0, 0, 0, 0, 0, '2018-01-31 11:27:08', '2018-02-01 04:36:56', 0, 0),
(30, 13, 0, 0, 0, 24, 0, 0, 0, 0, 0, 0, 0, '2018-01-31 11:36:12', '2018-02-01 04:36:56', 0, 0),
(31, 14, 0, 0, 0, 2.5, 0, 0, 0, 0, 0, 0, 0, '2018-01-31 11:36:54', '2018-02-01 04:36:56', 0, 0),
(32, 20, 0, 0, 0, 24, 0, 0, 0, 0, 0, 0, 0, '2018-01-31 11:37:34', '2018-02-01 04:36:56', 0, 0),
(33, 23, 0, 0, 0, 2.5, 0, 0, 0, 0, 0, 0, 0, '2018-01-31 11:38:58', '2018-02-01 04:36:56', 0, 0),
(34, 19, 0, 0, 24, 24, 0, 0, 0, 0, 0, 0, 0, '2018-01-31 11:59:57', '2018-02-02 13:18:47', 0, 0),
(35, 9, 0, 0, 0, 24, 6, 6, 6, 6, 15, 15, 0, '2018-01-31 12:11:16', '2018-02-09 15:09:59', 0, 0),
(36, 27, 0, 0, 0, 24, 0, 0, 0, 0, 0, 0, 0, '2018-01-31 12:29:24', '2018-02-01 07:46:22', 0, 0),
(37, 30, 0, 0, 0, 2.5, 0, 0, 0, 0, 0, 0, 0, '2018-01-31 12:29:51', '2018-02-01 04:36:56', 0, 0),
(38, 24, 0, 0, 0, 24, 0, 0, 0, 0, 0, 0, 0, '2018-01-31 12:42:22', '2018-02-01 04:36:56', 0, 0),
(39, 31, 0, 0, 0, 2.5, 0, 0, 0, 0, 0, 0, 0, '2018-01-31 12:42:27', '2018-02-01 04:36:56', 0, 0),
(40, 25, 0, 0, 0, 24, 0, 0, 0, 0, 0, 0, 0, '2018-01-31 13:26:43', '2018-02-01 04:36:56', 0, 0),
(41, 11, 0, 0, 24, 24, 6, 6, 6, 6, 15, 15, 0, '2018-02-01 04:51:32', '2018-02-03 17:58:11', 0, 0),
(42, 7, 0, 0, 24, 21, 6, 6, 6, 6, 15, 15, 0, '2018-02-03 06:24:32', '2018-02-10 12:52:09', 0, 0),
(43, 8, 0, 0, 2.5, 2.5, 0, 0, 0, 0, 0, 0, 0, '2018-02-03 06:26:37', '2018-02-03 06:26:37', 0, 0),
(44, 10, 0, 0, 2.5, 2.5, 0, 0, 0, 0, 0, 0, 0, '2018-02-03 06:37:53', '2018-02-03 06:37:53', 0, 0);

-- --------------------------------------------------------

--
-- Table structure for table `cities`
--

CREATE TABLE `cities` (
  `id` bigint(20) UNSIGNED NOT NULL,
  `city` varchar(100) NOT NULL
) ENGINE=InnoDB DEFAULT CHARSET=latin1;

--
-- Dumping data for table `cities`
--

INSERT INTO `cities` (`id`, `city`) VALUES
(1, 'Mumbai'),
(2, 'Delhi'),
(3, 'Bangalore'),
(4, 'Hyderabad'),
(5, 'Ahmedabad'),
(6, 'Chennai'),
(7, 'Kolkata'),
(8, 'Surat'),
(9, 'Pune'),
(10, 'Jaipur'),
(11, 'Lucknow'),
(12, 'Kanpur'),
(13, 'Nagpur'),
(14, 'Indore'),
(15, 'Thane'),
(16, 'Bhopal'),
(17, 'Visakhapatnam'),
(18, 'Pimpri-Chinchwad'),
(19, 'Patna'),
(20, 'Vadodara'),
(21, 'Ghaziabad'),
(22, 'Ludhiana'),
(23, 'Agra'),
(24, 'Nashik'),
(25, 'Faridabad'),
(26, 'Meerut'),
(27, 'Rajkot'),
(28, 'Kalyan-Dombivali'),
(29, 'Vasai-Virar'),
(30, 'Varanasi'),
(31, 'Srinagar'),
(32, 'Aurangabad'),
(33, 'Dhanbad'),
(34, 'Amritsar'),
(35, 'Navi Mumbai'),
(36, 'Allahabad'),
(37, 'Ranchi'),
(38, 'Howrah'),
(39, 'Coimbatore'),
(40, 'Jabalpur'),
(41, 'Gwalior'),
(42, 'Vijayawada'),
(43, 'Jodhpur'),
(44, 'Madurai'),
(45, 'Raipur'),
(46, 'Kota'),
(47, 'Guwahati'),
(48, 'Chandigarh'),
(49, 'Solapur'),
(50, 'Hubballi-Dharwad'),
(51, 'Bareilly'),
(52, 'Moradabad'),
(53, 'Mysore'),
(54, 'Gurgaon'),
(55, 'Aligarh'),
(56, 'Jalandhar'),
(57, 'Tiruchirappalli'),
(58, 'Bhubaneswar'),
(59, 'Salem'),
(60, 'Mira-Bhayandar'),
(61, 'Thiruvananthapuram'),
(62, 'Bhiwandi'),
(63, 'Saharanpur'),
(64, 'Gorakhpur'),
(65, 'Guntur'),
(66, 'Bikaner'),
(67, 'Amravati'),
(68, 'Noida'),
(69, 'Jamshedpur'),
(70, 'Bhilai'),
(71, 'Warangal'),
(72, 'Cuttack'),
(73, 'Firozabad'),
(74, 'Kochi'),
(75, 'Bhavnagar'),
(76, 'Dehradun'),
(77, 'Durgapur'),
(78, 'Asansol'),
(79, 'Nanded'),
(80, 'Kolhapur'),
(81, 'Ajmer'),
(82, 'Gulbarga'),
(83, 'Jamnagar'),
(84, 'Ujjain'),
(85, 'Loni'),
(86, 'Siliguri'),
(87, 'Jhansi'),
(88, 'Ulhasnagar'),
(89, 'Nellore'),
(90, 'Jammu'),
(91, 'Sangli-Miraj & Kupwad'),
(92, 'Belgaum'),
(93, 'Mangalore'),
(94, 'Ambattur'),
(95, 'Tirunelveli'),
(96, 'Malegaon'),
(97, 'Gaya'),
(98, 'Jalgaon'),
(99, 'Udaipur'),
(100, 'Maheshtala'),
(101, 'Tirupur'),
(102, 'Davanagere'),
(103, 'Kozhikode'),
(104, 'Akola'),
(105, 'Kurnool'),
(106, 'Rajpur Sonarpur'),
(107, 'Bokaro'),
(108, 'South Dumdum'),
(109, 'Bellary'),
(110, 'Patiala'),
(111, 'Gopalpur'),
(112, 'Agartala'),
(113, 'Bhagalpur'),
(114, 'Muzaffarnagar'),
(115, 'Bhatpara'),
(116, 'Panihati'),
(117, 'Latur'),
(118, 'Dhule'),
(119, 'Rohtak'),
(120, 'Korba'),
(121, 'Bhilwara'),
(122, 'Brahmapur'),
(123, 'Muzaffarpur'),
(124, 'Ahmednagar'),
(125, 'Mathura'),
(126, 'Kollam'),
(127, 'Avadi'),
(128, 'Rajahmundry'),
(129, 'Kadapa'),
(130, 'Kamarhati'),
(131, 'Bilaspur'),
(132, 'Shahjahanpur'),
(133, 'Bijapur'),
(134, 'Rampur'),
(135, 'Shivamogga?(Shimoga)'),
(136, 'Chandrapur'),
(137, 'Junagadh'),
(138, 'Thrissur'),
(139, 'Alwar'),
(140, 'Bardhaman'),
(141, 'Kulti'),
(142, 'Kakinada'),
(143, 'Nizamabad'),
(144, 'Parbhani'),
(145, 'Tumkur'),
(146, 'Hisar'),
(147, 'Ozhukarai'),
(148, 'Bihar Sharif'),
(149, 'Panipat'),
(150, 'Darbhanga'),
(151, 'Bally'),
(152, 'Aizawl'),
(153, 'Dewas'),
(154, 'Ichalkaranji'),
(155, 'Tirupati'),
(156, 'Karnal'),
(157, 'Bathinda'),
(158, 'Jalna'),
(159, 'Barasat'),
(160, 'Kirari Suleman Nagar'),
(161, 'Purnia'),
(162, 'Satna'),
(163, 'Mau'),
(164, 'Sonipat'),
(165, 'Farrukhabad'),
(166, 'Sagar'),
(167, 'Rourkela'),
(168, 'Durg'),
(169, 'Imphal'),
(170, 'Ratlam'),
(171, 'Hapur'),
(172, 'Anantapur'),
(173, 'Arrah'),
(174, 'Karimnagar'),
(175, 'Etawah'),
(176, 'Ambernath'),
(177, 'North Dumdum'),
(178, 'Bharatpur'),
(179, 'Begusarai'),
(180, 'New Delhi'),
(181, 'Gandhidham'),
(182, 'Baranagar'),
(183, 'Tiruvottiyur'),
(184, 'Puducherry'),
(185, 'Sikar'),
(186, 'Thoothukudi'),
(187, 'Rewa'),
(188, 'Mirzapur'),
(189, 'Raichur'),
(190, 'Pali'),
(191, 'Ramagundam'),
(192, 'Vizianagaram'),
(193, 'Katihar'),
(194, 'Haridwar'),
(195, 'Sri Ganganagar'),
(196, 'Karawal Nagar'),
(197, 'Nagercoil'),
(198, 'Mango'),
(199, 'Bulandshahr'),
(200, 'Thanjavur');

-- --------------------------------------------------------

--
-- Table structure for table `ci_voting`
--

CREATE TABLE `ci_voting` (
  `dv_id` int(11) NOT NULL,
  `dv_title` varchar(255) NOT NULL,
  `A` varchar(255) NOT NULL,
  `B` varchar(255) NOT NULL,
  `C` varchar(255) NOT NULL,
  `D` varchar(255) NOT NULL,
  `E` varchar(255) NOT NULL,
  `F` varchar(255) NOT NULL,
  `G` varchar(255) NOT NULL,
  `H` varchar(255) NOT NULL,
  `I` varchar(255) NOT NULL,
  `j` varchar(255) NOT NULL,
  `dv_state` tinyint(1) DEFAULT '0',
  `dv_created` int(11) NOT NULL,
  `is_active` tinyint(4) NOT NULL DEFAULT '1',
  `created_on` datetime NOT NULL DEFAULT CURRENT_TIMESTAMP,
  `created_by` int(11) NOT NULL,
  `last_modified_on` datetime NOT NULL DEFAULT CURRENT_TIMESTAMP ON UPDATE CURRENT_TIMESTAMP,
  `last_modified_by` int(11) NOT NULL
) ENGINE=MyISAM DEFAULT CHARSET=utf8;

--
-- Dumping data for table `ci_voting`
--

INSERT INTO `ci_voting` (`dv_id`, `dv_title`, `A`, `B`, `C`, `D`, `E`, `F`, `G`, `H`, `I`, `j`, `dv_state`, `dv_created`, `is_active`, `created_on`, `created_by`, `last_modified_on`, `last_modified_by`) VALUES
(3, 'Commodity  Training', 'Yes', 'No', 'Neutral', '', '', '', '', '', '', '', 1, 1515053429, 1, '2018-01-04 13:40:29', 0, '2018-01-04 13:40:29', 0),
(5, 'test', 'test1', '10', 'yes', '', '', '', '', '', '', '', 0, 1515476129, 0, '2018-01-09 11:05:29', 0, '2018-01-31 11:40:56', 0),
(6, 'poll1', 'test1', 'test2', '', '', '', '', '', '', '', '', 0, 1517337000, 0, '2018-01-31 06:20:12', 2, '2018-01-31 15:14:34', 2),
(7, 'Going to Conference', 'Non - Veg', 'Veg', '', '', '', '', '', '', '', '', 1, 1517423400, 1, '2018-02-01 02:55:26', 3, '2018-02-01 09:26:12', 3);

-- --------------------------------------------------------

--
-- Table structure for table `ci_voting_counter`
--

CREATE TABLE `ci_voting_counter` (
  `v_id` int(11) NOT NULL,
  `v_voting_id` int(11) NOT NULL,
  `v_column` varchar(255) NOT NULL,
  `v_data` varchar(255) NOT NULL,
  `v_value` int(1) NOT NULL DEFAULT '1',
  `v_vistor_ip` varchar(255) NOT NULL,
  `v_created` int(11) NOT NULL
) ENGINE=MyISAM DEFAULT CHARSET=utf8;

--
-- Dumping data for table `ci_voting_counter`
--

INSERT INTO `ci_voting_counter` (`v_id`, `v_voting_id`, `v_column`, `v_data`, `v_value`, `v_vistor_ip`, `v_created`) VALUES
(1, 5, 'C', 'yes', 1, '22', 0),
(2, 5, 'C', 'yes', 1, '12', 0),
(3, 3, 'A', 'Yes', 1, '3', 0),
(4, 7, 'B', 'Veg', 1, '3', 0);

-- --------------------------------------------------------

--
-- Table structure for table `client_handover`
--

CREATE TABLE `client_handover` (
  `ch_id` int(11) NOT NULL,
  `res_id` int(11) NOT NULL,
  `can_id` int(11) NOT NULL,
  `client_name` date DEFAULT NULL,
  `client_address` text,
  `client_contact_no` varchar(32) DEFAULT NULL,
  `last_dicussion` text,
  `details` text
) ENGINE=InnoDB DEFAULT CHARSET=latin1;

-- --------------------------------------------------------

--
-- Table structure for table `configuration_settings`
--

CREATE TABLE `configuration_settings` (
  `conf_id` int(11) NOT NULL,
  `user_add_permissions` int(11) DEFAULT NULL,
  `super_user_role_id` varchar(32) NOT NULL,
  `admin_user_role_id` varchar(32) NOT NULL,
  `hr_user_role_id` varchar(32) NOT NULL,
  `weekoff_sat` text,
  `hours_per_day` varchar(32) NOT NULL,
  `grace_time` varchar(32) NOT NULL,
  `half_hours_per_day` varchar(32) NOT NULL,
  `late_mark_time` varchar(32) NOT NULL,
  `office_out_time` varchar(32) NOT NULL,
  `hr_email` varchar(32) NOT NULL,
  `company_name` text NOT NULL,
  `email_id` varchar(32) NOT NULL,
  `address` text NOT NULL,
  `contact_no` text NOT NULL,
  `proxy_ips` text,
  `year_start_date` date DEFAULT NULL,
  `basic_percentage` varchar(6) NOT NULL,
  `PL` varchar(15) NOT NULL,
  `SL` varchar(6) NOT NULL,
  `CL` varchar(6) NOT NULL,
  `company_inner_logo` varchar(255) DEFAULT NULL,
  `company_outer_logo` varchar(255) DEFAULT NULL,
  `pre_outer_logo` varchar(255) NOT NULL,
  `pre_inner_logo` varchar(255) NOT NULL,
  `year_end_date` date DEFAULT NULL,
  `emp_code_prefix` varchar(50) NOT NULL,
  `sms_api_key` text,
  `sms_senderid` text,
  `sms_link` text,
  `sms_user` text,
  `sms_password` text,
  `bank_account_number` text,
  `account_holder_name` text,
  `remark_about_file` text,
  `bank_name` text,
  `ifsc_code` text,
  `branch_name` text,
  `branch_code` text,
  `currency` varchar(50) NOT NULL DEFAULT 'INR'
) ENGINE=InnoDB DEFAULT CHARSET=latin1;

--
-- Dumping data for table `configuration_settings`
--

INSERT INTO `configuration_settings` (`conf_id`, `user_add_permissions`, `super_user_role_id`, `admin_user_role_id`, `hr_user_role_id`, `weekoff_sat`, `hours_per_day`, `grace_time`, `half_hours_per_day`, `late_mark_time`, `office_out_time`, `hr_email`, `company_name`, `email_id`, `address`, `contact_no`, `proxy_ips`, `year_start_date`, `basic_percentage`, `PL`, `SL`, `CL`, `company_inner_logo`, `company_outer_logo`, `pre_outer_logo`, `pre_inner_logo`, `year_end_date`, `emp_code_prefix`, `sms_api_key`, `sms_senderid`, `sms_link`, `sms_user`, `sms_password`, `bank_account_number`, `account_holder_name`, `remark_about_file`, `bank_name`, `ifsc_code`, `branch_name`, `branch_code`, `currency`) VALUES
(1, 50, '11', '2', '5', '3', '9', '6', '4.5', '10.10', '19.00', 'careers@raoson.com', 'Raoson Business & Softtech Solution', 'hrms@raoson.com', '816, 8th Floor, DBS Business Center,The Corporate Park,<br>Sector:18, Vashi, Navi Mumbai', '02227771800 Ext.814', 'dsadasdsad', '2018-01-01', '30', '15', '6', '6', '1516864335rasonwhite.png', '1516864335outer_logo.png', '1516863219raoson-logo.jpg', '1516863219raoson-logo.jpg', '2018-12-31', 'MUM00000', '1E/0BjLQc/k-924H0NQSgI45bCBSjb46DWQna5B213', 'MYTEXT', 'https://api.textlocal.in/send/', 'it@raoson.com', 'Koonal291@', '196405000399', '196405000399', 'Salary Account Details', 'ICICI ', '123456789', 'Vashi', '1212', 'INR');

-- --------------------------------------------------------

--
-- Table structure for table `departments`
--

CREATE TABLE `departments` (
  `id` int(11) NOT NULL,
  `title` varchar(255) NOT NULL,
  `created_by` int(11) NOT NULL,
  `created_on` timestamp NOT NULL DEFAULT CURRENT_TIMESTAMP,
  `last_modified_on` timestamp NOT NULL DEFAULT CURRENT_TIMESTAMP ON UPDATE CURRENT_TIMESTAMP,
  `last_modified_by` int(11) NOT NULL,
  `is_deleted` tinyint(1) NOT NULL DEFAULT '0'
) ENGINE=InnoDB DEFAULT CHARSET=latin1;

--
-- Dumping data for table `departments`
--

INSERT INTO `departments` (`id`, `title`, `created_by`, `created_on`, `last_modified_on`, `last_modified_by`, `is_deleted`) VALUES
(1, 'IT', 11, '2017-12-20 02:14:01', '2017-12-20 02:14:01', 11, 0),
(2, 'HR', 11, '2017-12-20 02:14:01', '2017-12-20 09:55:33', 11, 0),
(3, 'Marketing', 11, '2017-12-20 02:16:23', '2017-12-20 02:16:23', 11, 0),
(4, 'Accounts', 1, '2017-12-23 07:35:02', '2017-12-23 07:35:02', 1, 0),
(5, 'Admin', 1, '2017-12-23 07:35:02', '2017-12-23 07:35:02', 1, 0),
(6, 'Finance', 1, '2017-12-23 07:35:02', '2017-12-23 07:35:02', 1, 0),
(7, 'Commodity', 1, '2017-12-23 07:35:02', '2017-12-23 07:35:02', 1, 0),
(8, 'Other', 1, '2018-01-02 07:25:16', '2018-01-02 07:25:16', 1, 0);

-- --------------------------------------------------------

--
-- Stand-in structure for view `dept_avg_salary_view`
--
CREATE TABLE `dept_avg_salary_view` (
`department_title` varchar(255)
,`average_salary` double
);

-- --------------------------------------------------------

--
-- Table structure for table `documents`
--

CREATE TABLE `documents` (
  `doc_id` int(11) NOT NULL,
  `can_id` int(11) NOT NULL,
  `doc_name` varchar(100) NOT NULL,
  `doc_path` varchar(255) NOT NULL,
  `thumb_path` varchar(255) NOT NULL,
  `is_deleted` tinyint(1) NOT NULL,
  `file_name` varchar(100) DEFAULT NULL,
  `created_on` timestamp NOT NULL DEFAULT CURRENT_TIMESTAMP,
  `created_by` int(11) NOT NULL,
  `last_modified_on` timestamp NOT NULL DEFAULT CURRENT_TIMESTAMP ON UPDATE CURRENT_TIMESTAMP,
  `last_modified_by` int(11) NOT NULL
) ENGINE=InnoDB DEFAULT CHARSET=latin1;

--
-- Dumping data for table `documents`
--

INSERT INTO `documents` (`doc_id`, `can_id`, `doc_name`, `doc_path`, `thumb_path`, `is_deleted`, `file_name`, `created_on`, `created_by`, `last_modified_on`, `last_modified_by`) VALUES
(1, 12, 'Test', '/var/www/html/hrms365/uploads/documents/', '/var/www/html/hrms365/uploads/documents/', 0, '1517383486Test.png', '2018-01-31 12:54:46', 12, '2018-01-31 12:54:46', 12),
(2, 12, 'test1', '/var/www/html/hrms365/uploads/documents/', '/var/www/html/hrms365/uploads/documents/', 1, '1517383590test1.png', '2018-01-31 12:56:30', 12, '2018-01-31 07:27:20', 12),
(3, 15, 'Resume', '/var/www/html/hrms365/uploads/documents/', '/var/www/html/hrms365/uploads/documents/', 1, '1517384977Resume.doc', '2018-01-31 01:19:37', 15, '2018-02-02 05:02:15', 15),
(4, 12, 'smiat', '/var/www/html/hrms365/uploads/documents/', '/var/www/html/hrms365/uploads/documents/', 1, '1517385297smiat.pdf', '2018-01-31 01:24:57', 12, '2018-02-03 08:02:41', 12),
(5, 29, 'test', '/var/www/html/hrms365/uploads/documents/', '/var/www/html/hrms365/uploads/documents/', 0, '1517385477test.png', '2018-01-31 01:27:57', 29, '2018-01-31 01:27:57', 29),
(6, 13, 'pancard', '/var/www/html/hrms365/uploads/documents/', '/var/www/html/hrms365/uploads/documents/', 0, '1517399385pancard.jpg', '2018-01-31 05:19:45', 13, '2018-01-31 05:19:45', 13),
(7, 13, 'aadhar card', '/var/www/html/hrms365/uploads/documents/', '/var/www/html/hrms365/uploads/documents/', 0, '1517399410aadhar card.jpeg', '2018-01-31 05:20:10', 13, '2018-01-31 05:20:10', 13),
(8, 27, 'Testing', '/var/www/html/hrms365/uploads/documents/', '/var/www/html/hrms365/uploads/documents/', 1, '1517404803Testing.png', '2018-01-31 06:50:03', 27, '2018-01-31 13:20:23', 27),
(9, 7, 'PAN', '/var/www/html/hrms365/uploads/documents/', '/var/www/html/hrms365/uploads/documents/', 0, '1517639144PAN.pdf', '2018-02-03 11:55:44', 7, '2018-02-03 11:55:44', 7),
(10, 7, 'Aadhaar Card', '/var/www/html/hrms365/uploads/documents/', '/var/www/html/hrms365/uploads/documents/', 0, '1517639186Aadhaar Card.pdf', '2018-02-03 11:56:26', 7, '2018-02-03 11:56:26', 7),
(11, 15, 'Aadhar', '/var/www/html/hrms365/uploads/documents/', '/var/www/html/hrms365/uploads/documents/', 0, '1517640596Aadhar.jpg', '2018-02-03 12:19:56', 15, '2018-02-03 12:19:56', 15),
(12, 15, 'Pan Card', '/var/www/html/hrms365/uploads/documents/', '/var/www/html/hrms365/uploads/documents/', 0, '1517640617Pan Card.png', '2018-02-03 12:20:17', 15, '2018-02-03 12:20:17', 15);

-- --------------------------------------------------------

--
-- Table structure for table `email_config`
--

CREATE TABLE `email_config` (
  `ec_id` int(11) NOT NULL,
  `email_from` varchar(255) NOT NULL,
  `email_cc` varchar(255) NOT NULL,
  `email_bcc` varchar(255) NOT NULL,
  `subject` varchar(255) NOT NULL,
  `email_template` varchar(255) NOT NULL,
  `title` varchar(255) NOT NULL,
  `created_by` int(11) NOT NULL,
  `created_on` timestamp NOT NULL DEFAULT CURRENT_TIMESTAMP,
  `last_modified_on` timestamp NOT NULL DEFAULT CURRENT_TIMESTAMP ON UPDATE CURRENT_TIMESTAMP,
  `last_modified_by` int(11) NOT NULL,
  `is_deleted` tinyint(1) NOT NULL DEFAULT '0'
) ENGINE=InnoDB DEFAULT CHARSET=latin1;

--
-- Dumping data for table `email_config`
--

INSERT INTO `email_config` (`ec_id`, `email_from`, `email_cc`, `email_bcc`, `subject`, `email_template`, `title`, `created_by`, `created_on`, `last_modified_on`, `last_modified_by`, `is_deleted`) VALUES
(1, 'hrms@raoson.com', '', '', 'Tasks Reminder', 'task_reminder', 'Raoson', 0, '2017-12-05 06:09:37', '2017-12-05 06:09:37', 0, 0),
(2, 'hrms@raoson.com', '', '', 'Leave Application', 'leave_application', 'Leave Application Received', 0, '2017-12-05 06:09:37', '2017-12-28 07:27:23', 0, 0),
(3, 'hrms@raoson.com', '', '', 'Registration Confirmation', 'registration_confirmation', 'Registration Confirmation', 8, '2017-12-07 10:32:27', '2017-12-07 10:32:27', 8, 0),
(4, 'hrms@raoson.com', '', '', 'Resource Request', 'resource_request', 'Resource Request', 8, '2017-12-12 06:00:24', '2017-12-12 06:00:24', 8, 0),
(5, 'hrms@raoson.com', '', '', 'Resource Request Approved', 'resource_request_approved', 'Resource Request Approved', 8, '2017-12-14 07:49:35', '2017-12-14 07:49:35', 8, 0),
(6, 'hrms@raoson.com', '', '', 'Leave Approved', 'leave_approved', 'Leave Approved', 8, '2017-12-18 12:49:34', '2017-12-28 07:27:13', 8, 0),
(7, 'hrms@raoson.com', '', '', 'Birthday Wishes', 'birthday_wishes', '\r\nBirthday Wishes\r\n', 8, '2017-12-27 13:21:15', '2017-12-28 07:27:19', 8, 0),
(8, 'hrms@raoson.com', '', 'careers@raoson.com', 'Insurance Premium Reminder', 'insurance_premium_reminder', 'Insurance Premium Reminder', 1, '2018-01-03 05:17:58', '2018-01-03 05:29:20', 1, 0),
(9, 'hrms@raoson.com', '', 'careers@raoson.com', 'Insurance Premium Bulk Reminder', 'insurance_premium_reminder_bulk', 'Insurance Premium Bulk Reminder', 1, '2018-01-03 05:17:44', '2018-01-03 07:21:12', 1, 0),
(10, 'careers@raoson.com', '', '', 'Offer Letter', 'offer_letter', 'Offer Letter', 1, '2018-01-03 10:26:31', '2018-01-03 10:26:31', 1, 0),
(11, 'hrms@raoson.com', '', '', 'Refer friend', 'refer_friend', 'Refer friend', 1, '2018-01-03 12:04:06', '2018-01-03 12:04:06', 1, 0),
(12, 'hrms@raoson.com', '', '', 'Task Assignment', 'task_assign', 'Task Assignment', 1, '2018-01-03 12:03:30', '2018-01-03 12:05:22', 1, 0),
(13, 'hrms@raoson.com', '', '', 'Bulk Notification', 'bulk_mail', 'Bulk Notification', 1, '2018-01-03 12:03:30', '2018-01-03 12:05:22', 1, 0),
(14, 'hrms@raoson.com', '', '', 'Task Assigned', 'interview_task_assign', 'Task Assigned', 1, '2018-02-08 10:17:31', '2018-02-08 10:17:31', 1, 0);

-- --------------------------------------------------------

--
-- Table structure for table `emp_monthly_salary_slips`
--

CREATE TABLE `emp_monthly_salary_slips` (
  `salary_slip_id` int(11) NOT NULL,
  `can_id` int(11) NOT NULL,
  `days_present` int(11) NOT NULL,
  `earn_basic` decimal(10,2) NOT NULL,
  `provident_fund` decimal(10,2) NOT NULL,
  `earn_hra` decimal(10,2) NOT NULL,
  `earn_conveyance` decimal(10,2) NOT NULL,
  `earn_medical` decimal(10,2) NOT NULL,
  `earn_special` decimal(10,2) NOT NULL,
  `earn_lta` decimal(10,2) NOT NULL,
  `earn_mobile_remberse` decimal(10,2) NOT NULL,
  `earn_motor_remberse` decimal(10,2) NOT NULL,
  `gratuty` decimal(10,2) NOT NULL,
  `month` int(11) NOT NULL,
  `year` int(11) NOT NULL,
  `earn_arrears` decimal(10,2) NOT NULL,
  `earn_total` decimal(10,2) NOT NULL,
  `income_tax` decimal(10,2) NOT NULL,
  `pt_amount` decimal(10,2) NOT NULL,
  `net_pay` decimal(10,2) NOT NULL,
  `total_deduction` decimal(10,2) NOT NULL,
  `transaction_type` varchar(100) NOT NULL DEFAULT 'WIB',
  `debit_acc_number` varchar(200) NOT NULL DEFAULT '196405000399',
  `created_on` timestamp NOT NULL DEFAULT CURRENT_TIMESTAMP,
  `created_by` int(11) NOT NULL,
  `last_modified_on` timestamp NOT NULL DEFAULT CURRENT_TIMESTAMP ON UPDATE CURRENT_TIMESTAMP,
  `last_modified_by` int(11) NOT NULL,
  `is_deleted` tinyint(4) NOT NULL DEFAULT '0'
) ENGINE=InnoDB DEFAULT CHARSET=latin1;

--
-- Dumping data for table `emp_monthly_salary_slips`
--

INSERT INTO `emp_monthly_salary_slips` (`salary_slip_id`, `can_id`, `days_present`, `earn_basic`, `provident_fund`, `earn_hra`, `earn_conveyance`, `earn_medical`, `earn_special`, `earn_lta`, `earn_mobile_remberse`, `earn_motor_remberse`, `gratuty`, `month`, `year`, `earn_arrears`, `earn_total`, `income_tax`, `pt_amount`, `net_pay`, `total_deduction`, `transaction_type`, `debit_acc_number`, `created_on`, `created_by`, `last_modified_on`, `last_modified_by`, `is_deleted`) VALUES
(1, 7, 22, '6209.68', '0.00', '3104.84', '1135.48', '887.10', '6404.84', '0.00', '0.00', '0.00', '0.00', 1, 2018, '0.00', '17741.94', '0.00', '200.00', '17541.94', '200.00', 'WIB', '196405000399', '2018-02-08 18:30:00', 0, '2018-02-09 09:42:48', 0, 0),
(2, 15, 25, '2822.58', '0.00', '1411.29', '1290.32', '1008.06', '1532.26', '0.00', '0.00', '0.00', '0.00', 1, 2018, '0.00', '8064.51', '0.00', '0.00', '8064.51', '0.00', 'NFT', '196405000399', '2018-02-08 18:30:00', 0, '2018-02-10 07:45:36', 0, 0),
(3, 9, 21, '3556.45', '0.00', '1778.23', '1083.87', '846.77', '2895.97', '0.00', '0.00', '0.00', '0.00', 1, 2018, '0.00', '10161.29', '0.00', '0.00', '10161.29', '0.00', 'WIB', '196405000399', '2018-02-08 18:30:00', 0, '2018-02-09 09:43:39', 0, 0);

-- --------------------------------------------------------

--
-- Table structure for table `emp_salary_details`
--

CREATE TABLE `emp_salary_details` (
  `sd_id` int(11) NOT NULL,
  `can_id` int(11) NOT NULL,
  `gross_pay` float NOT NULL DEFAULT '0',
  `basic` float(10,0) NOT NULL DEFAULT '0',
  `HRA` float(10,0) NOT NULL DEFAULT '0',
  `conveyance` float(11,0) NOT NULL DEFAULT '0',
  `special_allowance` float(10,0) DEFAULT '0',
  `medical` float(10,0) NOT NULL DEFAULT '0',
  `pf_applicable` tinyint(1) NOT NULL DEFAULT '0',
  `pf_no` varchar(50) NOT NULL DEFAULT '0',
  `pf_amount` float(10,0) NOT NULL DEFAULT '0',
  `esic_no` varchar(50) NOT NULL DEFAULT '0',
  `esic_amount` float NOT NULL,
  `pt_amount` float(10,0) DEFAULT '0',
  `income_tax` float(10,0) NOT NULL DEFAULT '0',
  `LTA` float(10,0) NOT NULL DEFAULT '0',
  `mobile_reimbursement` float(10,0) NOT NULL DEFAULT '0',
  `motor_allowance` float(10,0) NOT NULL DEFAULT '0',
  `gratuity` float NOT NULL DEFAULT '0',
  `arrears` float NOT NULL DEFAULT '0',
  `total_earned` float NOT NULL DEFAULT '0',
  `effective_from` date NOT NULL,
  `created_by` int(11) NOT NULL,
  `effective_to` date NOT NULL,
  `created_on` timestamp NOT NULL DEFAULT CURRENT_TIMESTAMP,
  `last_modified_on` timestamp NOT NULL DEFAULT CURRENT_TIMESTAMP ON UPDATE CURRENT_TIMESTAMP,
  `last_modified_by` int(11) NOT NULL,
  `updated_on` varchar(255) NOT NULL,
  `is_deleted` tinyint(4) NOT NULL DEFAULT '0'
) ENGINE=InnoDB DEFAULT CHARSET=latin1;

--
-- Dumping data for table `emp_salary_details`
--

INSERT INTO `emp_salary_details` (`sd_id`, `can_id`, `gross_pay`, `basic`, `HRA`, `conveyance`, `special_allowance`, `medical`, `pf_applicable`, `pf_no`, `pf_amount`, `esic_no`, `esic_amount`, `pt_amount`, `income_tax`, `LTA`, `mobile_reimbursement`, `motor_allowance`, `gratuity`, `arrears`, `total_earned`, `effective_from`, `created_by`, `effective_to`, `created_on`, `last_modified_on`, `last_modified_by`, `updated_on`, `is_deleted`) VALUES
(1, 7, 25000, 8750, 4375, 1600, 9025, 1250, 0, '', 0, '', 0, 0, 0, 0, 0, 0, 0, 0, 0, '2018-01-01', 5, '2018-12-31', '2018-02-07 06:04:32', '2018-02-07 06:04:32', 5, '', 0),
(2, 9, 15000, 5250, 2625, 1600, 4275, 1250, 0, '', 0, '', 0, 0, 0, 0, 0, 0, 0, 0, 0, '2018-01-01', 5, '2018-12-31', '2018-02-08 21:42:01', '2018-02-08 21:42:01', 5, '', 0),
(3, 15, 10000, 3500, 1750, 1600, 1900, 1250, 0, '', 0, '', 0, 0, 0, 0, 0, 0, 0, 0, 0, '2018-01-01', 5, '2018-12-31', '2018-02-08 21:42:30', '2018-02-08 21:42:30', 5, '', 0);

-- --------------------------------------------------------

--
-- Table structure for table `enquiry`
--

CREATE TABLE `enquiry` (
  `id` int(11) NOT NULL,
  `name` varchar(50) NOT NULL,
  `email` varchar(50) NOT NULL,
  `phone` varchar(15) NOT NULL,
  `interested_in` varchar(20) NOT NULL,
  `subject` varchar(50) NOT NULL,
  `enq_dt` datetime NOT NULL DEFAULT CURRENT_TIMESTAMP,
  `created_on` timestamp NOT NULL DEFAULT CURRENT_TIMESTAMP,
  `created_by` int(11) NOT NULL,
  `last_modified_on` timestamp NOT NULL DEFAULT CURRENT_TIMESTAMP ON UPDATE CURRENT_TIMESTAMP,
  `last_modified_by` int(11) NOT NULL
) ENGINE=InnoDB DEFAULT CHARSET=latin1;

--
-- Dumping data for table `enquiry`
--

INSERT INTO `enquiry` (`id`, `name`, `email`, `phone`, `interested_in`, `subject`, `enq_dt`, `created_on`, `created_by`, `last_modified_on`, `last_modified_by`) VALUES
(1, 'Kunal', 'kunal456@gmail.com', '8652061153', 'Enquiry about sme', 'enquiry for product', '2017-10-14 12:13:32', '2017-12-12 05:07:10', 0, '2017-12-12 05:07:10', 0),
(2, 'Kunal', 'kunal456@gmail.com', '8652061153', 'Enquiry about sme', 'enquiry for product', '2017-10-14 12:13:32', '2017-12-12 05:07:10', 0, '2017-12-12 05:07:10', 0),
(3, 'Kunal', 'kunal456@gmail.com', '8652061153', 'Enquiry about sme', 'enquiry for product', '2017-10-14 12:24:27', '2017-12-12 05:07:10', 0, '2017-12-12 05:07:10', 0),
(4, 'shubham', 'kunal456@gmail.com', '8652440294', 'Digital Marketing', 'this is test message', '2017-10-16 15:20:37', '2017-12-12 05:07:10', 0, '2017-12-12 05:07:10', 0);

-- --------------------------------------------------------

--
-- Table structure for table `event`
--

CREATE TABLE `event` (
  `ev_id` int(11) NOT NULL,
  `can_id` int(11) NOT NULL,
  `title` text NOT NULL,
  `details` text,
  `start` datetime NOT NULL,
  `end` datetime NOT NULL,
  `is_deleted` tinyint(1) NOT NULL DEFAULT '0',
  `event_type` varchar(64) NOT NULL,
  `from_tbl` varchar(32) DEFAULT NULL,
  `from_id` varchar(32) DEFAULT NULL,
  `task_id` varchar(32) DEFAULT NULL
) ENGINE=InnoDB DEFAULT CHARSET=latin1;

--
-- Dumping data for table `event`
--

INSERT INTO `event` (`ev_id`, `can_id`, `title`, `details`, `start`, `end`, `is_deleted`, `event_type`, `from_tbl`, `from_id`, `task_id`) VALUES
(1, 7, 'Test', 'This task is for testing', '2018-01-31 00:00:00', '2018-01-31 23:59:59', 0, 'task', 'task_management', '1', '1'),
(2, 9, 'Test', 'This task is for testing', '2018-01-31 00:00:00', '2018-01-31 23:59:59', 0, 'task', 'task_management', '2', '1'),
(3, 15, 'Test', 'This task is for testing', '2018-01-31 00:00:00', '2018-01-31 23:59:59', 0, 'task', 'task_management', '3', '1'),
(4, 29, 'Test', 'This task is for testing', '2018-01-31 00:00:00', '2018-01-31 23:59:59', 0, 'task', 'task_management', '4', '1'),
(5, 20, 'Test', 'This task is for testing', '2018-01-31 00:00:00', '2018-01-31 23:59:59', 0, 'task', 'task_management', '5', '1'),
(6, 12, 'test', 'this is for testing', '2018-01-31 00:00:00', '2018-02-01 00:00:00', 1, 'appointment', NULL, NULL, NULL),
(7, 12, 'TEST', 'test', '2018-01-31 00:00:00', '2018-02-20 12:00:00', 0, 'appointment', NULL, NULL, NULL),
(8, 12, 'SMS To be Shot to Assignee, Once Task is Created ', 'We Believe we must create a system where, once the task is created. SMS is shoot to the person, who is assigned with the respective Task.', '2018-02-03 00:00:00', '2018-02-03 23:59:59', 0, 'task', 'task_management', '6', '2'),
(9, 15, 'leave', 'test for leave', '2018-02-09 00:00:00', '2018-02-10 23:59:59', 0, 'leave', 'leave', '1', NULL),
(10, 7, 'leave', 'cscxcxc', '2018-02-14 00:00:00', '2018-02-16 23:59:59', 0, 'leave', 'leave', '2', NULL),
(11, 7, 'test', 'test', '2018-02-23 00:00:00', '2018-02-23 23:59:59', 0, 'task', 'task_management', '7', '5'),
(12, 5, 'test', 'test', '2018-02-23 00:00:00', '2018-02-23 23:59:59', 0, 'task', 'task_management', '8', '5'),
(13, 34, 'tes', 'tes', '2018-02-22 00:00:00', '2018-02-22 23:59:59', 0, 'task', 'task_management', '9', '4'),
(14, 15, 'test', 'this is for testing', '2018-02-22 00:00:00', '2018-02-22 23:59:59', 0, 'task', 'task_management', '10', '7'),
(15, 15, 'test1', 'test', '2018-02-23 00:00:00', '2018-02-23 23:59:59', 0, 'task', 'task_management', '11', '8'),
(16, 15, 'test147', 'asdfasdf', '2018-02-23 00:00:00', '2018-02-23 23:59:59', 0, 'task', 'task_management', '12', '9');

-- --------------------------------------------------------

--
-- Table structure for table `experience`
--

CREATE TABLE `experience` (
  `exp_id` int(11) NOT NULL,
  `can_id` int(11) NOT NULL,
  `company_name` varchar(50) NOT NULL,
  `working_from` date NOT NULL,
  `working_to` date NOT NULL,
  `designation` varchar(25) NOT NULL,
  `ctc` varchar(50) DEFAULT NULL,
  `responsibilities` varchar(25) NOT NULL,
  `leaving_reason` varchar(255) NOT NULL,
  `is_deleted` tinyint(1) NOT NULL,
  `created_on` timestamp NOT NULL DEFAULT CURRENT_TIMESTAMP,
  `created_by` int(11) NOT NULL,
  `last_modified_on` timestamp NOT NULL DEFAULT CURRENT_TIMESTAMP ON UPDATE CURRENT_TIMESTAMP,
  `last_modified_by` int(11) NOT NULL
) ENGINE=InnoDB DEFAULT CHARSET=latin1;

-- --------------------------------------------------------

--
-- Table structure for table `handover_details`
--

CREATE TABLE `handover_details` (
  `hd_id` int(11) NOT NULL,
  `res_id` int(11) NOT NULL,
  `can_id` int(11) NOT NULL,
  `prop_id` int(11) NOT NULL,
  `can_asset_id` int(11) NOT NULL,
  `dept_id` int(11) NOT NULL,
  `reason` text,
  `penalty` text
) ENGINE=InnoDB DEFAULT CHARSET=latin1;

-- --------------------------------------------------------

--
-- Table structure for table `holiday`
--

CREATE TABLE `holiday` (
  `holiday_id` int(11) NOT NULL,
  `holiday_title` varchar(255) NOT NULL,
  `description` varchar(255) DEFAULT NULL,
  `holiday_year` int(11) DEFAULT NULL,
  `holiday_month` int(11) NOT NULL,
  `holiday_date` date DEFAULT NULL,
  `holiday_day` varchar(45) DEFAULT NULL,
  `created_on` timestamp NOT NULL DEFAULT CURRENT_TIMESTAMP,
  `created_by` int(11) NOT NULL,
  `last_modified_on` timestamp NOT NULL DEFAULT CURRENT_TIMESTAMP ON UPDATE CURRENT_TIMESTAMP,
  `last_modified_by` int(11) NOT NULL,
  `is_deleted` tinyint(1) DEFAULT '0'
) ENGINE=InnoDB DEFAULT CHARSET=latin1;

--
-- Dumping data for table `holiday`
--

INSERT INTO `holiday` (`holiday_id`, `holiday_title`, `description`, `holiday_year`, `holiday_month`, `holiday_date`, `holiday_day`, `created_on`, `created_by`, `last_modified_on`, `last_modified_by`, `is_deleted`) VALUES
(1, 'New Year', 'New year', 2018, 2, '2018-01-01', 'Monday', '2018-01-01 03:14:20', 5, '2018-02-03 09:47:28', 5, 0),
(2, 'Republic Day', 'Republic Day', 2018, 2, '2018-01-26', 'Friday', '2018-02-03 03:16:33', 5, '2018-02-03 09:47:40', 5, 0);

-- --------------------------------------------------------

--
-- Table structure for table `holiday_bk`
--

CREATE TABLE `holiday_bk` (
  `holiday_id` int(11) NOT NULL,
  `holiday_title` varchar(255) NOT NULL,
  `description` varchar(255) DEFAULT NULL,
  `holiday_year` int(11) DEFAULT NULL,
  `holiday_month` int(11) NOT NULL,
  `holiday_date` date DEFAULT NULL,
  `holiday_day` varchar(45) DEFAULT NULL,
  `created_on` timestamp NOT NULL DEFAULT CURRENT_TIMESTAMP,
  `created_by` int(11) NOT NULL,
  `last_modified_on` timestamp NOT NULL DEFAULT CURRENT_TIMESTAMP ON UPDATE CURRENT_TIMESTAMP,
  `last_modified_by` int(11) NOT NULL,
  `is_deleted` tinyint(1) DEFAULT '0'
) ENGINE=InnoDB DEFAULT CHARSET=latin1;

--
-- Dumping data for table `holiday_bk`
--

INSERT INTO `holiday_bk` (`holiday_id`, `holiday_title`, `description`, `holiday_year`, `holiday_month`, `holiday_date`, `holiday_day`, `created_on`, `created_by`, `last_modified_on`, `last_modified_by`, `is_deleted`) VALUES
(1, 'Republic Day', 'Indian Republic Day 2017', 2017, 1, '2017-01-26', 'Thursday', '2017-12-12 05:16:10', 0, '2017-12-12 05:16:10', 0, 0),
(2, 'Mahashivratri', 'Mahashivratri', 2017, 2, '2017-02-24', 'Friday', '2017-12-12 05:16:10', 0, '2017-12-12 05:16:10', 0, 0),
(3, 'Holi', 'Holi', 2017, 3, '2017-03-15', 'Wednesday', '2017-12-12 05:16:10', 0, '2017-12-12 05:16:10', 0, 0),
(4, 'Kamgar Din', 'Kamgar Din', 2017, 12, '2017-12-21', 'Thursday', '2017-12-20 20:00:27', 22, '2017-12-21 08:00:37', 22, 1),
(5, 'Ramjan Eid', 'Ramjan Eid', 2017, 6, '2017-06-26', 'Monday', '2017-12-12 05:16:10', 0, '2017-12-12 05:16:10', 0, 0),
(6, 'Independance Day', 'Independance Day', 2017, 8, '2017-08-15', 'Tuesday', '2017-12-12 05:16:10', 0, '2017-12-12 05:16:10', 0, 0),
(7, 'Pateti', 'Parsi New Year', 2017, 8, '2017-08-17', 'Thursday', '2017-12-12 05:16:10', 0, '2017-12-12 05:16:10', 0, 0),
(8, 'Ganesh Chaturthi', 'Ganesh Chaturthi', 2017, 9, '2017-08-25', 'Friday', '2017-12-12 05:16:10', 0, '2017-12-12 05:16:10', 0, 0),
(9, 'Bakri Eid', 'Bakri Eid', 2017, 9, '2017-09-02', 'Saturday', '2017-12-12 05:16:10', 0, '2017-12-12 05:16:10', 0, 0),
(10, 'Vijayadashimi Dasera', 'Vijayadashimi Dasera', 2017, 9, '2017-09-30', 'Saturday', '2017-12-12 05:16:10', 0, '2017-12-12 05:16:10', 0, 0),
(11, 'Gandhi Jayanti', 'Gandhi Jayanti', 2017, 10, '2017-10-02', 'Monday', '2017-12-12 05:16:10', 0, '2017-12-12 05:16:10', 0, 0),
(12, 'Diwali Lakshmi Pujan', 'Diwali Lakshmi Pujan', 2017, 10, '2017-10-19', 'Wednesday', '2017-12-12 05:16:10', 0, '2017-12-12 05:16:10', 0, 0),
(13, 'Diwali Padva', 'Diwali Padva', 2017, 10, '2017-10-20', 'Friday', '2017-12-12 05:16:10', 0, '2017-12-12 05:16:10', 0, 0),
(14, 'Christmas', 'Christmas', 2017, 12, '2017-12-25', 'Monday', '2017-12-12 05:16:10', 0, '2017-12-12 05:16:10', 0, 0),
(15, 'Republic Day 2018', 'Republic Day 2018', 2018, 1, '2018-01-26', 'Friday', '2017-12-12 05:16:10', 0, '2017-12-12 05:16:10', 0, 0),
(16, 'Mahashivratri', 'Mahashivratri', 2018, 2, '2018-02-13', 'Tuesday', '2017-12-12 05:16:10', 0, '2017-12-12 05:16:10', 0, 0),
(17, 'Shivaji MAharaj Jayanti', 'Shivaji MAharaj Jayanti', 2018, 2, '2018-02-19', 'Monday', '2017-12-12 05:16:10', 0, '2017-12-12 05:16:10', 0, 0),
(18, 'Holi', 'Holi', 2018, 2, '2018-03-02', 'Friday', '2017-12-12 05:16:10', 0, '2017-12-12 05:16:10', 0, 0),
(19, 'Mahavir Jayanti', 'Mahavir Jayanti', 2018, 3, '2018-03-29', 'Thursday', '2017-12-12 05:16:10', 0, '2017-12-12 05:16:10', 0, 0),
(20, 'Goodfriday', 'Goodfriday', 2018, 3, '2018-03-30', 'Friday', '2017-12-12 05:16:10', 0, '2017-12-12 05:16:10', 0, 0),
(21, 'test', 'test', 2017, 12, '2017-12-27', 'Wednesday', '2017-12-16 03:56:53', 22, '2017-12-16 10:27:00', 22, 1),
(22, 'test', 'this is for testing', 2016, 8, '2016-08-02', 'Tuesday', '2017-12-18 01:23:24', 22, '2017-12-21 09:06:35', 22, 1),
(23, 'sankrant', 'this is for testing', 2020, 6, '2020-06-16', 'Tuesday', '2017-12-19 07:14:55', 22, '2017-12-19 07:14:55', 22, 0),
(24, 'New Year', 'Test', 2018, 1, '2018-01-01', 'Monday', '2017-12-20 19:52:23', 22, '2017-12-21 09:06:25', 22, 1),
(25, 'New Year', 'test', 2018, 1, '2018-01-01', 'Monday', '2017-12-20 19:59:54', 22, '2017-12-20 19:59:54', 22, 0),
(26, 'New Year', 'test', 2018, 1, '2018-01-01', 'Monday', '2017-12-20 20:01:02', 22, '2017-12-20 20:01:02', 22, 0),
(27, 'New Year', 'sdfsdf', 2018, 1, '2018-01-01', 'Monday', '2017-12-20 20:04:02', 22, '2017-12-20 20:04:02', 22, 0),
(28, 'New Year', 'e', 2018, 1, '2018-01-01', 'Monday', '2017-12-20 20:54:37', 22, '2017-12-20 20:54:37', 22, 0);

-- --------------------------------------------------------

--
-- Table structure for table `hrpolicy`
--

CREATE TABLE `hrpolicy` (
  `pid` int(11) NOT NULL,
  `particular` varchar(100) NOT NULL,
  `doc_upload_date` date NOT NULL,
  `doc_path` varchar(100) NOT NULL,
  `doc_status` int(1) NOT NULL DEFAULT '0'
) ENGINE=InnoDB DEFAULT CHARSET=latin1;

-- --------------------------------------------------------

--
-- Table structure for table `insurance_company`
--

CREATE TABLE `insurance_company` (
  `ic_id` int(11) NOT NULL,
  `name` varchar(128) NOT NULL,
  `description` text NOT NULL,
  `ic_email` varchar(64) NOT NULL,
  `is_deleted` tinyint(1) NOT NULL DEFAULT '0',
  `created_by` int(11) NOT NULL,
  `created_on` timestamp NOT NULL DEFAULT CURRENT_TIMESTAMP,
  `last_modified_by` int(11) NOT NULL,
  `last_modified_on` timestamp NOT NULL DEFAULT CURRENT_TIMESTAMP ON UPDATE CURRENT_TIMESTAMP
) ENGINE=InnoDB DEFAULT CHARSET=latin1;

--
-- Dumping data for table `insurance_company`
--

INSERT INTO `insurance_company` (`ic_id`, `name`, `description`, `ic_email`, `is_deleted`, `created_by`, `created_on`, `last_modified_by`, `last_modified_on`) VALUES
(1, 'ABC Pvt. Ltd.', 'SDFSDF', 'prasad@raoson.com', 0, 1, '2018-01-01 18:56:34', 1, '2018-01-02 07:24:21'),
(2, 'PQR pvt. ltd.', '', 'prathamesh@raoson.com', 0, 22, '2018-01-02 07:28:41', 22, '2018-01-02 07:28:41');

-- --------------------------------------------------------

--
-- Table structure for table `insurance_details`
--

CREATE TABLE `insurance_details` (
  `insurance_id` int(11) NOT NULL,
  `can_id` int(11) NOT NULL,
  `ins_start_date` date NOT NULL,
  `ins_expire_date` date NOT NULL,
  `ins_doc_name` varchar(255) DEFAULT NULL,
  `ins_doc_path` varchar(255) DEFAULT NULL,
  `paid_by` enum('Company','Employee') NOT NULL,
  `premium_amnt` int(11) NOT NULL,
  `assured_amt` int(11) NOT NULL,
  `ins_comp_name` varchar(255) NOT NULL,
  `policy_no` varchar(255) NOT NULL,
  `mail_sent` tinyint(1) NOT NULL DEFAULT '0',
  `is_deleted` tinyint(4) NOT NULL,
  `created_on` timestamp NOT NULL DEFAULT CURRENT_TIMESTAMP,
  `created_by` int(11) NOT NULL,
  `last_modified_on` datetime DEFAULT CURRENT_TIMESTAMP ON UPDATE CURRENT_TIMESTAMP,
  `last_modified_by` int(11) NOT NULL
) ENGINE=InnoDB DEFAULT CHARSET=latin1;

--
-- Dumping data for table `insurance_details`
--

INSERT INTO `insurance_details` (`insurance_id`, `can_id`, `ins_start_date`, `ins_expire_date`, `ins_doc_name`, `ins_doc_path`, `paid_by`, `premium_amnt`, `assured_amt`, `ins_comp_name`, `policy_no`, `mail_sent`, `is_deleted`, `created_on`, `created_by`, `last_modified_on`, `last_modified_by`) VALUES
(1, 40, '2017-02-10', '2018-02-09', '1514887947ins_doc.pdf', '/var/www/html/hrms/uploads/insurance_doc/', 'Company', 10000, 1000000, '1', 'jhasd89kl', 0, 0, '2018-01-01 22:12:27', 22, '2018-01-02 19:31:16', 22),
(2, 22, '2018-01-15', '2019-01-14', '1515503652ins_doc.pdf', '/var/www/html/hrms/uploads/insurance_doc/', 'Company', 9890890, 90890890, '1', '90000', 0, 0, '2018-01-09 01:14:12', 22, '2018-01-09 06:44:12', 22);

-- --------------------------------------------------------

--
-- Table structure for table `interview_candidate_records`
--

CREATE TABLE `interview_candidate_records` (
  `intw_can_id` int(11) NOT NULL,
  `int_task_id` int(11) NOT NULL,
  `full_name` varchar(100) NOT NULL,
  `email_id` varchar(100) NOT NULL,
  `mobile_no` varchar(100) NOT NULL,
  `alternate_no` varchar(100) DEFAULT NULL,
  `position` varchar(100) DEFAULT NULL,
  `source` varchar(100) DEFAULT NULL,
  `current_ctc` varchar(100) DEFAULT NULL,
  `expected_ctc` varchar(100) DEFAULT NULL,
  `ctc_negotiable` varchar(10) DEFAULT NULL,
  `notice_period_month` int(10) DEFAULT NULL,
  `notice_period_days` int(10) DEFAULT NULL,
  `notice_negotiable` varchar(10) DEFAULT NULL,
  `is_interested` varchar(10) DEFAULT NULL,
  `skills` varchar(500) DEFAULT NULL,
  `total_yr_exp_year` int(10) DEFAULT NULL,
  `total_yr_exp_month` int(10) DEFAULT NULL,
  `relivant_yr_exp_year` int(10) DEFAULT NULL,
  `relivant_yr_exp_month` int(10) DEFAULT NULL,
  `current_location` varchar(255) DEFAULT NULL,
  `ready_relocate` varchar(10) DEFAULT NULL,
  `schedule_date` date DEFAULT NULL,
  `schedule_comment` varchar(500) DEFAULT NULL,
  `resume` varchar(255) DEFAULT NULL,
  `resume_text` text,
  `schedule_status` varchar(10) DEFAULT NULL,
  `created_on` timestamp NULL DEFAULT CURRENT_TIMESTAMP,
  `created_by` int(11) DEFAULT NULL,
  `last_modified_on` timestamp NULL DEFAULT CURRENT_TIMESTAMP ON UPDATE CURRENT_TIMESTAMP,
  `last_modified_by` int(11) DEFAULT NULL,
  `is_deleted` tinyint(1) DEFAULT '0'
) ENGINE=InnoDB DEFAULT CHARSET=latin1;

--
-- Dumping data for table `interview_candidate_records`
--

INSERT INTO `interview_candidate_records` (`intw_can_id`, `int_task_id`, `full_name`, `email_id`, `mobile_no`, `alternate_no`, `position`, `source`, `current_ctc`, `expected_ctc`, `ctc_negotiable`, `notice_period_month`, `notice_period_days`, `notice_negotiable`, `is_interested`, `skills`, `total_yr_exp_year`, `total_yr_exp_month`, `relivant_yr_exp_year`, `relivant_yr_exp_month`, `current_location`, `ready_relocate`, `schedule_date`, `schedule_comment`, `resume`, `resume_text`, `schedule_status`, `created_on`, `created_by`, `last_modified_on`, `last_modified_by`, `is_deleted`) VALUES
(1, 0, 'abc', 'abc@gmail.com', '9865365656', '3432445444', 'PHP Developer', 'sasa', '250000', '300000', 'yes', 0, 15, 'yes', 'yes', 'asd', 3, 0, 3, 0, 'Mumbai', 'no', '2018-02-08', 'sadsa', '', NULL, NULL, '2018-02-21 06:45:09', 2, '2018-02-21 06:45:09', 2, 0);

-- --------------------------------------------------------

--
-- Table structure for table `interview_manager`
--

CREATE TABLE `interview_manager` (
  `inw_mid` int(11) NOT NULL,
  `intw_can_id` int(11) NOT NULL,
  `round1` varchar(50) DEFAULT NULL,
  `round1_status` varchar(10) DEFAULT NULL,
  `round1_comment` varchar(250) DEFAULT NULL,
  `round2` varchar(50) DEFAULT NULL,
  `round2_status` varchar(10) DEFAULT NULL,
  `round2_comment` varchar(250) DEFAULT NULL,
  `round3` varchar(50) DEFAULT NULL,
  `round3_status` varchar(10) DEFAULT NULL,
  `round3_comment` varchar(250) DEFAULT NULL,
  `round4` varchar(50) DEFAULT NULL,
  `round4_status` varchar(10) DEFAULT NULL,
  `round4_comment` varchar(250) DEFAULT NULL,
  `round5` varchar(50) DEFAULT NULL,
  `round5_status` varchar(10) DEFAULT NULL,
  `round5_comment` varchar(250) DEFAULT NULL,
  `interview_status` varchar(20) NOT NULL,
  `offered_ctc` int(11) DEFAULT NULL,
  `joining_date` date DEFAULT NULL,
  `bonus_status` varchar(10) DEFAULT NULL,
  `mail_send` tinyint(4) NOT NULL DEFAULT '0',
  `offered_bonus` int(20) DEFAULT NULL,
  `created_by` int(11) DEFAULT NULL,
  `created_on` timestamp NULL DEFAULT NULL,
  `last_modified_by` int(11) DEFAULT NULL,
  `last_modified_on` timestamp NULL DEFAULT CURRENT_TIMESTAMP,
  `is_deleted` tinyint(4) NOT NULL DEFAULT '0'
) ENGINE=InnoDB DEFAULT CHARSET=latin1;

--
-- Dumping data for table `interview_manager`
--

INSERT INTO `interview_manager` (`inw_mid`, `intw_can_id`, `round1`, `round1_status`, `round1_comment`, `round2`, `round2_status`, `round2_comment`, `round3`, `round3_status`, `round3_comment`, `round4`, `round4_status`, `round4_comment`, `round5`, `round5_status`, `round5_comment`, `interview_status`, `offered_ctc`, `joining_date`, `bonus_status`, `mail_send`, `offered_bonus`, `created_by`, `created_on`, `last_modified_by`, `last_modified_on`, `is_deleted`) VALUES
(1, 1, '', 'yes', '', '', NULL, '', '', NULL, '', '', NULL, '', '', NULL, '', 'selected', NULL, NULL, NULL, 0, NULL, 2, '2018-02-21 06:45:25', 2, '2018-02-21 06:45:25', 0);

-- --------------------------------------------------------

--
-- Table structure for table `interview_task`
--

CREATE TABLE `interview_task` (
  `int_task_id` int(11) NOT NULL,
  `request_id` int(11) NOT NULL,
  `can_id` int(11) NOT NULL,
  `priority` varchar(10) NOT NULL,
  `tat` date NOT NULL,
  `status` varchar(20) NOT NULL,
  `count` int(10) NOT NULL DEFAULT '0',
  `created_by` int(11) NOT NULL,
  `created_on` timestamp NOT NULL DEFAULT CURRENT_TIMESTAMP ON UPDATE CURRENT_TIMESTAMP,
  `last_modified_by` int(11) NOT NULL,
  `last_modified_on` timestamp NOT NULL DEFAULT CURRENT_TIMESTAMP,
  `is_deleted` tinyint(4) NOT NULL DEFAULT '0'
) ENGINE=InnoDB DEFAULT CHARSET=latin1;

-- --------------------------------------------------------

--
-- Table structure for table `investment`
--

CREATE TABLE `investment` (
  `inv_id` int(11) NOT NULL,
  `can_id` int(11) NOT NULL,
  `policy_id` int(11) NOT NULL,
  `description` varchar(100) NOT NULL,
  `amount` double NOT NULL,
  `section` varchar(100) NOT NULL,
  `file_path` varchar(255) NOT NULL,
  `is_deleted` tinyint(1) NOT NULL,
  `created_on` timestamp NOT NULL DEFAULT CURRENT_TIMESTAMP,
  `created_by` int(11) NOT NULL,
  `last_modified_on` timestamp NOT NULL DEFAULT CURRENT_TIMESTAMP ON UPDATE CURRENT_TIMESTAMP,
  `last_modified_by` int(11) NOT NULL
) ENGINE=InnoDB DEFAULT CHARSET=latin1;

--
-- Dumping data for table `investment`
--

INSERT INTO `investment` (`inv_id`, `can_id`, `policy_id`, `description`, `amount`, `section`, `file_path`, `is_deleted`, `created_on`, `created_by`, `last_modified_on`, `last_modified_by`) VALUES
(1, 22, 0, 'yttt', 800, 'abc', '', 1, '2018-01-09 01:15:15', 22, '2018-01-31 11:47:44', 22),
(2, 9, 17, '', 10, '16', '', 0, '2018-01-31 01:17:06', 9, '2018-01-31 01:17:06', 9),
(3, 12, 17, 'this is for testing', 500, '16', '', 0, '2018-01-31 01:26:37', 12, '2018-01-31 01:26:37', 12),
(4, 29, 17, '', 10000, '16', '', 0, '2018-01-31 01:28:23', 29, '2018-01-31 01:28:23', 29),
(5, 27, 19, '', 2000, '18', '', 0, '2018-01-31 06:24:21', 27, '2018-01-31 06:24:21', 27);

-- --------------------------------------------------------

--
-- Table structure for table `investment_policies`
--

CREATE TABLE `investment_policies` (
  `policy_id` int(11) NOT NULL,
  `parent_section` int(11) DEFAULT NULL,
  `policy_title` varchar(500) NOT NULL,
  `amount` int(11) DEFAULT NULL,
  `is_deleted` tinyint(4) NOT NULL DEFAULT '0'
) ENGINE=InnoDB DEFAULT CHARSET=latin1;

--
-- Dumping data for table `investment_policies`
--

INSERT INTO `investment_policies` (`policy_id`, `parent_section`, `policy_title`, `amount`, `is_deleted`) VALUES
(1, NULL, 'Section 80C,80CCC', NULL, 0),
(4, 1, 'Contribution to Pension Fund ( U/s 80CCC)-Self', 1000, 0),
(5, 1, 'Life Insurance Premium-Self/Spouse/Children', 2000, 0),
(6, 1, 'Public Provident Fund(PPF)-Self/Spouse/Children', 3000, 0),
(7, 1, 'National Savings Certificate(NSC)-Self', 4000, 0),
(8, 1, 'NSC Interest-Self', 5000, 0),
(9, 1, 'Children Tution Fee-(Only for Children)', 6000, 0),
(10, 1, 'Mutual Fund(Self)', 7000, 0),
(11, 1, 'Investment in Term Deposits/Cumalative Term Deposit(Period of 5 yrs or more) in a Scheduled Bank/Post Office-Self', 8000, 0),
(12, 1, 'Equity Linked Savings Scheme(ELSS)-Self', 9000, 0),
(13, 1, 'Housing Loan-Stamp duty/Registration Charges/Principal Amount repayment-Self', 10, 0),
(14, 1, 'ULIP-Self', 11, 0),
(15, 1, 'Sukanya Samriddhi Scheme-Only for Children', 12, 0),
(16, NULL, 'Section 80CCD(1B)', NULL, 0),
(17, 16, ' National Pension Schemet(U/S 80CCD(1B)(Additional Benefit of Rs.50000/- is over and abovethe benefit of Rs.1.5 Lakhs allowed to be claimed as a deduction under Section 80C', 13000, 0),
(18, NULL, 'Other sections (e.g. 80E, 80D,80DDB,80U,80DD etc.)', NULL, 0),
(19, 18, 'Medical Insurance Premium-Self/Spouse/Children(U/S 80D) including Preventive Master Health Check up limited to 5000/-(Actual paid or Limited to Rs.25000)', 14000, 0),
(20, 18, 'Medical Insurance Premium-Parents not senior Citizen(60 years or above)(U/S 80D) including Preventive Master Health Check up limited to 5000/-(Actual paid or Limited to Rs.25000)', 15000, 0),
(21, 18, 'Medical Insurance Premium-Parents senior Citizen(U/S 80D) including Preventive Master Health Check up limited to 5000/-(Actual paid or Limited to Rs.30000)', 16000, 0),
(22, 18, 'Medical Treatment/Handicapped Dependent(U/S 80DD)<80% Disability-75000/-', 17000, 0),
(23, 18, 'Medical Treatment/Handicapped Dependent-Severe(U/S 80DD)>80% Disability-125000/-', 18000, 0),
(24, 18, 'Self Permanent Physical Disability(U/S 80U)<80% Disability-75000/-', 19000, 0),
(25, 18, 'Self Permanent Physical Disability(U/S 80U)-Severe>80% Disability-125000/-', 20000, 0),
(26, 18, 'Medical Treatment of Specified Diseases Only-Not a Senior citizen(U/S 80DDB)-Actual paid or Limited to 40000/-', 21000, 0),
(27, 18, 'Medical Treatment of Specified Diseases Only-Senior citizen(U/S 80DDB)-Actual paid or Limited to 60000/-', 22000, 0),
(28, 18, 'Medical Treatment of Specified Diseases Only-Very Senior citizen(U/S 80DDB)-Actual paid or Limited to 80000/-', 23000, 0),
(29, 18, 'Interest on Educational Loan(U/S 80E)-No Limit but only the interest Part and principal not allowed(Self/Spouse/Children)', 24000, 0),
(30, NULL, 'Other Income', NULL, 0);

-- --------------------------------------------------------

--
-- Table structure for table `it_section`
--

CREATE TABLE `it_section` (
  `it_id` int(11) NOT NULL,
  `section_name` varchar(100) NOT NULL,
  `is_deleted` tinyint(1) NOT NULL
) ENGINE=InnoDB DEFAULT CHARSET=latin1;

-- --------------------------------------------------------

--
-- Table structure for table `jobs`
--

CREATE TABLE `jobs` (
  `job_id` int(11) NOT NULL,
  `request_id` int(11) NOT NULL,
  `job_title` varchar(255) NOT NULL,
  `job_description` varchar(255) NOT NULL,
  `no_of_position` int(11) NOT NULL,
  `keywords` varchar(255) NOT NULL,
  `status` enum('open','close') NOT NULL DEFAULT 'open',
  `created_on` timestamp NOT NULL DEFAULT CURRENT_TIMESTAMP,
  `created_by` int(11) NOT NULL,
  `last_modified_by` int(11) NOT NULL,
  `last_modified_on` timestamp NOT NULL DEFAULT CURRENT_TIMESTAMP ON UPDATE CURRENT_TIMESTAMP,
  `is_deleted` tinyint(4) NOT NULL DEFAULT '0'
) ENGINE=InnoDB DEFAULT CHARSET=latin1;

--
-- Dumping data for table `jobs`
--

INSERT INTO `jobs` (`job_id`, `request_id`, `job_title`, `job_description`, `no_of_position`, `keywords`, `status`, `created_on`, `created_by`, `last_modified_by`, `last_modified_on`, `is_deleted`) VALUES
(1, 0, 'UI Developer', 'test', 1, '', 'open', '2018-01-02 06:18:03', 22, 22, '2018-01-02 06:18:03', 0);

-- --------------------------------------------------------

--
-- Table structure for table `job_profiles`
--

CREATE TABLE `job_profiles` (
  `id` int(11) NOT NULL,
  `title` varchar(250) DEFAULT NULL,
  `dept_id` int(11) NOT NULL,
  `hod_id` int(11) NOT NULL DEFAULT '0',
  `is_hod` tinyint(4) NOT NULL DEFAULT '0',
  `created_on` timestamp NOT NULL DEFAULT CURRENT_TIMESTAMP,
  `created_by` int(11) NOT NULL,
  `last_modified_by` int(11) NOT NULL,
  `last_modified_on` timestamp NOT NULL DEFAULT CURRENT_TIMESTAMP ON UPDATE CURRENT_TIMESTAMP,
  `is_deleted` tinyint(1) DEFAULT '0'
) ENGINE=InnoDB DEFAULT CHARSET=latin1;

--
-- Dumping data for table `job_profiles`
--

INSERT INTO `job_profiles` (`id`, `title`, `dept_id`, `hod_id`, `is_hod`, `created_on`, `created_by`, `last_modified_by`, `last_modified_on`, `is_deleted`) VALUES
(1, 'UI Developer', 1, 17, 0, '2018-01-10 05:44:18', 0, 0, '2018-01-20 09:27:11', 0),
(2, 'PHP Developer', 1, 17, 0, '2018-01-10 05:44:18', 0, 0, '2018-01-20 09:27:16', 0),
(3, 'Python Developer', 1, 17, 0, '2018-01-10 05:44:18', 0, 0, '2018-01-20 09:27:19', 0),
(4, 'Rails Developer', 1, 17, 0, '2018-01-10 05:44:18', 0, 0, '2018-01-20 09:27:21', 0),
(5, 'Web Designer', 1, 17, 0, '2018-01-10 05:44:18', 0, 0, '2018-01-20 09:27:25', 0),
(6, 'WordPress Developer', 1, 17, 0, '2018-01-10 05:44:18', 0, 38, '2018-01-20 09:27:28', 0),
(7, 'Accounts Executive', 6, 7, 0, '2018-01-10 05:44:18', 0, 2, '2018-01-31 08:30:06', 0),
(8, 'HR', 2, 15, 0, '2018-01-10 05:44:18', 0, 0, '2018-01-20 09:28:04', 0),
(9, 'SEM Executive', 3, 16, 0, '2018-01-10 05:44:18', 0, 0, '2018-01-20 09:28:10', 0),
(10, 'Assistant', 8, 16, 0, '2018-01-10 05:44:18', 0, 0, '2018-01-20 09:28:15', 0),
(11, 'SEM', 3, 16, 0, '2018-01-10 05:44:18', 0, 0, '2018-01-20 09:28:18', 0),
(12, 'Graphics Designer', 3, 16, 0, '2018-01-10 05:44:18', 0, 0, '2018-01-20 09:28:24', 0),
(13, 'Technical Lead', 1, 13, 1, '2018-01-10 05:44:18', 0, 22, '2018-01-20 01:13:10', 0),
(14, 'Content Writer', 3, 16, 0, '2018-01-10 05:44:18', 0, 0, '2018-01-20 09:28:33', 0),
(15, 'HR Head', 2, 15, 1, '2018-01-10 05:44:18', 0, 22, '2018-01-20 01:13:17', 0),
(16, 'Marketing Head', 3, 16, 1, '2018-01-10 05:44:18', 0, 22, '2018-01-20 01:13:14', 0),
(17, 'IT Head', 1, 17, 0, '2018-01-10 05:44:18', 0, 0, '2018-01-20 13:36:06', 0),
(18, 'HR Executive', 2, 15, 0, '2018-01-10 05:44:18', 0, 0, '2018-01-20 09:28:54', 0),
(19, 'Other', 8, 19, 0, '2018-01-10 05:44:18', 0, 0, '2018-01-20 09:28:59', 0),
(21, 'Test', 1, 0, 0, '2018-01-19 23:05:59', 22, 22, '2018-01-20 11:25:45', 1),
(27, 'Manager', 1, 0, 0, '2018-01-26 21:52:59', 22, 22, '2018-01-30 12:46:55', 0),
(28, 'CEO', 5, 0, 1, '2018-01-30 08:13:30', 1, 1, '2018-01-30 08:13:30', 0),
(29, 'Software Tester', 1, 0, 0, '2018-01-31 05:01:47', 5, 5, '2018-01-31 05:01:47', 0),
(30, 'Economist', 7, 0, 0, '2018-01-31 05:02:14', 5, 5, '2018-01-31 05:02:14', 0),
(31, 'BDM', 3, 0, 0, '2018-01-31 05:53:53', 2, 2, '2018-01-31 05:53:53', 0),
(32, 'BA', 1, 0, 0, '2018-01-31 05:55:08', 2, 2, '2018-01-31 05:55:08', 0),
(33, 'Personal Assistant', 5, 0, 1, '2018-02-01 02:47:48', 3, 3, '2018-02-01 02:47:48', 0);

-- --------------------------------------------------------

--
-- Table structure for table `kra`
--

CREATE TABLE `kra` (
  `kra_id` int(11) NOT NULL,
  `kra_name` varchar(255) NOT NULL,
  `month` varchar(255) NOT NULL,
  `kra_entity_ids` varchar(255) NOT NULL,
  `is_active` tinyint(4) NOT NULL DEFAULT '1',
  `created_on` timestamp NOT NULL DEFAULT CURRENT_TIMESTAMP,
  `last_modified_on` timestamp NOT NULL DEFAULT CURRENT_TIMESTAMP ON UPDATE CURRENT_TIMESTAMP,
  `created_by` int(11) NOT NULL,
  `last_modified_by` int(11) NOT NULL
) ENGINE=InnoDB DEFAULT CHARSET=latin1;

--
-- Dumping data for table `kra`
--

INSERT INTO `kra` (`kra_id`, `kra_name`, `month`, `kra_entity_ids`, `is_active`, `created_on`, `last_modified_on`, `created_by`, `last_modified_by`) VALUES
(1, 'Weekly Review', 'Jan', '1,2,3,4,5,6,7,8,9,10,11,12,13,14,15,16,17', 1, '2018-01-18 06:44:37', '2018-01-20 06:32:27', 22, 22),
(2, 'Weekly Review', 'Jan', '1', 1, '2018-01-18 07:12:14', '2018-01-20 06:32:25', 22, 22),
(3, 'Weekly Review', 'Jan', '1', 1, '2018-01-18 07:18:04', '2018-01-18 07:18:04', 8, 8),
(4, 'Monthly Review', 'Feb', '16,17', 1, '2018-01-18 07:22:59', '2018-01-18 07:22:59', 8, 8),
(5, '', '', '7', 1, '2018-01-17 19:34:39', '2018-01-17 19:34:39', 8, 8),
(6, 'Weekly Review', 'Jan', '1', 1, '2018-01-17 19:49:36', '2018-01-17 19:49:36', 22, 22),
(7, 'Weekly Review', 'Jan', '1', 1, '2018-01-17 19:50:39', '2018-01-17 19:50:39', 22, 22),
(8, 'Weekly Review', 'Jan', '1,2', 1, '2018-01-17 21:37:01', '2018-01-17 21:37:01', 8, 8),
(9, 'Quaterly Review', 'Mar', '1', 1, '2018-01-17 21:44:32', '2018-01-17 21:44:32', 22, 22),
(10, 'Quaterly Review', 'Mar', '1', 1, '2018-01-17 21:50:45', '2018-01-17 21:50:45', 22, 22),
(11, 'Weekly Review', 'Feb', '1,2,3,4,5,6,7,8,9,10,11,12,13,14,15,16,17', 1, '2018-01-17 22:11:23', '2018-01-17 22:11:23', 8, 8),
(12, 'Monthly Review', 'Mar', '1,2,3,4,5,6,7,8,9,10,11,12,13,14,15,16,17', 1, '2018-01-17 22:24:14', '2018-01-17 22:24:14', 8, 8),
(13, 'Weekly Review', 'Jan', '1,2,3,4,5,6,7,8,9,10,11,12,13,14,15,16,17', 1, '2018-01-17 22:31:54', '2018-01-17 22:31:54', 1, 1),
(14, 'Weekly Review', 'Jan', '1,2,3,4,5,6,7,8,9,10,11,12,13,14,15,16,17', 1, '2018-01-18 02:00:51', '2018-01-18 02:00:51', 22, 22),
(15, 'Weekly Review', 'Jan', '1,2,3', 1, '2018-01-18 20:57:00', '2018-01-18 20:57:00', 8, 8),
(16, 'Weekly Review', 'Jan', '6,7,8,9', 1, '2018-01-18 22:00:14', '2018-01-18 22:00:14', 22, 22),
(17, 'Weekly Review', 'Jan', '1,2,3,4,5,6,7,8,9,10,11,12,13,14,15,16,17', 1, '2018-01-19 00:44:56', '2018-01-19 00:44:56', 22, 22),
(18, 'Weekly Review', 'Feb', '12', 1, '2018-01-19 00:53:47', '2018-01-19 00:53:47', 22, 22);

-- --------------------------------------------------------

--
-- Table structure for table `kra_department`
--

CREATE TABLE `kra_department` (
  `kra_department_id` int(11) NOT NULL,
  `kra_id` int(11) NOT NULL,
  `department_head_id` int(11) NOT NULL,
  `month` varchar(255) NOT NULL,
  `status` int(11) NOT NULL DEFAULT '0',
  `is_active` tinyint(1) NOT NULL DEFAULT '1',
  `created_on` timestamp NOT NULL DEFAULT CURRENT_TIMESTAMP,
  `last_modified_on` timestamp NOT NULL DEFAULT CURRENT_TIMESTAMP ON UPDATE CURRENT_TIMESTAMP,
  `created_by` int(11) NOT NULL,
  `last_modified_by` int(11) NOT NULL
) ENGINE=InnoDB DEFAULT CHARSET=latin1;

--
-- Dumping data for table `kra_department`
--

INSERT INTO `kra_department` (`kra_department_id`, `kra_id`, `department_head_id`, `month`, `status`, `is_active`, `created_on`, `last_modified_on`, `created_by`, `last_modified_by`) VALUES
(1, 1, 8, 'Jan', 1, 1, '2018-01-18 06:44:37', '2018-01-20 06:32:08', 22, 22),
(2, 2, 8, 'Jan', 1, 1, '2018-01-18 07:12:14', '2018-01-20 06:32:10', 22, 22),
(3, 6, 22, 'Jan', 0, 1, '2018-01-17 19:49:36', '2018-01-17 19:49:36', 22, 22),
(4, 7, 22, 'Jan', 0, 1, '2018-01-17 19:50:39', '2018-01-17 19:50:39', 22, 22),
(5, 9, 65, 'Mar', 0, 1, '2018-01-17 21:44:32', '2018-01-17 21:44:32', 22, 22),
(6, 10, 65, 'Mar', 0, 1, '2018-01-17 21:50:45', '2018-01-17 21:50:45', 22, 22),
(7, 14, 8, 'Jan', 1, 1, '2018-01-18 02:00:51', '2018-01-18 14:02:39', 22, 22),
(8, 16, 8, 'Jan', 1, 1, '2018-01-18 22:00:14', '2018-01-19 10:07:09', 22, 22),
(9, 17, 22, 'Jan', 0, 1, '2018-01-19 00:44:56', '2018-01-19 00:44:56', 22, 22),
(10, 18, 8, 'Feb', 0, 1, '2018-01-19 00:53:47', '2018-01-19 00:53:47', 22, 22);

-- --------------------------------------------------------

--
-- Table structure for table `kra_employee`
--

CREATE TABLE `kra_employee` (
  `kra_employee_id` int(11) NOT NULL,
  `kra_id` int(11) NOT NULL,
  `can_id` int(11) NOT NULL,
  `status` int(11) NOT NULL DEFAULT '0',
  `user_rating_values` varchar(255) NOT NULL,
  `manager_rating_values` varchar(255) NOT NULL,
  `user_rating_average` varchar(255) NOT NULL,
  `manager_rating_average` varchar(255) NOT NULL,
  `is_active` tinyint(1) NOT NULL DEFAULT '1',
  `created_on` timestamp NOT NULL DEFAULT CURRENT_TIMESTAMP,
  `last_modified_on` timestamp NOT NULL DEFAULT CURRENT_TIMESTAMP ON UPDATE CURRENT_TIMESTAMP,
  `created_by` int(11) NOT NULL,
  `last_modified_by` int(11) NOT NULL
) ENGINE=InnoDB DEFAULT CHARSET=latin1;

--
-- Dumping data for table `kra_employee`
--

INSERT INTO `kra_employee` (`kra_employee_id`, `kra_id`, `can_id`, `status`, `user_rating_values`, `manager_rating_values`, `user_rating_average`, `manager_rating_average`, `is_active`, `created_on`, `last_modified_on`, `created_by`, `last_modified_by`) VALUES
(1, 1, 9, 2, '9,9,9,8,8,8,8,8,9,8,6,5,00,9,8,7,8', '8,0,0,0,0,0,0,0,0,0,0,0,0,0,0,0,0', '7.470588235294118', '0.47058823529411764', 0, '2018-01-18 06:45:42', '2018-01-20 05:15:28', 8, 8),
(2, 1, 9, 2, '9,9,9,8,8,8,8,8,9,8,6,5,00,9,8,7,8', '8,0,0,0,0,0,0,0,0,0,0,0,0,0,0,0,0', '7.470588235294118', '0.47058823529411764', 1, '2018-01-18 06:46:07', '2018-01-20 06:32:16', 8, 8),
(3, 2, 9, 2, '10', '9', '10', '9', 1, '2018-01-18 07:12:30', '2018-01-20 06:32:17', 8, 8),
(4, 3, 9, 0, '', '', '', '', 1, '2018-01-18 07:18:10', '2018-01-18 07:18:10', 8, 8),
(5, 4, 9, 2, '9,9', '8,8', '9', '8', 1, '2018-01-18 07:23:49', '2018-01-19 09:56:55', 8, 8),
(6, 4, 9, 2, '9,9', '8,8', '9', '8', 1, '2018-01-18 07:24:30', '2018-01-19 09:56:55', 8, 8),
(7, 5, 9, 0, '', '', '', '', 1, '2018-01-17 19:34:45', '2018-01-17 19:34:45', 8, 8),
(8, 11, 9, 0, '', '', '', '', 1, '2018-01-17 22:11:32', '2018-01-17 22:11:32', 8, 8),
(9, 13, 8, 1, '10,10,10,10,10,10,7,8,8,8,8,8,8,8,8,8,8', '', '8.647058823529411', '', 1, '2018-01-17 22:32:08', '2018-01-18 10:33:17', 1, 1),
(10, 14, 9, 2, '1,1,1,1,10,1,10,10,9,9,9,9,9,9,9,9,9', '6,6,6,6,6,6,6,6,6,6,6,6,6,6,6,6,6', '6.823529411764706', '6', 1, '2018-01-18 02:02:38', '2018-02-05 11:01:14', 8, 8),
(11, 14, 30, 0, '', '', '', '', 1, '2018-01-18 02:02:38', '2018-01-18 02:02:38', 8, 8),
(12, 14, 47, 0, '', '', '', '', 1, '2018-01-18 02:02:38', '2018-01-18 02:02:38', 8, 8),
(13, 14, 57, 0, '', '', '', '', 1, '2018-01-18 02:02:38', '2018-01-18 02:02:38', 8, 8),
(14, 14, 58, 0, '', '', '', '', 1, '2018-01-18 02:02:39', '2018-01-18 02:02:39', 8, 8),
(15, 14, 59, 0, '', '', '', '', 1, '2018-01-18 02:02:39', '2018-01-18 02:02:39', 8, 8),
(16, 14, 60, 0, '', '', '', '', 1, '2018-01-18 02:02:39', '2018-01-18 02:02:39', 8, 8),
(17, 14, 61, 0, '', '', '', '', 1, '2018-01-18 02:02:39', '2018-01-18 02:02:39', 8, 8),
(18, 14, 72, 0, '', '', '', '', 1, '2018-01-18 02:02:39', '2018-01-18 02:02:39', 8, 8),
(19, 14, 73, 0, '', '', '', '', 1, '2018-01-18 02:02:39', '2018-01-18 02:02:39', 8, 8),
(20, 15, 9, 0, '', '', '', '', 1, '2018-01-18 20:57:04', '2018-01-18 20:57:04', 8, 8),
(21, 15, 30, 0, '', '', '', '', 1, '2018-01-18 20:57:05', '2018-01-18 20:57:05', 8, 8),
(22, 15, 38, 0, '', '', '', '', 1, '2018-01-18 20:57:05', '2018-01-18 20:57:05', 8, 8),
(23, 16, 9, 0, '', '', '', '', 1, '2018-01-18 22:07:08', '2018-01-18 22:07:08', 8, 8),
(24, 16, 30, 0, '', '', '', '', 1, '2018-01-18 22:07:08', '2018-01-18 22:07:08', 8, 8),
(25, 0, 9, 0, '', '', '', '', 1, '2018-01-18 22:08:20', '2018-01-18 22:08:20', 8, 8),
(26, 0, 30, 0, '', '', '', '', 1, '2018-01-18 22:08:20', '2018-01-18 22:08:20', 8, 8);

-- --------------------------------------------------------

--
-- Table structure for table `kra_entities`
--

CREATE TABLE `kra_entities` (
  `kra_entity_id` int(11) NOT NULL,
  `name` varchar(255) NOT NULL,
  `is_active` tinyint(4) NOT NULL DEFAULT '1',
  `created_on` timestamp NOT NULL DEFAULT CURRENT_TIMESTAMP,
  `last_modified_on` timestamp NULL DEFAULT NULL ON UPDATE CURRENT_TIMESTAMP,
  `created_by` int(11) NOT NULL,
  `last_modified_by` int(11) NOT NULL
) ENGINE=InnoDB DEFAULT CHARSET=latin1;

--
-- Dumping data for table `kra_entities`
--

INSERT INTO `kra_entities` (`kra_entity_id`, `name`, `is_active`, `created_on`, `last_modified_on`, `created_by`, `last_modified_by`) VALUES
(1, 'Product Knowledge', 1, '2018-01-06 13:14:00', NULL, 1, 1),
(2, 'Productivity', 1, '2018-01-08 04:36:09', NULL, 1, 1),
(3, 'Work Quality', 1, '2018-01-08 04:36:26', NULL, 1, 1),
(4, 'Technical Skill', 1, '2018-01-08 04:41:47', NULL, 1, 1),
(5, 'Initiative', 1, '2018-01-08 04:41:47', NULL, 1, 1),
(6, 'Cooperative', 1, '2018-01-08 04:41:47', NULL, 1, 1),
(7, 'Work Consistency', 1, '2018-01-08 04:41:47', NULL, 1, 1),
(8, 'Attitude', 1, '2018-01-08 04:41:47', NULL, 1, 1),
(9, 'Punctuality', 1, '2018-01-08 04:41:47', NULL, 1, 1),
(10, 'Attendence', 1, '2018-01-08 04:41:47', NULL, 1, 1),
(11, 'Communication Skill', 1, '2018-01-08 04:41:47', NULL, 1, 1),
(12, 'Creativity', 1, '2018-01-08 04:41:47', NULL, 1, 1),
(13, 'Management Ability', 1, '2018-01-08 04:41:47', NULL, 1, 1),
(14, 'Personality', 1, '2018-01-08 04:41:47', NULL, 1, 1),
(15, 'Contribution To Group', 1, '2018-01-08 04:41:47', NULL, 1, 1),
(16, 'Dependability', 1, '2018-01-08 04:41:47', NULL, 1, 1),
(17, 'test', 1, '2018-01-15 07:09:57', '2018-01-15 07:09:57', 0, 8);

-- --------------------------------------------------------

--
-- Stand-in structure for view `kra_view`
--
CREATE TABLE `kra_view` (
`months` varchar(255)
,`user_rating_average` double
,`manager_rating_average` double
,`can_id` int(11)
);

-- --------------------------------------------------------

--
-- Table structure for table `leave_application`
--

CREATE TABLE `leave_application` (
  `appl_id` int(11) NOT NULL,
  `emp_name` varchar(45) DEFAULT NULL,
  `can_id` int(11) NOT NULL,
  `from_date` date NOT NULL,
  `to_date` date NOT NULL,
  `reason` varchar(255) NOT NULL,
  `mobile_no` varchar(10) NOT NULL,
  `phone_no` varchar(10) DEFAULT NULL,
  `leave_address` varchar(50) DEFAULT NULL,
  `leave_type` int(11) NOT NULL,
  `applied_date` date NOT NULL,
  `status` varchar(50) DEFAULT NULL,
  `comment` varchar(255) NOT NULL,
  `created_by` int(11) NOT NULL,
  `created_on` timestamp NOT NULL DEFAULT CURRENT_TIMESTAMP,
  `last_modified_on` timestamp NOT NULL DEFAULT CURRENT_TIMESTAMP ON UPDATE CURRENT_TIMESTAMP,
  `last_modified_by` int(11) NOT NULL,
  `is_deleted` tinyint(1) NOT NULL DEFAULT '0'
) ENGINE=InnoDB DEFAULT CHARSET=latin1;

--
-- Dumping data for table `leave_application`
--

INSERT INTO `leave_application` (`appl_id`, `emp_name`, `can_id`, `from_date`, `to_date`, `reason`, `mobile_no`, `phone_no`, `leave_address`, `leave_type`, `applied_date`, `status`, `comment`, `created_by`, `created_on`, `last_modified_on`, `last_modified_by`, `is_deleted`) VALUES
(1, NULL, 15, '2018-02-09', '2018-02-10', 'test for leave', '7021944955', '', '', 1, '2018-02-09', '1', '', 0, '2018-02-09 11:50:35', '2018-02-09 11:54:04', 0, 0),
(2, NULL, 7, '2018-02-14', '2018-02-16', 'cscxcxc', '8097618205', '8097955115', 'czczcc', 1, '2018-02-10', '1', '', 0, '2018-02-10 07:19:20', '2018-02-10 07:22:09', 0, 0);

--
-- Triggers `leave_application`
--
/*
DELIMITER $$
CREATE TRIGGER `leave_appl_approve_event` AFTER UPDATE ON `leave_application` FOR EACH ROW IF NEW.`status` = 1 THEN 
  INSERT INTO `event` (`can_id`,`title`,`details`,`start`,`end`,`event_type`,`from_tbl`,`from_id`) 
  VALUES (OLD.`can_id`,'leave',OLD.`reason`,OLD.`from_date`,concat(OLD.`to_date`,' 23:59:59'),'leave','leave',OLD.`appl_id`);
END IF
$$
DELIMITER ;
DELIMITER $$
CREATE TRIGGER `leave_appl_insert_pn` AFTER INSERT ON `leave_application` FOR EACH ROW BEGIN
      
      INSERT INTO push_notifications
   ( can_id,
     unique_field_id,
     unique_field_name,table_type,
    operation_type,created_on
   )
   VALUES
   ( NEW.can_id,
     NEW.appl_id,
     'appl_id',
     'leave_application','insert',NOW() );

END
$$
DELIMITER ;
DELIMITER $$
CREATE TRIGGER `leave_appl_update_pn` AFTER UPDATE ON `leave_application` FOR EACH ROW BEGIN
      
      INSERT INTO push_notifications
   ( can_id,
     unique_field_id,
     unique_field_name,table_type,
    operation_type,created_on
   )
   VALUES
   ( OLD.can_id,
     OLD.appl_id,
     'appl_id',
     'leave_application','update',NOW());

END
$$
DELIMITER ;
DELIMITER $$
CREATE TRIGGER `leave_delete_event` AFTER UPDATE ON `leave_application` FOR EACH ROW IF (NEW.`is_deleted` = '1') THEN UPDATE `event` SET `is_deleted`='1' WHERE `from_tbl`='leave' AND `from_id`=OLD.`appl_id`; END IF
$$
DELIMITER ;*/

-- --------------------------------------------------------

--
-- Table structure for table `leave_type`
--

CREATE TABLE `leave_type` (
  `type_id` int(11) NOT NULL,
  `leave_title` varchar(100) NOT NULL,
  `acronym` varchar(10) DEFAULT '',
  `is_deleted` tinyint(1) DEFAULT '0',
  `created_by` int(11) NOT NULL,
  `created_on` datetime NOT NULL DEFAULT CURRENT_TIMESTAMP,
  `last_modified_on` datetime NOT NULL DEFAULT CURRENT_TIMESTAMP ON UPDATE CURRENT_TIMESTAMP,
  `last_modified_by` int(11) NOT NULL
) ENGINE=InnoDB DEFAULT CHARSET=latin1;

--
-- Dumping data for table `leave_type`
--

INSERT INTO `leave_type` (`type_id`, `leave_title`, `acronym`, `is_deleted`, `created_by`, `created_on`, `last_modified_on`, `last_modified_by`) VALUES
(1, 'Sick Leave', 'SL', 0, 1, '2017-12-11 12:51:04', '2018-01-23 04:18:11', 22),
(2, 'Casual Leave', 'CL', 0, 1, '2017-12-11 12:51:04', '2017-12-11 12:51:45', 8),
(3, 'Paid/Earned Leave', 'PL/EL', 0, 1, '2017-12-20 05:52:54', '2017-12-20 05:52:54', 22);

-- --------------------------------------------------------

--
-- Table structure for table `login_session`
--

CREATE TABLE `login_session` (
  `session_id` int(11) NOT NULL,
  `login_date` date NOT NULL,
  `can_id` int(10) NOT NULL
) ENGINE=InnoDB DEFAULT CHARSET=latin1;

--
-- Dumping data for table `login_session`
--

INSERT INTO `login_session` (`session_id`, `login_date`, `can_id`) VALUES
(1, '2018-01-08', 5),
(2, '2018-01-09', 5),
(3, '2018-01-10', 5),
(4, '2018-01-11', 5),
(5, '2018-01-12', 5),
(6, '2018-01-15', 5),
(7, '2018-01-16', 5),
(8, '2018-01-17', 5),
(9, '2018-01-18', 5),
(10, '2018-01-19', 5),
(11, '2018-01-20', 5),
(12, '2018-01-22', 5),
(13, '2018-01-23', 5),
(14, '2018-01-24', 5),
(15, '2018-01-25', 5),
(16, '2018-01-27', 5),
(17, '2018-01-29', 5),
(18, '2018-01-30', 5),
(19, '2018-01-31', 5),
(20, '2018-02-02', 5),
(21, '2018-02-03', 5),
(22, '2018-02-05', 5),
(23, '2018-02-06', 5),
(24, '2018-02-07', 5),
(25, '2018-02-08', 5),
(26, '2018-02-09', 5),
(27, '2018-02-10', 5),
(28, '2018-02-12', 5),
(29, '2018-02-13', 5),
(30, '2018-02-19', 5),
(31, '2018-02-20', 5),
(32, '2018-02-21', 5),
(33, '2018-02-22', 5);

-- --------------------------------------------------------

--
-- Table structure for table `menues`
--

CREATE TABLE `menues` (
  `menu_id` int(11) NOT NULL,
  `menu_name` varchar(45) NOT NULL,
  `parent_id` int(11) DEFAULT '0',
  `sort_order` int(11) DEFAULT '0',
  `is_deleted` tinyint(1) DEFAULT '0',
  `menu_description` varchar(45) DEFAULT '',
  `controller` varchar(255) NOT NULL,
  `method` varchar(255) NOT NULL,
  `menu_icon_class` varchar(255) NOT NULL,
  `menu_icon_color` varchar(255) DEFAULT NULL,
  `created_by` int(11) NOT NULL,
  `created_on` timestamp NOT NULL DEFAULT CURRENT_TIMESTAMP,
  `last_modified_on` datetime NOT NULL DEFAULT CURRENT_TIMESTAMP ON UPDATE CURRENT_TIMESTAMP,
  `last_modified_by` int(11) NOT NULL
) ENGINE=InnoDB DEFAULT CHARSET=latin1;

--
-- Dumping data for table `menues`
--

INSERT INTO `menues` (`menu_id`, `menu_name`, `parent_id`, `sort_order`, `is_deleted`, `menu_description`, `controller`, `method`, `menu_icon_class`, `menu_icon_color`, `created_by`, `created_on`, `last_modified_on`, `last_modified_by`) VALUES
(1, 'Employee Portal', 0, 2, 0, 'mmmmmmmmmmmmmmmm', 'candidate', '', 'fa fa-user', '#3c3c3c', 0, '2017-12-05 00:20:10', '2018-02-03 07:24:17', 0),
(2, 'Register Employee', 1, 3, 0, 'register', 'candidate', 'register', '', '#3c3c3c', 0, '2017-12-05 00:20:10', '2018-02-03 07:25:10', 20),
(3, 'Employee List', 1, 4, 0, '', 'candidate', 'index', '', '#3c3c3c', 0, '2017-12-05 00:20:10', '2018-01-22 18:56:30', 0),
(4, 'Task', 0, 7, 0, 'tasks', 'task', 'index', 'fa fa-flag', '#3c3c3c', 0, '2017-12-05 00:20:10', '2018-02-08 11:18:57', 0),
(5, 'Assigned Task List', 4, 9, 0, 'Task List', 'task', 'task_list', '', '#3c3c3c', 0, '2017-12-05 00:20:10', '2018-02-08 11:20:15', 0),
(6, 'Dashboard', 0, 1, 0, 'dashboard', 'dashboard', 'index', 'fa fa-home', '#3c3c3c', 0, '2017-12-05 00:20:10', '2018-01-22 18:56:30', 20),
(7, 'My Task List', 4, 11, 0, '', 'task', 'my_task_list', '', '#3c3c3c', 0, '2017-12-05 00:20:10', '2018-02-08 11:20:42', 0),
(9, 'Create Task', 4, 8, 0, 'Create Task', 'task', 'create_task', '', '#3c3c3c', 0, '2017-12-05 00:20:10', '2018-02-08 11:20:00', 0),
(10, 'Leave Management', 0, 13, 0, 'Leave Management', 'leave_management', 'index', 'fa fa-align-justify', 'brow', 0, '2017-12-05 00:20:10', '2018-02-03 07:49:18', 1),
(11, 'Leave Types', 10, 17, 0, '', 'leave_management', '', '', '#3c3c3c', 0, '2017-12-05 00:20:10', '2018-02-03 07:51:19', 0),
(12, 'Add Leave Types', 10, 12, 1, '', 'leave_management', 'add_type', '', '#3c3c3c', 0, '2017-12-05 00:20:10', '2018-01-22 18:56:30', 0),
(13, 'Leave Balance', 10, 16, 0, '', 'leave_management', 'leave_balance', '', '#3c3c3c', 0, '2017-12-05 00:20:10', '2018-02-03 07:51:09', 0),
(14, 'Apply For Leave', 10, 14, 0, '', 'leave_management', 'apply_for_leave', '', '#3c3c3c', 0, '2017-12-05 00:20:10', '2018-02-03 07:50:36', 0),
(15, 'Leave Request', 10, 18, 0, '', 'leave_management', 'leave_request', '', '#3c3c3c', 0, '2017-12-05 00:20:10', '2018-02-03 07:51:36', 0),
(16, 'Leave Status', 10, 15, 0, '', 'leave_management', 'leave_status', '', '#3c3c3c', 0, '2017-12-05 00:20:10', '2018-02-03 07:50:50', 0),
(17, 'My Calendar', 0, 25, 0, 'calender', 'calendar', 'index', 'fa fa-calendar', '#3c3c3c', 0, '2017-12-05 00:20:10', '2018-02-03 09:18:45', 0),
(18, 'Compensation', 0, 10, 0, 'Compensation', 'compensation', 'index', 'fa fa-th-list', 'brow', 0, '2017-12-05 00:20:10', '2018-02-08 11:23:28', 1),
(19, 'My Salary Slips', 18, 15, 0, 'My Salary Slips', 'compensation', 'my_salaryslips', '', '#3c3c3c', 0, '2017-12-05 00:20:10', '2018-02-08 11:23:51', 20),
(20, 'Performance And Incentives', 0, 20, 0, 'performance', 'performance_and_incentives', 'index', 'fa fa-line-chart', '#3c3c3c', 0, '2017-12-05 00:20:10', '2018-01-22 18:56:30', 0),
(21, 'Add Criteria', 20, 21, 0, 'add criteria', 'performance_and_incentives', 'add_criteria', '', '#3c3c3c', 0, '2017-12-05 00:20:10', '2018-01-22 18:56:30', 0),
(22, 'Criteria List', 20, 22, 0, 'rate criteria', 'performance_and_incentives', 'rate_criteria', '', '#3c3c3c', 0, '2017-12-05 00:20:10', '2018-01-24 17:13:22', 0),
(23, 'Employee Assessment List', 20, 23, 0, 'Candidate Assessment List', 'performance_and_incentives', 'candidate_assessment_list', '', '#3c3c3c', 0, '2017-12-05 00:20:10', '2018-01-22 18:56:30', 0),
(24, 'Travel Management', 0, 58, 0, 'travel management', 'travel_management', 'index', 'fa fa-rocket', '#3c3c3c', 0, '2017-12-05 00:20:10', '2018-02-03 09:01:36', 0),
(25, 'My Travel Schedule List', 24, 60, 0, 'my travel schedule list', 'travel_management', 'my_travel_schedule_list', '', '#3c3c3c', 0, '2017-12-05 00:20:10', '2018-02-03 09:02:27', 20),
(26, 'Approval', 24, 61, 0, 'Approval', 'travel_management', 'approval', '', '#3c3c3c', 0, '2017-12-05 00:20:10', '2018-02-03 09:02:35', 0),
(27, 'Clearance', 24, 63, 0, 'Clearance', 'travel_management', 'clearance', '', '#3c3c3c', 0, '2017-12-05 00:20:10', '2018-02-03 09:02:46', 0),
(28, 'Claim', 24, 62, 0, 'Bill Upload', 'travel_management', 'bill_upload', '', '#3c3c3c', 0, '2017-12-05 00:20:10', '2018-02-03 09:02:42', 0),
(29, 'System Settings', 0, 70, 0, 'settings', 'system_settings', 'index', 'fa fa-cogs', '#3c3c3c', 0, '2017-12-05 00:20:10', '2018-02-03 09:05:28', 0),
(30, 'Menu List', 29, 71, 0, '', 'system_settings', '', '', '#3c3c3c', 0, '2017-12-05 00:20:10', '2018-02-03 09:05:57', 0),
(31, 'Roles', 29, 75, 0, '', 'system_settings', 'roles', '', '#3c3c3c', 0, '2017-12-05 00:20:10', '2018-02-03 09:10:49', 0),
(33, 'Assign Menu Permissions', 29, 72, 0, '', 'system_settings', 'assign_permissions', '', '#3c3c3c', 0, '2017-12-05 00:20:10', '2018-02-03 09:06:18', 0),
(34, 'Holidays', 0, 20, 0, 'holidays', 'holidays', 'index', 'fa fa-arrows', '#3c3c3c', 0, '2017-12-05 00:20:10', '2018-02-03 07:52:32', 0),
(35, 'Add Menu Operations', 29, 73, 0, 'Add Menu Operations', 'system_settings', 'add_menu_operations', '', '#3c3c3c', 0, '2017-12-05 00:20:10', '2018-02-03 09:10:56', 0),
(36, 'Assign Menu Operations', 29, 74, 0, 'Assign Menu Operations', 'system_settings', 'assign_menu_operations', '', '#3c3c3c', 0, '2017-12-05 00:20:10', '2018-02-03 09:10:59', 0),
(37, 'Assigned Task Status', 4, 10, 0, 'View My Task Status', 'task', 'task_status', 'fa fa-music', '#3c3c3c', 0, '2017-12-05 00:20:10', '2018-02-08 11:20:37', 0),
(38, 'Add Employee Salary Details', 18, 11, 0, 'add employee salary details', 'compensation', 'add_edit_employee_salary_details', 'fa fa-music', '#3c3c3c', 0, '2017-12-05 00:20:10', '2018-02-08 11:23:33', 20),
(39, 'Generate Salary Slip', 18, 12, 0, 'generate salary slip', 'compensation', 'generate_salary_slip', 'fa fa-music', '#3c3c3c', 0, '2017-12-05 00:20:10', '2018-02-08 11:23:38', 20),
(40, 'Employee Salary Details', 18, 13, 0, 'employee salary details', 'compensation', 'employee_salary_details', 'fa fa-music', '#3c3c3c', 0, '2017-12-05 00:20:10', '2018-02-08 11:23:44', 20),
(43, 'Employee Leave Records', 10, 19, 0, 'Employee Leave Records', 'leave_management', 'employee_leave_records', 'fa fa-music', '#3c3c3c', 0, '2017-12-05 00:20:10', '2018-02-03 07:51:44', 0),
(44, 'Monthly Salary Slips ', 18, 14, 0, 'all salary slips', 'compensation', 'all_salary_slips', 'fa fa-music', '#3c3c3c', 0, '2017-12-05 00:20:10', '2018-02-08 11:23:47', 20),
(45, 'Jobs', 0, 31, 0, 'Jobs', 'jobs', 'index', 'fa fa-list', '#3c3c3c', 20, '2017-12-07 00:31:34', '2018-02-03 07:55:57', 20),
(46, 'Job Openings', 45, 32, 0, 'Job Openings', 'jobs', 'job_openings', '', '#3c3c3c', 20, '2017-12-07 00:32:18', '2018-02-03 07:56:06', 20),
(47, 'Job List', 45, 33, 0, 'Job List', 'jobs', 'job_list', '', '#3c3c3c', 20, '2017-12-07 00:32:36', '2018-02-03 07:56:13', 20),
(48, 'Create Schedule', 24, 59, 0, 'Create Schedule', 'travel_management', 'create_schedule', 'fa fa-music', '#3c3c3c', 31, '2017-12-07 20:55:11', '2018-02-03 09:01:44', 31),
(49, 'Documents', 1, 49, 1, 'documents', 'employee', 'documents', '', '#3c3c3c', 20, '2017-12-07 22:41:07', '2018-01-22 18:56:30', 20),
(50, 'News', 0, 26, 0, 'News', 'news', 'index', 'fa fa-newspaper-o', '#3c3c3c', 20, '2017-12-08 01:13:54', '2018-02-03 07:54:31', 20),
(51, 'Resource Request', 0, 37, 0, 'Request', 'resource_request', 'index', 'fa fa-users', '#3c3c3c', 8, '2017-12-12 18:26:27', '2018-02-03 07:57:14', 1),
(52, 'Resource Request', 51, 38, 0, 'Resource Request', 'resource_request', 'index', 'fa fa-music', '#3c3c3c', 8, '2017-12-12 18:26:53', '2018-02-03 07:57:35', 22),
(53, 'Received Request', 51, 39, 0, 'Received Request', 'resource_request', 'received_request', 'fa fa-music', '#3c3c3c', 8, '2017-12-12 18:27:31', '2018-02-03 07:57:42', 8),
(54, 'Employee Properties', 29, 78, 0, 'Employee Properties', 'system_settings', 'employee_properties', '', '#3c3c3c', 47, '2017-12-12 19:02:49', '2018-02-03 09:11:29', 47),
(55, 'User List', 1, 5, 0, 'Users', 'system_settings', 'users', 'fa fa-music', 'brow', 31, '2017-12-12 21:55:20', '2018-02-03 07:47:18', 2),
(56, 'Attendance', 0, 21, 0, 'Attendance', 'attendance', 'index', 'fa fa-calendar', '#3c3c3c', 24, '2017-12-12 23:42:21', '2018-02-03 07:52:52', 24),
(57, 'Import Attendance', 56, 22, 0, 'Import Attendance', 'attendance', 'import_attendance', 'fa fa-refresh', '#3c3c3c', 24, '2017-12-12 23:43:35', '2018-02-03 07:53:08', 24),
(58, 'Travel', 24, 58, 1, 'travel', 'travel_management', 'travel', '', '#3c3c3c', 20, '2017-12-13 00:17:04', '2018-01-22 18:56:30', 20),
(59, 'Organisation Tree', 0, 6, 0, 'Organisation Tree', 'organisation_tree', 'index', 'fa fa-level-down', '#3c3c3c', 24, '2017-12-13 01:38:40', '2018-02-03 07:47:43', 24),
(60, 'Resignation', 63, 81, 0, 'Resignation', 'resignation', 'resig_details', 'fa fa-crosshairs', '#3c3c3c', 45, '2017-12-13 19:06:14', '2018-02-03 09:12:22', 1),
(61, 'Attendance List', 56, 23, 0, 'attendance_list', 'attendance', 'attendance_list', 'fa fa-chevron-down', '#3c3c3c', 24, '2017-12-13 22:49:37', '2018-02-03 07:53:51', 24),
(62, 'Resignation List', 63, 83, 0, 'Resignation List', 'resignation', 'index', 'fa fa-music', '#3c3c3c', 1, '2017-12-15 15:59:34', '2018-02-03 09:12:46', 1),
(63, 'e-Exit Management', 0, 80, 0, 'Resignation', 'resignation', 'index', 'fa fa-times-circle-o', '#3c3c3c', 1, '2017-12-15 16:08:17', '2018-02-03 09:13:01', 1),
(64, 'Widgets', 29, 76, 0, 'Widgets', 'system_settings', 'widgets', '', '#3c3c3c', 1, '2017-12-22 17:38:24', '2018-02-03 09:11:15', 1),
(65, 'Assign Widgets', 29, 77, 0, 'Assign Widgets', 'system_settings', 'assign_widgets', '', '#3c3c3c', 1, '2017-12-22 17:41:10', '2018-02-03 09:11:20', 1),
(66, 'HR Policy', 0, 64, 0, 'Hrpolicy', 'hrpolicy', 'index', 'fa fa-file-o', '#3c3c3c', 1, '2017-12-25 11:04:30', '2018-02-08 11:21:40', 1),
(69, 'Policy List', 66, 66, 0, 'Policy List', 'hrpolicy', 'policy_list', '', '#3c3c3c', 1, '2017-12-25 11:06:37', '2018-02-08 11:21:50', 1),
(70, 'Upload Policy', 66, 65, 0, 'Upload Policy', 'hrpolicy', 'index', '', '#3c3c3c', 1, '2017-12-25 11:07:10', '2018-02-08 11:21:55', 1),
(71, 'Polls', 0, 69, 0, 'Polls', 'polls', 'index', 'fa fa-thumb-tack', '#3c3c3c', 1, '2017-12-26 18:47:14', '2018-02-03 09:05:02', 1),
(72, 'Insurance', 0, 52, 0, 'insurance', 'insurance', 'index', 'fa fa-list-alt', '#3c3c3c', 1, '2018-01-01 11:00:25', '2018-02-08 11:23:19', 1),
(73, 'RPO', 0, 73, 1, 'RPO candidate details', 'rpo', 'index', '', '#3c3c3c', 1, '2018-01-02 20:02:14', '2018-01-22 18:56:30', 1),
(74, 'RPO Salary Details', 73, 74, 0, 'RPO Salary Details', 'rpo', 'rpoemp_salary_details', '', '#3c3c3c', 1, '2018-01-02 20:02:41', '2018-01-22 18:56:30', 1),
(75, 'Add RPO Salary Details', 73, 75, 0, 'Add RPO Salary Details', 'rpo', 'add_edit_rpo_emp_salary_details', '', '#3c3c3c', 1, '2018-01-02 20:03:07', '2018-01-22 18:56:30', 1),
(76, 'RPO Salary Slips', 73, 76, 0, 'RPO Salary Slips', 'rpo', 'all_salary_slips', '', '#3c3c3c', 1, '2018-01-02 20:04:11', '2018-01-22 18:56:30', 1),
(77, 'Generate RPO Salary Slip', 73, 77, 0, 'Generate RPO Salary Slip', 'rpo', 'generate_rposalary_slip', '', '#3c3c3c', 1, '2018-01-02 20:04:34', '2018-01-22 18:56:30', 1),
(78, 'Insurance List', 72, 53, 0, 'Insurance', 'insurance', 'index', 'fa fa-home', '#3c3c3c', 1, '2018-01-02 10:26:43', '2018-02-08 11:23:58', 1),
(79, 'Company List', 72, 54, 0, 'Company List', 'insurance', 'company_list', 'fa fa-shield', '#3c3c3c', 1, '2018-01-02 10:27:22', '2018-02-08 11:24:03', 1),
(80, 'Own Attendance List', 56, 80, 1, 'Own Attendance List', 'attendance', 'own_attendance_list', 'fa fa-th', '#3c3c3c', 1, '2018-01-03 18:47:00', '2018-01-29 13:22:29', 1),
(81, 'Interview', 0, 41, 0, 'interview', 'interview', 'index', 'fa fa-slack', '#3c3c3c', 1, '2018-01-03 10:18:05', '2018-02-03 07:59:54', 1),
(82, 'Interview Report', 81, 42, 0, 'interview_report', 'interview', 'interview_report', '', '#3c3c3c', 1, '2018-01-05 17:55:18', '2018-02-03 08:05:30', 1),
(83, 'Interview Canlist', 81, 43, 0, 'interview canlist', 'interview', 'interview_canlist', '', '#3c3c3c', 1, '2018-01-05 18:01:55', '2018-02-03 08:05:35', 1),
(84, 'My Attendance', 0, 24, 0, 'My Attendance', 'attendance', 'index', 'fa fa-th', '#3c3c3c', 1, '2018-01-05 19:33:31', '2018-02-03 07:53:55', 1),
(85, 'Employee Details', 63, 85, 0, 'Employee Details', 'candidate', 'user_profile_details', '', '#3c3c3c', 1, '2018-01-06 01:34:35', '2018-01-22 18:56:30', 1),
(86, 'HR KRA', 0, 28, 0, 'HR KRA', 'kra', 'hr_dashboard', 'fa fa-line-chart', '#3c3c3c', 1, '2018-01-12 01:17:40', '2018-02-03 07:55:28', 1),
(87, 'Self KRA', 0, 30, 0, 'Self KRA', 'kra', 'user_dashboard', 'fa fa-line-chart', '#3c3c3c', 1, '2018-01-12 01:18:15', '2018-02-03 07:55:37', 1),
(88, 'Manager KRA', 0, 29, 0, 'Manager KRA', 'kra', 'manager_dashboard', 'fa fa-line-chart', '#3c3c3c', 1, '2018-01-12 01:18:53', '2018-02-03 07:55:32', 1),
(89, 'Designation List', 45, 34, 0, 'Designation List', 'jobs', 'designation_list', '', '#3c3c3c', 1, '2018-01-09 23:58:48', '2018-02-03 07:56:19', 1),
(90, 'Department List', 45, 35, 0, 'Department List', 'jobs', 'department_list', '', '#3c3c3c', 1, '2018-01-09 23:58:48', '2018-02-03 07:56:24', 1),
(91, 'Asset List', 29, 79, 0, 'Asset List', 'system_settings', 'asset_list', '', '#3c3c3c', 1, '2018-01-18 05:04:56', '2018-02-03 09:11:33', 1),
(92, 'RPO Manager', 0, 45, 0, 'RPO Manager', 'rpo_manager', 'index', 'fa fa-align-left', '#3c3c3c', 1, '2018-01-18 06:57:34', '2018-02-03 08:09:45', 1),
(93, 'Client List', 92, 46, 0, 'Client List', 'rpo_manager', 'client_list', '', '#3c3c3c', 1, '2018-01-18 06:58:06', '2018-02-03 08:58:13', 1),
(94, 'Contract List', 92, 47, 0, 'Contract List', 'rpo_manager', 'project_list', '', '#3c3c3c', 1, '2018-01-18 06:58:49', '2018-02-03 08:58:21', 1),
(95, 'Interview List', 92, 95, 0, 'Interview List', 'rpo_interview', 'index', '', '#3c3c3c', 1, '2018-01-18 06:59:18', '2018-01-22 18:56:30', 1),
(96, 'Employee List', 92, 48, 0, 'Employee List', 'rpo_manager', 'index', '', '#3c3c3c', 1, '2018-01-18 06:59:49', '2018-02-03 08:58:26', 1),
(97, 'Assign Resource', 51, 40, 0, 'assign_resource', 'resource_request', 'assign_resource', '', '#3c3c3c', 1, '2018-01-17 22:45:10', '2018-02-03 07:57:46', 1),
(98, 'Interview Task', 81, 44, 0, 'interview_task', 'interview', 'interview_task', '', '#3c3c3c', 1, '2018-01-18 00:30:02', '2018-02-03 08:06:06', 1),
(99, 'Bulk mail', 0, 27, 0, 'Bulk mail', 'bulk_mail', 'index', 'fa fa-volume-up', '#3c3c3c', 1, '2018-01-21 23:09:10', '2018-02-03 07:54:59', 1),
(100, 'Salary Slips', 92, 49, 0, 'Salary Slips', 'rpo_manager', 'all_salary_slips', '', 'brow', 1, '2018-01-23 19:50:57', '2018-02-03 08:58:33', 1),
(101, 'Import Attendance', 92, 50, 0, 'Import Attendance', 'rpo_manager', 'import_attendance', 'fa fa-calendar', 'brow', 1, '2018-01-30 05:44:12', '2018-02-03 08:59:03', 1),
(102, 'Attendance List', 92, 51, 0, 'Attendance List', 'rpo_manager', 'attendance_list', '', 'brow', 1, '2018-01-30 05:46:14', '2018-02-03 08:59:10', 1),
(103, 'Qualification List', 45, 36, 0, 'Qualification List', 'jobs', 'qualification_list', '', 'brow', 2, '2018-02-01 12:56:15', '2018-02-03 07:56:30', 2),
(104, 'Generate Excel', 18, 104, 0, 'Generate Excel', 'compensation', 'generate_excel', '', 'brow', 2, '2018-02-09 19:32:50', '2018-02-10 13:02:50', 2);

-- --------------------------------------------------------

--
-- Table structure for table `menu_operations`
--

CREATE TABLE `menu_operations` (
  `mo_id` int(11) NOT NULL,
  `menu_id` int(11) NOT NULL,
  `menu_operation_name` varchar(255) NOT NULL,
  `description` varchar(255) NOT NULL,
  `is_active` tinyint(1) NOT NULL DEFAULT '1',
  `created_on` timestamp NOT NULL DEFAULT CURRENT_TIMESTAMP,
  `created_by` int(11) NOT NULL,
  `last_modified_on` timestamp NOT NULL DEFAULT CURRENT_TIMESTAMP ON UPDATE CURRENT_TIMESTAMP,
  `last_modified_by` int(11) NOT NULL
) ENGINE=InnoDB DEFAULT CHARSET=latin1;

--
-- Dumping data for table `menu_operations`
--

INSERT INTO `menu_operations` (`mo_id`, `menu_id`, `menu_operation_name`, `description`, `is_active`, `created_on`, `created_by`, `last_modified_on`, `last_modified_by`) VALUES
(1, 1, 'add', 'add candidate', 1, '2017-12-11 23:51:03', 0, '2017-12-11 23:51:03', 0),
(2, 1, 'edit', 'edit candidate', 1, '2017-12-11 23:51:03', 0, '2017-12-11 23:51:03', 0),
(3, 1, 'delete', 'delete candidate', 1, '2017-12-11 23:51:03', 0, '2017-12-11 23:51:03', 0),
(4, 1, 'update', 'update candidate', 1, '2017-12-11 23:51:03', 0, '2017-12-11 23:51:03', 0),
(5, 1, 'profile details', 'profile details', 1, '2017-12-11 23:51:03', 0, '2017-12-11 23:51:03', 0),
(6, 1, 'Bank Details', 'bank details', 1, '2017-12-11 23:51:03', 0, '2017-12-11 23:51:03', 0),
(7, 1, 'Documents', 'candidate documents', 1, '2017-12-11 23:51:03', 0, '2017-12-11 23:51:03', 0),
(8, 1, 'Billing', 'candidate billing', 1, '2017-12-11 23:51:03', 0, '2017-12-11 23:51:03', 0),
(9, 1, 'Experience', 'Candidate Experience', 1, '2017-12-11 23:51:03', 0, '2017-12-11 23:51:03', 0),
(10, 1, 'Investment', 'candidate investment', 1, '2017-12-11 23:51:03', 0, '2017-12-11 23:51:03', 0),
(11, 1, 'Reference', 'Verification Reference', 1, '2017-12-11 23:51:03', 0, '2017-12-11 23:51:03', 0),
(12, 1, 'Interview Reference', 'Interview Reference', 1, '2017-12-11 23:51:03', 0, '2017-12-11 23:51:03', 0),
(13, 1, 'salary slip details', 'salary slip details', 1, '2017-12-11 23:51:03', 0, '2017-12-11 23:51:03', 0),
(15, 4, 'update', 'update', 1, '2017-12-11 23:51:03', 0, '2017-12-11 23:51:03', 0),
(16, 20, 'Add Edit', 'Add Edit', 1, '2017-12-11 23:51:03', 0, '2017-12-11 23:51:03', 0),
(17, 4, 'assign', 'assign', 1, '2017-12-11 23:51:03', 0, '2017-12-13 05:07:33', 0),
(18, 34, 'Add Edit', 'add_edit', 1, '2017-12-11 23:51:03', 0, '2018-01-23 11:33:39', 0),
(19, 4, 'delete task', 'delete_task', 1, '2017-12-11 23:51:03', 0, '2017-12-13 05:07:56', 0),
(20, 29, 'delete menu', 'delete_menu', 1, '2017-12-11 23:51:03', 0, '2017-12-12 06:13:10', 0),
(21, 10, 'add type', 'add_type', 1, '2017-12-11 23:51:03', 0, '2017-12-13 04:53:38', 0),
(22, 10, 'edit leave type', 'edit_leave_type', 1, '2017-12-11 23:51:03', 0, '2017-12-13 04:52:35', 0),
(23, 10, 'delete type', 'delete_type', 1, '2017-12-11 23:51:03', 0, '2017-12-13 04:53:06', 0),
(24, 1, 'edit billing details', 'edit_billing_details', 1, '2017-12-11 23:51:03', 0, '2017-12-11 23:51:03', 0),
(25, 1, 'add billing details', 'add_billing_details', 1, '2017-12-11 23:51:03', 0, '2017-12-11 23:51:03', 0),
(26, 1, 'add billing', 'add_billing', 1, '2017-12-11 23:51:03', 0, '2017-12-11 23:51:03', 0),
(27, 1, 'edit exp details', 'edit_exp_details', 1, '2017-12-11 23:51:03', 0, '2017-12-11 23:51:03', 0),
(28, 1, 'delete exp', 'delete_exp', 1, '2017-12-11 23:51:03', 0, '2017-12-11 23:51:03', 0),
(29, 1, 'add investment', 'add_investment', 1, '2017-12-11 23:51:03', 0, '2017-12-11 23:51:03', 0),
(30, 1, 'edit investment details', 'edit_investment_details', 1, '2017-12-11 23:51:03', 0, '2017-12-11 23:51:03', 0),
(31, 1, 'delete investment', 'delete_investment', 1, '2017-12-11 23:51:03', 0, '2017-12-11 23:51:03', 0),
(32, 1, 'add reference details', 'add_reference_details', 1, '2017-12-11 23:51:03', 0, '2017-12-11 23:51:03', 0),
(33, 1, 'edit reference details', 'edit_reference_details', 1, '2017-12-11 23:51:03', 0, '2017-12-11 23:51:03', 0),
(34, 1, 'add experience', 'add_experience', 1, '2017-12-11 23:51:03', 0, '2017-12-11 23:51:03', 0),
(37, 18, 'delete saldetails', 'delete_saldetails', 1, '2017-12-11 23:51:03', 0, '2017-12-11 23:51:03', 0),
(38, 20, 'rate criteria', 'rate criteria', 1, '2017-12-11 23:51:03', 0, '2017-12-11 23:51:03', 0),
(39, 24, 'add travel', 'add_travel', 1, '2017-12-11 23:51:03', 0, '2017-12-13 00:29:37', 0),
(40, 24, 'travel approval', 'travel_approval', 1, '2017-12-11 23:51:03', 0, '2017-12-13 00:30:31', 0),
(41, 24, 'clearance show', 'clearance_show', 1, '2017-12-11 23:51:03', 0, '2017-12-13 00:31:46', 0),
(42, 24, 'travel particular', 'travel_particular', 1, '2017-12-11 23:51:03', 0, '2017-12-13 00:30:58', 0),
(43, 1, 'delete ref', 'delete ref', 1, '2017-12-11 23:51:03', 0, '2017-12-11 23:51:03', 0),
(44, 24, 'delete travel', 'delete_travel', 1, '2017-12-11 23:51:03', 0, '2017-12-13 00:30:06', 0),
(45, 24, 'delete doc', 'delete_doc', 1, '2017-12-11 23:51:03', 0, '2017-12-13 00:29:23', 0),
(46, 1, 'delete doc', 'delete doc', 1, '2017-12-11 23:51:03', 0, '2017-12-11 23:51:03', 0),
(47, 20, 'delete criteria', 'delete criteria', 1, '2017-12-11 23:51:03', 0, '2017-12-11 23:51:03', 0),
(49, 45, 'add edit job details', 'add_edit_job_details', 1, '2017-12-11 23:51:03', 0, '2017-12-11 23:51:03', 0),
(50, 45, 'delete job', 'delete_job', 1, '2017-12-11 23:51:03', 0, '2017-12-11 23:51:03', 0),
(51, 50, 'index', 'list', 1, '2017-12-11 23:51:03', 0, '2017-12-11 23:51:03', 0),
(52, 50, 'update', 'update', 1, '2017-12-11 23:51:03', 0, '2017-12-11 23:51:03', 0),
(53, 50, 'create news', 'create_news', 1, '2017-12-11 23:51:03', 0, '2017-12-11 23:51:03', 0),
(54, 50, 'delete news', 'delete_news', 1, '2017-12-11 23:51:03', 0, '2017-12-11 23:51:03', 0),
(55, 1, 'delete billing', 'delete billing', 1, '2017-12-11 23:51:03', 0, '2017-12-11 23:51:03', 0),
(57, 29, 'update menu', 'update_menu', 1, '2017-12-12 06:02:07', 0, '2017-12-12 06:02:07', 0),
(58, 29, 'add menu operations', 'add_menu_operations', 1, '2017-12-12 06:02:25', 0, '2017-12-12 06:02:25', 0),
(59, 29, 'add menu', 'add_menu', 1, '2017-12-12 06:02:39', 0, '2017-12-12 06:13:28', 0),
(60, 29, 'update menu operation', 'update_menu_operation', 1, '2017-12-12 06:05:36', 0, '2017-12-12 06:05:36', 0),
(61, 29, 'delete menu operation', 'delete_menu_operation', 1, '2017-12-12 06:18:23', 0, '2017-12-12 06:18:23', 0),
(62, 29, 'add role', 'add_role', 1, '2017-12-12 07:08:40', 0, '2017-12-12 07:08:40', 0),
(63, 29, 'edit role', 'edit_role', 1, '2017-12-12 07:08:58', 0, '2017-12-12 07:08:58', 0),
(64, 29, 'delete role', 'delete_role', 1, '2017-12-12 07:09:15', 0, '2017-12-12 07:09:15', 0),
(65, 34, 'delete holiday', 'delete_holiday', 1, '2017-12-12 07:12:31', 0, '2017-12-12 07:12:31', 0),
(66, 51, 'add edit', 'add edit', 1, '2017-12-12 23:58:25', 0, '2017-12-12 23:58:25', 0),
(67, 51, 'index', 'index', 1, '2017-12-12 23:58:41', 0, '2017-12-12 23:58:41', 0),
(68, 51, 'received', 'received', 1, '2017-12-12 23:58:54', 0, '2017-12-12 23:58:54', 0),
(69, 51, 'process request', 'process request', 1, '2017-12-12 23:59:04', 0, '2017-12-12 23:59:04', 0),
(70, 51, 'delete request', 'delete request', 1, '2017-12-12 23:59:21', 0, '2017-12-12 23:59:21', 0),
(71, 18, 'update salary slip', 'update_salary_slip', 1, '2017-12-13 01:37:32', 0, '2017-12-13 01:37:32', 0),
(73, 18, 'delete salaryslip', 'delete_salaryslip', 1, '2017-12-13 02:19:42', 0, '2017-12-13 02:19:42', 0),
(74, 17, 'add event details', 'add_event_details', 1, '2017-12-13 02:30:03', 0, '2017-12-13 02:30:03', 0),
(75, 17, 'delete event', 'delete_event', 1, '2017-12-13 02:30:46', 0, '2017-12-13 02:30:46', 0),
(76, 50, 'view', 'this is for view', 1, '2017-12-13 03:56:14', 0, '2017-12-13 03:56:14', 0),
(77, 10, 'change status', 'change_status', 1, '2017-12-13 04:52:00', 0, '2017-12-13 04:52:00', 0),
(78, 4, 'view', 'view', 1, '2017-12-13 05:05:25', 0, '2017-12-13 05:05:33', 0),
(79, 17, 'ADD', 'THIS IS FOR ADD', 1, '2017-12-13 05:07:38', 0, '2017-12-13 05:07:38', 0),
(80, 4, 'reopen task', 'reopen_task', 1, '2017-12-13 05:08:19', 0, '2017-12-13 05:08:19', 0),
(81, 56, 'import attendance', 'import attendance', 1, '2017-12-13 05:14:37', 0, '2017-12-13 05:14:37', 0),
(82, 56, 'save attendance', 'save attendance', 1, '2017-12-13 05:14:51', 0, '2017-12-13 05:14:51', 0),
(83, 10, 'view', 'view task', 1, '2017-12-14 00:11:33', 0, '2017-12-14 00:11:33', 0),
(84, 18, 'view', 'view salary slip', 1, '2017-12-14 00:13:22', 0, '2017-12-14 00:13:22', 0),
(85, 56, 'attendance view', 'attendance_view', 1, '2017-12-14 04:20:18', 0, '2017-12-14 04:20:18', 0),
(86, 56, 'attendance list', 'attendance_list', 1, '2017-12-14 04:20:34', 0, '2017-12-14 04:20:34', 0),
(87, 20, 'view', 'view rate criteria', 1, '2017-12-14 05:36:29', 0, '2017-12-14 05:36:29', 0),
(88, 45, 'view', 'view jobs', 1, '2017-12-14 05:38:30', 0, '2017-12-14 05:38:30', 0),
(89, 20, 'delete asses', 'delete_asses', 1, '2017-12-16 04:09:44', 0, '2017-12-16 04:09:44', 0),
(90, 20, 'view criteria', 'view_criteria', 1, '2017-12-16 04:10:58', 0, '2017-12-16 04:10:58', 0),
(91, 56, 'attendance indiv view', 'attendance indiv view', 1, '2017-12-29 04:31:27', 0, '2017-12-29 04:31:27', 0),
(92, 73, 'update salary slip', 'update salary slip', 1, '2018-01-03 01:35:38', 0, '2018-01-03 01:35:38', 0),
(93, 73, 'view', 'view', 1, '2018-01-03 01:35:53', 0, '2018-01-03 01:35:53', 0),
(94, 73, 'delete rposaldetails', 'delete rposaldetails', 1, '2018-01-03 01:36:05', 0, '2018-01-03 01:36:05', 0),
(95, 73, 'delete salaryslip', 'delete salaryslip', 1, '2018-01-03 01:36:15', 0, '2018-01-03 01:36:15', 0),
(96, 56, 'own attendance list', 'own attendance list', 1, '2018-01-04 00:19:34', 0, '2018-01-04 00:19:34', 0),
(97, 56, 'own attendance details', 'own attendance details', 1, '2018-01-04 00:19:42', 0, '2018-01-04 00:19:42', 0),
(98, 81, 'interview report', 'interview_report', 1, '2018-01-05 23:25:40', 0, '2018-01-05 23:25:40', 0),
(99, 81, 'interview canlist', 'interview_canlist', 1, '2018-01-05 23:31:10', 0, '2018-01-05 23:31:10', 0),
(100, 45, 'delete designation', 'delete_designation', 1, '2018-01-10 12:29:27', 0, '2018-02-01 09:38:47', 0),
(101, 45, 'add edit designation', 'add_edit_designation', 1, '2018-01-10 12:29:32', 0, '2018-01-10 12:29:32', 0),
(102, 81, 'delete', 'delete', 1, '2018-01-12 06:09:36', 0, '2018-01-12 06:09:36', 0),
(105, 45, 'add edit department', 'add_edit_department', 1, '2018-01-10 12:05:50', 0, '2018-01-10 12:05:50', 0),
(106, 45, 'delete department', 'delete_department', 1, '2018-01-10 12:06:05', 0, '2018-01-10 12:06:05', 0),
(107, 51, 'view request', 'view_request', 1, '2018-01-16 11:02:03', 0, '2018-01-16 11:02:03', 0),
(108, 92, 'add_edit', 'add_edit', 1, '2018-01-18 07:12:57', 0, '2018-01-18 08:02:49', 0),
(109, 92, 'add edit rpo candidate', 'add_edit_rpo_candidate', 1, '2018-01-18 08:08:49', 0, '2018-01-18 08:08:49', 0),
(110, 51, 'assign', 'assign', 1, '2018-01-18 10:58:21', 0, '2018-01-18 10:58:21', 0),
(111, 81, 'update task', 'update_task', 1, '2018-01-18 12:36:24', 0, '2018-01-18 12:36:55', 0),
(112, 84, 'own attendance details', 'own attendance details', 1, '2018-01-22 06:59:27', 0, '2018-01-22 06:59:27', 0),
(113, 99, 'index', 'index', 1, '2018-01-22 11:09:39', 0, '2018-01-22 11:09:39', 0),
(114, 45, 'add edit qualification', 'add_edit_qualification', 1, '2018-02-01 07:27:19', 0, '2018-02-01 07:27:19', 0),
(115, 45, 'delete qualification', 'delete_qualification', 1, '2018-02-01 07:27:36', 0, '2018-02-01 09:31:39', 0);

-- --------------------------------------------------------

--
-- Stand-in structure for view `my_profile_view`
--
CREATE TABLE `my_profile_view` (
`can_id` int(11)
,`pan_no` varchar(10)
,`aadhar_no` varchar(14)
,`account_number` varchar(20)
);

-- --------------------------------------------------------

--
-- Table structure for table `news`
--

CREATE TABLE `news` (
  `nw_id` int(11) NOT NULL,
  `nw_title` varchar(255) NOT NULL,
  `image_name` varchar(50) NOT NULL,
  `nw_description` varchar(1000) DEFAULT NULL,
  `nw_image` varchar(255) DEFAULT NULL,
  `publish_date` datetime DEFAULT NULL,
  `publish_status` tinyint(4) NOT NULL DEFAULT '0',
  `created_by` int(11) DEFAULT NULL,
  `created_on` timestamp NULL DEFAULT NULL,
  `last_modified_by` int(11) DEFAULT NULL,
  `last_modified_on` timestamp NULL DEFAULT CURRENT_TIMESTAMP ON UPDATE CURRENT_TIMESTAMP,
  `is_deleted` tinyint(1) DEFAULT '0'
) ENGINE=InnoDB DEFAULT CHARSET=latin1;

--
-- Dumping data for table `news`
--

INSERT INTO `news` (`nw_id`, `nw_title`, `image_name`, `nw_description`, `nw_image`, `publish_date`, `publish_status`, `created_by`, `created_on`, `last_modified_by`, `last_modified_on`, `is_deleted`) VALUES
(1, 'testtttt', '1514642114.jpg', '<p>testttttttttttttttttttttttttttttttttttttttttttttttttttttttttttttttttttsedtsdrtgsrtstttttttttttttttttttttttttt</p>', '/var/www/html/hrms/uploads/newsImage/1514642114.jpg', '2017-12-30 19:25:14', 1, 22, '2017-12-30 01:55:14', 22, '2018-02-03 07:54:50', 1);

-- --------------------------------------------------------

--
-- Table structure for table `performance_criteria`
--

CREATE TABLE `performance_criteria` (
  `criteria_id` int(11) NOT NULL,
  `criteria_name` varchar(255) NOT NULL,
  `percent_value` int(11) NOT NULL,
  `role_id` int(11) NOT NULL,
  `created_by` int(11) NOT NULL,
  `created_on` timestamp NOT NULL DEFAULT CURRENT_TIMESTAMP,
  `last_modified_by` int(11) NOT NULL,
  `last_modified_on` timestamp NOT NULL DEFAULT CURRENT_TIMESTAMP ON UPDATE CURRENT_TIMESTAMP,
  `is_deleted` tinyint(1) DEFAULT '0'
) ENGINE=InnoDB DEFAULT CHARSET=latin1;

--
-- Dumping data for table `performance_criteria`
--

INSERT INTO `performance_criteria` (`criteria_id`, `criteria_name`, `percent_value`, `role_id`, `created_by`, `created_on`, `last_modified_by`, `last_modified_on`, `is_deleted`) VALUES
(1, 'Efficiency', 100, 5, 0, '2017-12-08 11:06:59', 8, '2017-12-16 06:43:29', 0),
(2, 'Downtime', 100, 6, 0, '2017-12-08 11:06:59', 0, '2017-12-08 11:06:59', 0),
(3, 'Accurracy', 100, 4, 0, '2017-12-08 11:06:59', 0, '2017-12-08 11:06:59', 0),
(4, 'Timelinessadad', 100, 3, 0, '2017-12-08 11:06:59', 8, '2017-12-20 22:33:47', 0),
(5, 'Targets', 100, 4, 0, '2017-12-08 11:06:59', 0, '2017-12-08 11:06:59', 0),
(6, 'Benchmark Criteria', 100, 4, 0, '2017-12-08 11:06:59', 0, '2017-12-08 11:06:59', 0),
(7, 'Design Forms Per Day', 5, 6, 0, '2017-12-08 11:06:59', 0, '2017-12-08 11:06:59', 0),
(8, 'Develop html', 5, 6, 0, '2017-12-08 11:06:59', 0, '2017-12-08 11:06:59', 0),
(9, 'Code  accuracy', 100, 6, 0, '2017-12-08 11:06:59', 0, '2017-12-08 11:06:59', 0),
(16, 'abc', 100, 3, 20, '2017-12-14 09:14:11', 8, '2017-12-16 09:39:01', 1),
(17, 'Accurancy', 100, 14, 8, '2017-12-15 12:05:36', 8, '2017-12-15 12:39:39', 1),
(18, 'Performance', 10, 14, 22, '2017-12-16 03:06:41', 22, '2017-12-16 03:06:51', 0),
(19, 'effiecient', 80, 3, 22, '2017-12-16 06:02:43', 22, '2017-12-16 06:02:43', 0),
(20, 'Efficiency', 10, 14, 1, '2017-12-18 00:38:34', 1, '2017-12-18 00:38:34', 0),
(21, 'Accuracy', 10, 14, 1, '2017-12-18 00:38:55', 1, '2017-12-22 06:07:16', 1),
(22, 'Timeliness', 10, 14, 1, '2017-12-18 00:39:08', 1, '2017-12-18 00:39:08', 0),
(23, 'punctuality', 100, 3, 22, '2017-12-20 00:48:13', 22, '2017-12-20 00:48:13', 0),
(24, 'smart', 0, 3, 2, '2017-12-22 23:51:26', 2, '2017-12-22 23:51:26', 0),
(25, 'weww', 0, 14, 22, '2017-12-30 06:02:16', 22, '2017-12-30 06:02:16', 0);

-- --------------------------------------------------------

--
-- Table structure for table `permissions`
--

CREATE TABLE `permissions` (
  `permission_id` int(11) NOT NULL,
  `permission_name` varchar(255) NOT NULL,
  `is_deleted` tinyint(1) DEFAULT '0'
) ENGINE=InnoDB DEFAULT CHARSET=latin1;

--
-- Dumping data for table `permissions`
--

INSERT INTO `permissions` (`permission_id`, `permission_name`, `is_deleted`) VALUES
(1, 'Task Management', 0),
(2, 'Leave Management', 0),
(3, 'User Dashboard', 0),
(4, 'Reporting', 0),
(5, 'Asssign Tasks', 0),
(6, 'Dashboard', 0);

-- --------------------------------------------------------

--
-- Table structure for table `property`
--

CREATE TABLE `property` (
  `prop_id` int(11) NOT NULL,
  `dept_id` int(11) NOT NULL,
  `prop_name` varchar(100) NOT NULL,
  `status` tinyint(1) NOT NULL DEFAULT '0',
  `quantity` int(11) NOT NULL,
  `purchase_price` varchar(32) NOT NULL,
  `penalty` varchar(32) NOT NULL,
  `is_deleted` tinyint(1) NOT NULL DEFAULT '0'
) ENGINE=InnoDB DEFAULT CHARSET=latin1;

--
-- Dumping data for table `property`
--

INSERT INTO `property` (`prop_id`, `dept_id`, `prop_name`, `status`, `quantity`, `purchase_price`, `penalty`, `is_deleted`) VALUES
(1, 1, 'Laptop', 1, 50, '30000', '30000', 0),
(2, 2, 'Identity Card', 1, 50, '200', '200', 0),
(3, 1, 'Mouse', 1, 50, '500', '500', 0),
(4, 1, 'Mouse Pad', 1, 50, '100', '100', 0),
(5, 3, 'Visiting Card', 1, 50, '50', '50', 0),
(6, 2, 'Lanyard', 1, 50, '50', '50', 0);

-- --------------------------------------------------------

--
-- Table structure for table `push_notifications`
--

CREATE TABLE `push_notifications` (
  `pn_id` int(11) NOT NULL,
  `can_id` int(11) NOT NULL,
  `reporting_to` int(11) NOT NULL DEFAULT '0',
  `unique_field_id` int(11) NOT NULL,
  `unique_field_name` varchar(255) NOT NULL,
  `table_type` varchar(255) NOT NULL,
  `operation_type` varchar(255) NOT NULL,
  `status` int(11) NOT NULL DEFAULT '0',
  `created_on` timestamp NULL DEFAULT NULL
) ENGINE=InnoDB DEFAULT CHARSET=latin1;

--
-- Dumping data for table `push_notifications`
--

INSERT INTO `push_notifications` (`pn_id`, `can_id`, `reporting_to`, `unique_field_id`, `unique_field_name`, `table_type`, `operation_type`, `status`, `created_on`) VALUES
(1, 7, 0, 1, 'taskm_id', 'task_manager', 'insert', 0, '2018-01-31 07:42:15'),
(2, 9, 0, 2, 'taskm_id', 'task_manager', 'insert', 1, '2018-01-31 07:42:16'),
(3, 15, 0, 3, 'taskm_id', 'task_manager', 'insert', 1, '2018-01-31 07:42:17'),
(4, 29, 0, 4, 'taskm_id', 'task_manager', 'insert', 1, '2018-01-31 07:42:18'),
(5, 20, 0, 5, 'taskm_id', 'task_manager', 'insert', 1, '2018-01-31 07:44:05'),
(6, 12, 0, 6, 'taskm_id', 'task_manager', 'insert', 0, '2018-02-01 09:11:20'),
(7, 15, 29, 1, 'appl_id', 'leave_application', 'insert', 1, '2018-02-09 11:50:35'),
(8, 15, 0, 1, 'appl_id', 'leave_application', 'update', 1, '2018-02-09 11:54:04'),
(9, 7, 9, 2, 'appl_id', 'leave_application', 'insert', 0, '2018-02-10 07:19:20'),
(10, 7, 0, 2, 'appl_id', 'leave_application', 'update', 0, '2018-02-10 07:22:09'),
(11, 7, 0, 7, 'taskm_id', 'task_manager', 'insert', 0, '2018-02-21 09:41:20'),
(12, 5, 0, 8, 'taskm_id', 'task_manager', 'insert', 1, '2018-02-21 11:51:22'),
(13, 34, 0, 9, 'taskm_id', 'task_manager', 'insert', 0, '2018-02-21 12:06:25'),
(14, 15, 0, 10, 'taskm_id', 'task_manager', 'insert', 1, '2018-02-22 05:05:20'),
(15, 15, 0, 10, 'taskm_id', 'task_manager', 'update', 1, '2018-02-22 05:06:15'),
(16, 15, 0, 11, 'taskm_id', 'task_manager', 'insert', 0, '2018-02-22 06:07:35'),
(17, 15, 0, 12, 'taskm_id', 'task_manager', 'insert', 0, '2018-02-22 07:37:15');

-- --------------------------------------------------------

--
-- Table structure for table `qualifications`
--

CREATE TABLE `qualifications` (
  `id` int(11) NOT NULL,
  `title` varchar(250) DEFAULT NULL,
  `created_by` int(11) NOT NULL,
  `created_on` timestamp NOT NULL DEFAULT CURRENT_TIMESTAMP,
  `last_modified_on` timestamp NOT NULL DEFAULT CURRENT_TIMESTAMP ON UPDATE CURRENT_TIMESTAMP,
  `last_modified_by` int(11) NOT NULL,
  `is_deleted` tinyint(1) DEFAULT '0'
) ENGINE=InnoDB DEFAULT CHARSET=latin1;

--
-- Dumping data for table `qualifications`
--

INSERT INTO `qualifications` (`id`, `title`, `created_by`, `created_on`, `last_modified_on`, `last_modified_by`, `is_deleted`) VALUES
(1, 'B.A', 0, '2018-02-01 09:27:54', '2018-02-01 09:27:54', 0, 0),
(2, 'B.Com', 0, '2018-02-01 09:27:54', '2018-02-01 09:27:54', 0, 0),
(3, 'B.Sc.', 0, '2018-02-01 09:27:54', '2018-02-01 09:27:54', 0, 0),
(4, 'B.Sc.(IT)', 0, '2018-02-01 09:27:54', '2018-02-01 09:27:54', 0, 0),
(5, 'BCA', 0, '2018-02-01 09:27:54', '2018-02-01 09:27:54', 0, 0),
(6, 'BCS', 0, '2018-02-01 09:27:54', '2018-02-01 09:27:54', 0, 0),
(7, 'BE', 0, '2018-02-01 09:27:54', '2018-02-01 09:27:54', 0, 0),
(8, 'B.Tech', 0, '2018-02-01 09:27:54', '2018-02-01 09:27:54', 0, 0),
(9, 'MCA', 0, '2018-02-01 09:27:54', '2018-02-01 09:27:54', 0, 0),
(10, 'MBA', 0, '2018-02-01 09:27:54', '2018-02-01 09:27:54', 0, 0),
(11, 'M.Tech', 0, '2018-02-01 09:27:54', '2018-02-01 09:27:54', 0, 0),
(12, 'ME', 0, '2018-02-01 09:27:54', '2018-02-01 09:27:54', 0, 0),
(13, 'Ph.D', 0, '2018-02-01 09:27:54', '2018-02-01 09:27:54', 0, 0),
(14, 'M.Com', 0, '2018-02-01 09:27:54', '2018-02-01 09:27:54', 0, 0),
(15, 'M.Sc', 0, '2018-02-01 09:27:54', '2018-02-01 09:27:54', 0, 0),
(16, 'aa', 2, '2018-02-01 02:58:17', '2018-02-01 09:34:20', 2, 1),
(17, 'aaa', 2, '2018-02-01 03:05:28', '2018-02-01 09:36:06', 2, 1);

-- --------------------------------------------------------

--
-- Table structure for table `referance`
--

CREATE TABLE `referance` (
  `ref_id` int(11) NOT NULL,
  `ref_name` varchar(100) NOT NULL,
  `ref_email` varchar(50) NOT NULL,
  `ref_contact` varchar(20) NOT NULL,
  `ref_designation` varchar(100) NOT NULL,
  `ref_company` varchar(50) NOT NULL,
  `ref_experience` varchar(10) NOT NULL,
  `others` text NOT NULL,
  `is_deleted` tinyint(1) NOT NULL,
  `can_id` int(11) NOT NULL,
  `ref_mobile` varchar(45) DEFAULT NULL,
  `ref_type` tinyint(1) DEFAULT NULL,
  `created_on` timestamp NOT NULL DEFAULT CURRENT_TIMESTAMP,
  `created_by` int(11) NOT NULL,
  `last_modified_on` timestamp NOT NULL DEFAULT CURRENT_TIMESTAMP ON UPDATE CURRENT_TIMESTAMP,
  `last_modified_by` int(11) NOT NULL
) ENGINE=InnoDB DEFAULT CHARSET=latin1;

--
-- Dumping data for table `referance`
--

INSERT INTO `referance` (`ref_id`, `ref_name`, `ref_email`, `ref_contact`, `ref_designation`, `ref_company`, `ref_experience`, `others`, `is_deleted`, `can_id`, `ref_mobile`, `ref_type`, `created_on`, `created_by`, `last_modified_on`, `last_modified_by`) VALUES
(1, 'Smita', 'smita@raoson.com', '6577890098', 'software testing', 'Raoson Business and Softech Solutions', '4', '', 1, 12, '6800654444', 1, '2018-01-31 01:03:37', 12, '2018-01-31 07:34:57', 12),
(2, 'smita', 'smita@raoson.com', '5678966564', 'software tester', 'Raoson Business and Softech Solutions', '2', '', 0, 12, '9808765678', 1, '2018-01-31 01:05:44', 12, '2018-01-31 01:05:44', 12),
(3, 'Neha', 'neha@cmail.com', '', 'UI Developer', 'ABC', '2', '', 1, 15, '8754656698', 1, '2018-01-31 01:20:40', 15, '2018-02-02 05:02:33', 15),
(4, 'test', 'test@gmail.com', '', 'test', 'test', '', '', 0, 29, '1234567890', 1, '2018-01-31 01:29:15', 29, '2018-01-31 01:29:15', 29);

-- --------------------------------------------------------

--
-- Table structure for table `referred_job_manager`
--

CREATE TABLE `referred_job_manager` (
  `ref_id` int(11) NOT NULL,
  `referred_by` int(11) NOT NULL,
  `referto_name` varchar(100) NOT NULL,
  `referto_email` varchar(100) NOT NULL,
  `job_id` int(11) NOT NULL,
  `job_title` varchar(100) NOT NULL,
  `no_of_position` int(11) NOT NULL,
  `created_on` timestamp NOT NULL DEFAULT CURRENT_TIMESTAMP,
  `last_modified_on` timestamp NOT NULL DEFAULT CURRENT_TIMESTAMP ON UPDATE CURRENT_TIMESTAMP,
  `last_modified_by` int(11) NOT NULL,
  `is_deleted` tinyint(4) NOT NULL DEFAULT '0',
  `message` varchar(500) NOT NULL
) ENGINE=InnoDB DEFAULT CHARSET=latin1;

--
-- Dumping data for table `referred_job_manager`
--

INSERT INTO `referred_job_manager` (`ref_id`, `referred_by`, `referto_name`, `referto_email`, `job_id`, `job_title`, `no_of_position`, `created_on`, `last_modified_on`, `last_modified_by`, `is_deleted`, `message`) VALUES
(1, 22, 'Prasad', 'prasad@raoson.com', 1, 'Job Title: UI Developer', 0, '2018-01-04 06:13:21', '2018-01-04 06:13:21', 0, 0, 'test '),
(2, 22, 'Harshali', 'harshali@raoson.com', 1, 'Job Title: UI Developer', 0, '2018-01-04 06:38:01', '2018-01-04 06:38:01', 0, 0, 'test '),
(3, 38, 'prasad', 'prasad@raoson.com', 1, '<strong>Job Title : </strong>UI Developer', 0, '2018-01-12 06:22:21', '2018-01-12 06:22:21', 0, 0, 'test '),
(4, 12, 'savita', 'savita@raoson.com', 1, '<strong>Job Title : </strong>UI Developer', 0, '2018-01-31 09:57:31', '2018-01-31 09:57:31', 0, 0, 'test ');

-- --------------------------------------------------------

--
-- Table structure for table `resignation_details`
--

CREATE TABLE `resignation_details` (
  `resi_id` int(11) NOT NULL,
  `can_id` int(10) NOT NULL,
  `ro_id` int(10) NOT NULL,
  `resi_title` varchar(100) NOT NULL,
  `resi_to` varchar(100) NOT NULL,
  `resi_cc` varchar(100) NOT NULL,
  `resi_bcc` varchar(100) NOT NULL,
  `req_rel_date` date NOT NULL,
  `sys_rel_date` date NOT NULL,
  `resi_cont` text NOT NULL,
  `hr_status` int(1) NOT NULL,
  `hr_remark` varchar(1000) NOT NULL,
  `pm_status` int(1) NOT NULL,
  `pm_remark` varchar(1000) NOT NULL,
  `md_status` int(1) NOT NULL,
  `md_remark` varchar(1000) NOT NULL,
  `release_status` int(1) NOT NULL
) ENGINE=InnoDB DEFAULT CHARSET=latin1;

--
-- Dumping data for table `resignation_details`
--

INSERT INTO `resignation_details` (`resi_id`, `can_id`, `ro_id`, `resi_title`, `resi_to`, `resi_cc`, `resi_bcc`, `req_rel_date`, `sys_rel_date`, `resi_cont`, `hr_status`, `hr_remark`, `pm_status`, `pm_remark`, `md_status`, `md_remark`, `release_status`) VALUES
(1, 22, 44, 'Resignation - Supriya Shankar Gurav', 'savita@raoson.com', 'careers@raoson.com', 'careers@raoson.com', '2018-01-05', '2018-04-02', '<p>Test mail</p>', 1, '', 0, '', 0, '', 0),
(2, 8, 1, 'Resignation - Manager', 'kunal456@gmail.com', 'careers@raoson.com', 'rakesh@raoson.com', '2018-01-10', '2018-04-02', '<p>this is for testing</p>', 1, 'Test asdsdaaaaaaaaaaaaaaaaaaaaaaaaaaaaaaaaaaaaaaaaaaaaaaaaaaaaaaaaaaa\r\naaaaaaaaaaaaaaaaaaaaaaaaaaaaaaaaaaaaaaaaaaaaaaaaaa', 0, '', 0, '', 0);

-- --------------------------------------------------------

--
-- Table structure for table `resource_request`
--

CREATE TABLE `resource_request` (
  `request_id` int(11) NOT NULL,
  `resource_type` int(11) NOT NULL,
  `no_of_positions` int(11) NOT NULL,
  `job_description` varchar(500) NOT NULL,
  `keywords` varchar(255) NOT NULL,
  `qualification` varchar(255) NOT NULL,
  `budget` varchar(255) NOT NULL,
  `experience` varchar(255) NOT NULL,
  `reporting_to` int(11) NOT NULL,
  `status` tinyint(1) NOT NULL DEFAULT '0',
  `request_status` tinyint(4) DEFAULT '0',
  `comment` varchar(255) NOT NULL,
  `created_by` int(11) NOT NULL,
  `created_on` timestamp NOT NULL DEFAULT CURRENT_TIMESTAMP,
  `last_modified_on` timestamp NOT NULL DEFAULT CURRENT_TIMESTAMP ON UPDATE CURRENT_TIMESTAMP,
  `last_modified_by` int(11) NOT NULL,
  `is_deleted` tinyint(4) NOT NULL DEFAULT '0'
) ENGINE=InnoDB DEFAULT CHARSET=latin1;

-- --------------------------------------------------------

--
-- Table structure for table `roles`
--

CREATE TABLE `roles` (
  `role_id` int(11) NOT NULL,
  `role_name` varchar(45) NOT NULL,
  `role_description` varchar(100) DEFAULT '',
  `created_on` timestamp NULL DEFAULT NULL,
  `created_by` int(11) NOT NULL,
  `last_modified_on` timestamp NULL DEFAULT NULL,
  `last_modified_by` int(11) NOT NULL,
  `is_deleted` tinyint(1) DEFAULT '0'
) ENGINE=InnoDB DEFAULT CHARSET=latin1;

--
-- Dumping data for table `roles`
--

INSERT INTO `roles` (`role_id`, `role_name`, `role_description`, `created_on`, `created_by`, `last_modified_on`, `last_modified_by`, `is_deleted`) VALUES
(2, 'Admin', 'admin', '2017-12-15 10:13:42', 0, '2017-12-15 10:13:42', 0, 0),
(3, 'Manager', 'Manager', '2017-12-15 10:40:33', 1, '2017-12-15 10:40:33', 1, 0),
(5, 'HR', 'HR', '2017-12-15 11:15:07', 1, '2017-12-15 11:15:07', 1, 0),
(11, 'Superadmin', 'superadmin', '2017-12-15 10:12:40', 0, '2017-12-15 10:47:01', 0, 1),
(14, 'User', 'User', '2017-12-15 10:40:44', 1, '2017-12-15 10:47:53', 1, 0),
(16, 'RPO', 'RPO', '2018-01-02 19:34:04', 1, '2018-01-02 19:34:04', 1, 0);

-- --------------------------------------------------------

--
-- Table structure for table `role_permissions`
--

CREATE TABLE `role_permissions` (
  `id` int(11) NOT NULL,
  `role_id` int(11) NOT NULL,
  `permission_id` int(11) NOT NULL
) ENGINE=InnoDB DEFAULT CHARSET=latin1;

--
-- Dumping data for table `role_permissions`
--

INSERT INTO `role_permissions` (`id`, `role_id`, `permission_id`) VALUES
(1, 3, 1),
(2, 3, 2),
(3, 3, 4),
(4, 3, 4),
(5, 3, 5),
(6, 1, 1),
(7, 1, 1),
(8, 1, 2),
(9, 1, 4),
(10, 1, 5),
(11, 1, 6);

-- --------------------------------------------------------

--
-- Table structure for table `rpocan_bank_details`
--

CREATE TABLE `rpocan_bank_details` (
  `bd_id` int(11) NOT NULL,
  `can_id` int(11) NOT NULL,
  `bank_name` varchar(50) NOT NULL,
  `branch` varchar(50) NOT NULL,
  `account_number` varchar(20) NOT NULL,
  `ifsc` varchar(10) NOT NULL,
  `bank_statement_name` varchar(255) DEFAULT NULL,
  `created_on` timestamp NOT NULL DEFAULT CURRENT_TIMESTAMP,
  `created_by` int(11) NOT NULL,
  `last_modified_on` datetime DEFAULT CURRENT_TIMESTAMP ON UPDATE CURRENT_TIMESTAMP,
  `last_modified_by` int(11) NOT NULL,
  `is_deleted` tinyint(4) NOT NULL
) ENGINE=InnoDB DEFAULT CHARSET=latin1;

-- --------------------------------------------------------

--
-- Table structure for table `rpoemp_monthlysalary_slip`
--

CREATE TABLE `rpoemp_monthlysalary_slip` (
  `rpo_sal_id` int(11) NOT NULL,
  `can_id` int(11) NOT NULL,
  `paid_hours` int(11) NOT NULL,
  `month` int(11) NOT NULL,
  `year` int(11) NOT NULL,
  `prof_tax` decimal(10,0) NOT NULL,
  `tds` decimal(10,0) NOT NULL,
  `total_earnings` decimal(10,0) NOT NULL,
  `total_deduction` decimal(10,0) NOT NULL,
  `net_pay` decimal(10,0) NOT NULL,
  `created_by` int(11) NOT NULL,
  `created_on` timestamp NOT NULL DEFAULT CURRENT_TIMESTAMP,
  `last_modified_on` timestamp NOT NULL DEFAULT CURRENT_TIMESTAMP ON UPDATE CURRENT_TIMESTAMP,
  `last_modified_by` int(11) NOT NULL,
  `is_deleted` tinyint(1) NOT NULL DEFAULT '0'
) ENGINE=InnoDB DEFAULT CHARSET=latin1;

-- --------------------------------------------------------

--
-- Table structure for table `rpoemp_salary_details`
--

CREATE TABLE `rpoemp_salary_details` (
  `rpo_sal_id` int(11) NOT NULL,
  `can_id` int(11) NOT NULL,
  `designation` varchar(255) NOT NULL,
  `department` varchar(255) NOT NULL,
  `hourly_rate` decimal(11,0) NOT NULL,
  `effective_from` date NOT NULL,
  `effective_to` date NOT NULL,
  `created_by` int(11) NOT NULL,
  `created_on` timestamp NOT NULL DEFAULT CURRENT_TIMESTAMP,
  `last_modified_on` timestamp NOT NULL DEFAULT CURRENT_TIMESTAMP ON UPDATE CURRENT_TIMESTAMP,
  `last_modified_by` int(11) NOT NULL,
  `is_deleted` tinyint(1) NOT NULL DEFAULT '0'
) ENGINE=InnoDB DEFAULT CHARSET=latin1;

-- --------------------------------------------------------

--
-- Table structure for table `rpoemp_salary_slip`
--

CREATE TABLE `rpoemp_salary_slip` (
  `rpo_sal_id` int(11) NOT NULL,
  `can_id` int(11) NOT NULL,
  `paid_hours` int(11) NOT NULL,
  `month` int(11) NOT NULL,
  `year` int(11) NOT NULL,
  `prof_tax` decimal(10,0) DEFAULT NULL,
  `tds` decimal(10,0) NOT NULL,
  `total_earnings` decimal(10,0) NOT NULL,
  `total_deduction` decimal(10,0) NOT NULL,
  `net_pay` decimal(10,0) NOT NULL,
  `created_by` int(11) NOT NULL,
  `created_on` timestamp NOT NULL DEFAULT CURRENT_TIMESTAMP,
  `last_modified_on` timestamp NOT NULL DEFAULT CURRENT_TIMESTAMP ON UPDATE CURRENT_TIMESTAMP,
  `last_modified_by` int(11) NOT NULL,
  `is_deleted` tinyint(1) NOT NULL DEFAULT '0'
) ENGINE=InnoDB DEFAULT CHARSET=latin1;

--
-- Dumping data for table `rpoemp_salary_slip`
--

INSERT INTO `rpoemp_salary_slip` (`rpo_sal_id`, `can_id`, `paid_hours`, `month`, `year`, `prof_tax`, `tds`, `total_earnings`, `total_deduction`, `net_pay`, `created_by`, `created_on`, `last_modified_on`, `last_modified_by`, `is_deleted`) VALUES
(1, 1, 40, 1, 2018, '200', '2000', '20000', '2200', '17800', 5, '2018-02-02 23:30:34', '2018-02-02 23:30:34', 5, 0);

-- --------------------------------------------------------

--
-- Table structure for table `rpo_attendance`
--

CREATE TABLE `rpo_attendance` (
  `atn_id` int(11) NOT NULL,
  `import_id` int(11) NOT NULL,
  `can_id` int(11) NOT NULL,
  `month` varchar(32) NOT NULL,
  `year` varchar(32) NOT NULL,
  `total_hours` int(11) NOT NULL,
  `is_deleted` tinyint(1) NOT NULL DEFAULT '0',
  `created_by` int(11) NOT NULL,
  `created_on` timestamp NOT NULL DEFAULT CURRENT_TIMESTAMP,
  `last_modified_by` int(11) NOT NULL,
  `last_modified_on` timestamp NOT NULL DEFAULT CURRENT_TIMESTAMP ON UPDATE CURRENT_TIMESTAMP
) ENGINE=InnoDB DEFAULT CHARSET=latin1;

-- --------------------------------------------------------

--
-- Table structure for table `rpo_bank_details`
--

CREATE TABLE `rpo_bank_details` (
  `bd_id` int(11) NOT NULL,
  `can_id` int(11) NOT NULL,
  `bank_name` varchar(50) NOT NULL,
  `branch` varchar(50) NOT NULL,
  `account_number` varchar(20) NOT NULL,
  `ifsc` varchar(10) NOT NULL,
  `is_deleted` tinyint(4) NOT NULL,
  `bank_statement_path` varchar(255) DEFAULT NULL,
  `bank_statement_name` varchar(255) DEFAULT NULL,
  `created_on` timestamp NOT NULL DEFAULT CURRENT_TIMESTAMP,
  `created_by` int(11) NOT NULL,
  `last_modified_on` datetime DEFAULT CURRENT_TIMESTAMP ON UPDATE CURRENT_TIMESTAMP,
  `last_modified_by` int(11) NOT NULL
) ENGINE=InnoDB DEFAULT CHARSET=latin1;

-- --------------------------------------------------------

--
-- Table structure for table `rpo_billing`
--

CREATE TABLE `rpo_billing` (
  `bill_id` int(11) NOT NULL,
  `can_id` int(11) NOT NULL,
  `effective_from` date NOT NULL,
  `effective_to` date NOT NULL,
  `is_deleted` tinyint(1) NOT NULL,
  `amount` varchar(45) NOT NULL,
  `client_id` int(11) NOT NULL,
  `project_id` int(11) NOT NULL,
  `rate_type` varchar(45) NOT NULL,
  `review_date` date DEFAULT NULL,
  `created_on` timestamp NOT NULL DEFAULT CURRENT_TIMESTAMP,
  `created_by` int(11) NOT NULL,
  `last_modified_on` timestamp NOT NULL DEFAULT CURRENT_TIMESTAMP ON UPDATE CURRENT_TIMESTAMP,
  `last_modified_by` int(11) NOT NULL
) ENGINE=InnoDB DEFAULT CHARSET=latin1;

--
-- Dumping data for table `rpo_billing`
--

INSERT INTO `rpo_billing` (`bill_id`, `can_id`, `effective_from`, `effective_to`, `is_deleted`, `amount`, `client_id`, `project_id`, `rate_type`, `review_date`, `created_on`, `created_by`, `last_modified_on`, `last_modified_by`) VALUES
(1, 1, '2017-01-01', '2018-12-31', 0, '500', 1, 1, 'hourly', '1970-01-01', '2018-02-02 23:29:49', 5, '2018-02-02 23:29:49', 5);

-- --------------------------------------------------------

--
-- Table structure for table `rpo_candidates`
--

CREATE TABLE `rpo_candidates` (
  `can_id` int(11) NOT NULL,
  `intw_can_id` int(11) NOT NULL,
  `can_type` varchar(15) NOT NULL DEFAULT 'rpo',
  `role_id` int(11) NOT NULL,
  `rpo_emp_code` varchar(100) NOT NULL,
  `can_name` varchar(50) NOT NULL,
  `cur_address` varchar(255) NOT NULL,
  `per_address` varchar(255) NOT NULL,
  `email_id` varchar(50) NOT NULL,
  `password` varchar(100) NOT NULL,
  `phone1` varchar(15) NOT NULL,
  `phone2` varchar(15) NOT NULL,
  `education_qualification` varchar(30) NOT NULL,
  `emer_contact_name` varchar(50) NOT NULL,
  `emer_contact_no` varchar(15) NOT NULL,
  `pan_no` varchar(10) NOT NULL,
  `aadhar_no` varchar(14) NOT NULL,
  `blood_group` varchar(10) NOT NULL,
  `is_active` tinyint(1) NOT NULL DEFAULT '0',
  `is_deleted` tinyint(4) NOT NULL DEFAULT '0',
  `designation` varchar(100) NOT NULL,
  `department` varchar(100) DEFAULT '0',
  `dob` date DEFAULT NULL,
  `gender` tinyint(4) NOT NULL,
  `job_type` int(11) NOT NULL,
  `joining_date` date DEFAULT NULL,
  `reset_code` varchar(255) NOT NULL,
  `profile_picture` varchar(255) DEFAULT NULL,
  `login_status` tinyint(4) NOT NULL DEFAULT '0',
  `created_by` int(11) NOT NULL,
  `created_on` timestamp NOT NULL DEFAULT CURRENT_TIMESTAMP,
  `last_modified_on` timestamp NOT NULL DEFAULT CURRENT_TIMESTAMP ON UPDATE CURRENT_TIMESTAMP,
  `last_modified_by` int(11) NOT NULL
) ENGINE=InnoDB DEFAULT CHARSET=latin1;

--
-- Dumping data for table `rpo_candidates`
--

INSERT INTO `rpo_candidates` (`can_id`, `intw_can_id`, `can_type`, `role_id`, `rpo_emp_code`, `can_name`, `cur_address`, `per_address`, `email_id`, `password`, `phone1`, `phone2`, `education_qualification`, `emer_contact_name`, `emer_contact_no`, `pan_no`, `aadhar_no`, `blood_group`, `is_active`, `is_deleted`, `designation`, `department`, `dob`, `gender`, `job_type`, `joining_date`, `reset_code`, `profile_picture`, `login_status`, `created_by`, `created_on`, `last_modified_on`, `last_modified_by`) VALUES
(1, 1, 'rpo', 0, 'RAO000001', 'Harish Parab', '', '', 'parab.harish@yahoo.co.in', '', '1234567890', '', '', '', '', '', '', '', 0, 0, 'Pipe Line Designer', '0', NULL, 0, 0, '2017-09-04', '', NULL, 0, 5, '2018-02-02 22:23:50', '2018-02-03 12:03:14', 5),
(2, 2, 'rpo', 0, 'RAO000002', 'Sachin Balsafar', '', '', 'sachdom.2013@gmail.com', '', '1234567890', '', '', '', '', '', '', '', 0, 0, 'Senior Pipe Line Designer', '0', NULL, 0, 0, '2017-09-04', '', NULL, 0, 5, '2018-02-02 22:28:01', '2018-02-03 12:03:20', 5),
(3, 3, 'rpo', 0, 'RAO000003', 'Rahul Nangare', '', '', 'nangare.rahul5256@gmail.com', '', '1234567890', '', '', '', '', '', '', '', 0, 0, 'Civil Designer', '0', NULL, 0, 0, '2017-09-01', '', NULL, 0, 5, '2018-02-02 22:54:21', '2018-02-03 12:03:31', 5),
(4, 4, 'rpo', 0, 'RAO000004', 'Deepali Nilesh Nehete', '', '', 'deepalinnehete@gmail.com', '', '1234567890', '', '', '', '', '', '', '', 0, 0, 'Instrumentation Engineer', '0', NULL, 0, 0, '2017-09-04', '', NULL, 0, 5, '2018-02-02 22:56:16', '2018-02-03 12:03:33', 5),
(5, 5, 'rpo', 0, 'RAO000005', 'Anupam Mandal', '', '', 'anupam.mandal@gmail.com', '', '1234567890', '', '', '', '', '', '', '', 0, 0, 'Sr Process Engineer', '0', NULL, 0, 0, '2017-09-04', '', NULL, 0, 5, '2018-02-02 23:01:31', '2018-02-03 12:03:38', 5),
(6, 6, 'rpo', 0, 'RAO000006', 'Vidya Sasthe', '', '', 'vidyasashte10@gmail.com', '', '1234567890', '', '', '', '', '', '', '', 0, 0, 'Instrumentation Engineer', '0', NULL, 0, 0, '2017-08-28', '', NULL, 0, 5, '2018-02-02 23:03:08', '2018-02-03 12:04:11', 5),
(7, 7, 'rpo', 0, 'RAO000008', 'Rohit Patil', '', '', 'rohitpatil.n@gmail.com', '', '1234567890', '', '', '', '', '', '', '', 0, 0, 'Sr Process Engineer', '0', NULL, 0, 0, '2017-09-04', '', NULL, 0, 5, '2018-02-02 23:10:17', '2018-02-03 12:04:22', 5),
(8, 8, 'rpo', 0, 'RAO000009', 'Nilesh Kasale', '', '', 'nileshkasale3@gmail.com', '', '1234567890', '', '', '', '', '', '', '', 0, 0, 'Electrical Engineer', '0', NULL, 0, 0, '2017-09-04', '', NULL, 0, 5, '2018-02-02 23:23:59', '2018-02-03 12:04:24', 5),
(9, 9, 'rpo', 0, 'RAO000009', 'Rajendra Hindlekar', '', '', 'rajendra_hindlekar@yahoo.com', '', '1234567890', '', '', '', '', '', '', '', 0, 0, 'Process Designer', '0', NULL, 0, 0, '2017-09-04', '', NULL, 0, 5, '2018-02-02 23:53:47', '2018-02-07 13:16:55', 5),
(10, 10, 'rpo', 0, 'RAO0000010', 'T N Subramanian', '', '', 'tnsubramanian1954@yahoo.com', '', '1234567890', '', '', '', '', '', '', '', 0, 0, 'Process Designer', '0', NULL, 0, 0, '2017-09-11', '', NULL, 0, 5, '2018-02-02 23:54:11', '2018-02-03 12:02:15', 5),
(11, 11, 'rpo', 0, 'RAO0000011', 'Vivek Sawant', '', '', 'vivek.sawant3@yahoo.in', '', '1234567890', '', '', '', '', '', '', '', 0, 0, 'Electrical Designer', '0', NULL, 0, 0, '2018-02-03', '', NULL, 0, 5, '2018-02-02 23:56:08', '2018-02-02 23:56:08', 5),
(12, 12, 'rpo', 0, 'RAO0000012', 'Anil Agharkar', '', '', 'anil.agharkar@gmail.com', '', '1234567890', '', '', '', '', '', '', '', 0, 0, 'Civil Designer', '0', NULL, 0, 0, '2018-02-03', '', NULL, 0, 5, '2018-02-02 23:58:24', '2018-02-02 23:58:24', 5);

-- --------------------------------------------------------

--
-- Table structure for table `rpo_client_details`
--

CREATE TABLE `rpo_client_details` (
  `client_id` int(11) NOT NULL,
  `client_name` varchar(200) NOT NULL,
  `contact_name` varchar(100) NOT NULL,
  `contact_email` varchar(100) NOT NULL,
  `contact_number` varchar(15) NOT NULL,
  `contract_sign_date` date NOT NULL,
  `contract_status` varchar(50) NOT NULL,
  `contract_from_date` date NOT NULL,
  `contract_end_date` date NOT NULL,
  `created_by` int(10) NOT NULL,
  `created_on` datetime NOT NULL DEFAULT CURRENT_TIMESTAMP,
  `last_modified_by` int(10) NOT NULL,
  `last_modified_on` datetime NOT NULL DEFAULT CURRENT_TIMESTAMP,
  `is_deleted` tinyint(4) NOT NULL DEFAULT '0'
) ENGINE=InnoDB DEFAULT CHARSET=latin1;

--
-- Dumping data for table `rpo_client_details`
--

INSERT INTO `rpo_client_details` (`client_id`, `client_name`, `contact_name`, `contact_email`, `contact_number`, `contract_sign_date`, `contract_status`, `contract_from_date`, `contract_end_date`, `created_by`, `created_on`, `last_modified_by`, `last_modified_on`, `is_deleted`) VALUES
(1, 'Worley Parsons', 'Supriya', 'contact@worleyparsons.com', '8745214589', '2017-01-01', 'active', '2017-01-01', '2019-12-31', 5, '2018-02-03 03:47:27', 5, '2018-02-03 03:47:27', 0);

-- --------------------------------------------------------

--
-- Table structure for table `rpo_client_documents`
--

CREATE TABLE `rpo_client_documents` (
  `doc_id` int(11) NOT NULL,
  `client_id` int(11) NOT NULL,
  `doc_name` varchar(100) NOT NULL,
  `doc_path` varchar(255) NOT NULL,
  `thumb_path` varchar(255) NOT NULL,
  `is_deleted` tinyint(1) NOT NULL,
  `file_name` varchar(100) DEFAULT NULL,
  `created_on` timestamp NOT NULL DEFAULT CURRENT_TIMESTAMP,
  `created_by` int(11) NOT NULL,
  `last_modified_on` timestamp NOT NULL DEFAULT CURRENT_TIMESTAMP ON UPDATE CURRENT_TIMESTAMP,
  `last_modified_by` int(11) NOT NULL
) ENGINE=InnoDB DEFAULT CHARSET=latin1;

-- --------------------------------------------------------

--
-- Table structure for table `rpo_contract`
--

CREATE TABLE `rpo_contract` (
  `proj_id` int(10) NOT NULL,
  `client_id` int(11) NOT NULL,
  `proj_title` varchar(200) NOT NULL,
  `proj_type` varchar(200) NOT NULL,
  `job_profile` varchar(200) NOT NULL,
  `job_description` varchar(200) NOT NULL,
  `no_of_position` int(10) NOT NULL,
  `job_location` varchar(200) NOT NULL,
  `proj_start_date` date NOT NULL,
  `proj_end_date` date NOT NULL,
  `contact_name` varchar(100) NOT NULL,
  `contact_email` varchar(100) NOT NULL,
  `contact_number` int(15) NOT NULL,
  `client_rate` int(10) NOT NULL,
  `offered_rate` int(10) NOT NULL,
  `project_status` tinyint(4) DEFAULT '1',
  `created_by` int(10) NOT NULL,
  `created_on` date NOT NULL,
  `last_modified_by` int(10) NOT NULL,
  `last_modified_on` datetime NOT NULL DEFAULT CURRENT_TIMESTAMP,
  `is_deleted` tinyint(4) DEFAULT '0'
) ENGINE=InnoDB DEFAULT CHARSET=latin1;

--
-- Dumping data for table `rpo_contract`
--

INSERT INTO `rpo_contract` (`proj_id`, `client_id`, `proj_title`, `proj_type`, `job_profile`, `job_description`, `no_of_position`, `job_location`, `proj_start_date`, `proj_end_date`, `contact_name`, `contact_email`, `contact_number`, `client_rate`, `offered_rate`, `project_status`, `created_by`, `created_on`, `last_modified_by`, `last_modified_on`, `is_deleted`) VALUES
(1, 1, 'WP Project One', 'Contract', 'Process Designer', 'Process Designer', 10, 'Mumbai', '2017-01-01', '2018-12-31', 'Supriya', 'contact@worleyparsons.com', 2147483647, 1000, 450, 1, 5, '2018-02-03', 5, '2018-02-03 03:49:11', 0);

-- --------------------------------------------------------

--
-- Table structure for table `rpo_documents`
--

CREATE TABLE `rpo_documents` (
  `doc_id` int(11) NOT NULL,
  `can_id` int(11) NOT NULL,
  `doc_name` varchar(100) NOT NULL,
  `doc_path` varchar(255) NOT NULL,
  `thumb_path` varchar(255) NOT NULL,
  `is_deleted` tinyint(1) NOT NULL,
  `file_name` varchar(100) DEFAULT NULL,
  `created_on` timestamp NOT NULL DEFAULT CURRENT_TIMESTAMP,
  `created_by` int(11) NOT NULL,
  `last_modified_on` timestamp NOT NULL DEFAULT CURRENT_TIMESTAMP ON UPDATE CURRENT_TIMESTAMP,
  `last_modified_by` int(11) NOT NULL
) ENGINE=InnoDB DEFAULT CHARSET=latin1;

-- --------------------------------------------------------

--
-- Table structure for table `rpo_employee_projects`
--

CREATE TABLE `rpo_employee_projects` (
  `rpoemppro_id` int(11) NOT NULL,
  `can_id` int(11) NOT NULL,
  `client_id` int(11) NOT NULL,
  `project_id` int(11) NOT NULL,
  `joining_date` date NOT NULL,
  `proj_start_date` date NOT NULL,
  `proj_end_date` date NOT NULL,
  `created_by` int(11) NOT NULL,
  `created_on` timestamp NOT NULL DEFAULT CURRENT_TIMESTAMP,
  `last_modified_by` int(11) NOT NULL,
  `last_modified_on` timestamp NOT NULL DEFAULT CURRENT_TIMESTAMP ON UPDATE CURRENT_TIMESTAMP,
  `is_deleted` tinyint(4) NOT NULL
) ENGINE=InnoDB DEFAULT CHARSET=latin1;

--
-- Dumping data for table `rpo_employee_projects`
--

INSERT INTO `rpo_employee_projects` (`rpoemppro_id`, `can_id`, `client_id`, `project_id`, `joining_date`, `proj_start_date`, `proj_end_date`, `created_by`, `created_on`, `last_modified_by`, `last_modified_on`, `is_deleted`) VALUES
(1, 1, 1, 1, '2018-02-03', '2017-01-01', '2018-12-31', 5, '2018-02-02 22:23:06', 5, '2018-02-02 22:23:41', 0),
(2, 4, 1, 1, '2018-02-03', '2017-01-01', '2018-12-31', 5, '2018-02-02 22:56:13', 5, '2018-02-02 22:56:13', 0),
(3, 5, 1, 1, '2018-02-03', '2017-01-01', '2018-12-31', 5, '2018-02-02 23:01:28', 5, '2018-02-02 23:01:28', 0),
(4, 6, 1, 1, '2018-02-03', '2017-01-01', '2018-12-31', 5, '2018-02-02 23:03:04', 5, '2018-02-02 23:03:04', 0),
(5, 8, 1, 1, '2018-02-03', '2017-01-01', '2018-12-31', 5, '2018-02-02 23:10:02', 5, '2018-02-02 23:10:02', 0),
(6, 9, 1, 1, '2018-02-03', '2017-01-01', '2018-12-31', 5, '2018-02-02 23:23:52', 5, '2018-02-02 23:23:52', 0),
(7, 11, 1, 1, '2018-02-03', '2017-01-01', '2018-12-31', 5, '2018-02-02 23:56:05', 5, '2018-02-02 23:56:05', 0),
(8, 12, 1, 1, '2018-02-03', '2017-01-01', '2018-12-31', 5, '2018-02-02 23:58:21', 5, '2018-02-02 23:58:21', 0);

-- --------------------------------------------------------

--
-- Table structure for table `rpo_emp_unique_record`
--

CREATE TABLE `rpo_emp_unique_record` (
  `rpo_unique_id` int(11) NOT NULL,
  `rpo_emp_code` varchar(255) NOT NULL,
  `emp_name` varchar(255) NOT NULL,
  `emp_email` varchar(255) NOT NULL,
  `is_active` tinyint(4) NOT NULL DEFAULT '1'
) ENGINE=InnoDB DEFAULT CHARSET=latin1;

-- --------------------------------------------------------

--
-- Table structure for table `rpo_insurance_details`
--

CREATE TABLE `rpo_insurance_details` (
  `insurance_id` int(11) NOT NULL,
  `can_id` int(11) NOT NULL,
  `ins_start_date` date NOT NULL,
  `ins_expire_date` date NOT NULL,
  `ins_doc_name` varchar(255) DEFAULT NULL,
  `ins_doc_path` varchar(255) DEFAULT NULL,
  `paid_by` enum('Company','Employee') NOT NULL,
  `premium_amnt` int(11) NOT NULL,
  `assured_amt` int(11) NOT NULL,
  `ins_comp_name` varchar(255) NOT NULL,
  `policy_no` varchar(255) NOT NULL,
  `is_deleted` tinyint(4) NOT NULL,
  `created_on` timestamp NOT NULL DEFAULT CURRENT_TIMESTAMP,
  `created_by` int(11) NOT NULL,
  `last_modified_on` datetime DEFAULT CURRENT_TIMESTAMP ON UPDATE CURRENT_TIMESTAMP,
  `last_modified_by` int(11) NOT NULL
) ENGINE=InnoDB DEFAULT CHARSET=latin1;

-- --------------------------------------------------------

--
-- Table structure for table `rpo_interview_candidate_records`
--

CREATE TABLE `rpo_interview_candidate_records` (
  `intw_can_id` int(11) NOT NULL,
  `rpo_emp_code` varchar(255) NOT NULL,
  `can_name` varchar(100) NOT NULL,
  `email_id` varchar(100) NOT NULL,
  `phone1` varchar(100) NOT NULL,
  `phone2` varchar(100) DEFAULT NULL,
  `designation` varchar(100) DEFAULT NULL,
  `source` varchar(100) DEFAULT NULL,
  `expected_salary` varchar(100) DEFAULT NULL,
  `salary_negotiable` varchar(10) DEFAULT NULL,
  `is_interested` varchar(10) DEFAULT NULL,
  `skills` varchar(500) DEFAULT NULL,
  `total_yr_exp` int(11) DEFAULT NULL,
  `relivant_yr_exp` int(11) DEFAULT NULL,
  `current_location` varchar(255) DEFAULT NULL,
  `ready_relocate` varchar(10) DEFAULT NULL,
  `resume` varchar(255) DEFAULT NULL,
  `resume_text` text,
  `schedule_status` varchar(10) DEFAULT NULL,
  `created_on` timestamp NULL DEFAULT CURRENT_TIMESTAMP,
  `created_by` int(11) DEFAULT NULL,
  `last_modified_on` timestamp NULL DEFAULT CURRENT_TIMESTAMP ON UPDATE CURRENT_TIMESTAMP,
  `last_modified_by` int(11) DEFAULT NULL,
  `is_deleted` tinyint(1) DEFAULT '0'
) ENGINE=InnoDB DEFAULT CHARSET=latin1;

--
-- Dumping data for table `rpo_interview_candidate_records`
--

INSERT INTO `rpo_interview_candidate_records` (`intw_can_id`, `rpo_emp_code`, `can_name`, `email_id`, `phone1`, `phone2`, `designation`, `source`, `expected_salary`, `salary_negotiable`, `is_interested`, `skills`, `total_yr_exp`, `relivant_yr_exp`, `current_location`, `ready_relocate`, `resume`, `resume_text`, `schedule_status`, `created_on`, `created_by`, `last_modified_on`, `last_modified_by`, `is_deleted`) VALUES
(1, 'RAO000001', 'Harish Parab', 'parab.harish@yahoo.co.in', '1234667890', '', 'Pipe Line Designer', '', '500', 'yes', 'yes', '', 24, 24, 'Mumbai', 'no', '', NULL, NULL, '2018-02-02 22:21:12', 5, '2018-02-03 11:59:50', 5, 0),
(2, 'RAO000002', 'Sachin Balsafar', 'sachdom.2013@gmail.com', '1234667890', '', 'Senior Pipe Line Designer', '', '500', 'yes', 'yes', '', 12, 12, 'Mumbai', 'no', '', NULL, NULL, '2018-02-02 22:26:58', 5, '2018-02-03 12:00:27', 5, 0),
(3, 'RAO000003', 'Rahul Nangare', 'lakshmikiran.kiran38@gmail.com', '1234667890', '', 'Civil Designer', '', '500', 'yes', 'yes', '', 12, 12, 'Mumbai', 'no', '', NULL, NULL, '2018-02-02 22:52:57', 5, '2018-02-03 12:00:27', 5, 0),
(4, 'RAO000004', 'Deepali Nilesh Nehete', 'deepalinnehete@gmail.com', '1234667890', '', 'Instrumentation Engineer', '', '500', 'yes', 'yes', '', 12, 12, 'Mumbai', 'no', '', NULL, NULL, '2018-02-02 22:55:26', 5, '2018-02-03 12:00:27', 5, 0),
(5, 'RAO000005', 'Anupam Mandal', 'anupam.mandal@gmail.com', '1234667890', '', 'Sr Process Engineer', '', '500', 'yes', 'yes', '', 12, 12, 'Mumbai', 'no', '', NULL, NULL, '2018-02-02 23:00:38', 5, '2018-02-03 12:00:27', 5, 0),
(6, 'RAO000006', 'Vidya Sasthe', 'vidyasashte10@gmail.com', '1234667890', '', 'Instrumentation Engineer', '', '500', 'yes', 'yes', '', 24, 24, 'Mumbai', 'no', '', NULL, NULL, '2018-02-02 23:02:13', 5, '2018-02-03 12:00:27', 5, 0),
(7, 'RAO000007', 'Rohit Patil', 'rohitpatil.n@gmail.com', '1234667890', '', 'Sr Process Engineer', '', '500', 'yes', 'yes', '', 24, 24, 'Mumbai', 'no', '', NULL, NULL, '2018-02-02 23:05:23', 5, '2018-02-03 12:00:27', 5, 0),
(8, 'RAO000008', 'Nilesh Kasale', 'nileshkasale3@gmail.com', '1234667890', '', 'Electrical Engineer', '', '500', 'yes', 'yes', '', 24, 24, 'Mumbai', 'no', '', NULL, NULL, '2018-02-02 23:08:59', 5, '2018-02-03 12:00:27', 5, 0),
(9, 'RAO000009', 'Rajendra Hindlekar', 'rajendra_hindlekar@yahoo.com', '1234667890', '', 'Process Designer', '', '500', 'yes', 'yes', '', 24, 24, 'Mumbai', 'no', '', NULL, NULL, '2018-02-02 23:22:53', 5, '2018-02-03 12:00:27', 5, 0),
(10, 'RAO0000010', 'T N Subramanian', 'tnsubramanian1954@yahoo.com', '1234667890', '', 'Process Designer', '', '500', 'yes', 'yes', '', 24, 24, 'Mumbai', 'no', '', NULL, NULL, '2018-02-02 23:24:37', 5, '2018-02-03 12:00:27', 5, 0),
(11, 'RAO0000011', 'Vivek Sawant', 'vivek.sawant3@yahoo.in', '1234667890', '', 'Electrical Designer', '', '500', 'yes', 'yes', '', 24, 24, 'Mumbai', 'no', '', NULL, NULL, '2018-02-02 23:55:14', 5, '2018-02-03 11:59:50', 5, 0),
(12, 'RAO0000012', 'Anil Agharkar', 'anil.agharkar@gmail.com', '1234667890', '', 'Civil Designer', '', '500', 'yes', 'yes', '', 24, 24, 'Mumbai', 'no', '', NULL, NULL, '2018-02-02 23:57:42', 5, '2018-02-03 11:59:50', 5, 0);

-- --------------------------------------------------------

--
-- Table structure for table `rpo_interview_manager`
--

CREATE TABLE `rpo_interview_manager` (
  `inw_mid` int(11) NOT NULL,
  `intw_can_id` int(11) NOT NULL,
  `schedule_date` date NOT NULL,
  `schedule_comment` text NOT NULL,
  `round1` varchar(50) DEFAULT NULL,
  `round1_date` date NOT NULL,
  `round1_status` varchar(10) DEFAULT NULL,
  `round1_comment` varchar(250) DEFAULT NULL,
  `round2` varchar(50) DEFAULT NULL,
  `round2_date` date NOT NULL,
  `round2_status` varchar(10) DEFAULT NULL,
  `round2_comment` varchar(250) DEFAULT NULL,
  `round3` varchar(50) DEFAULT NULL,
  `round3_date` date NOT NULL,
  `round3_status` varchar(10) DEFAULT NULL,
  `round3_comment` varchar(250) DEFAULT NULL,
  `round4` varchar(50) DEFAULT NULL,
  `round4_date` date NOT NULL,
  `round4_status` varchar(10) DEFAULT NULL,
  `round4_comment` varchar(250) DEFAULT NULL,
  `round5` varchar(50) DEFAULT NULL,
  `round5_date` date NOT NULL,
  `round5_status` varchar(10) DEFAULT NULL,
  `round5_comment` varchar(250) DEFAULT NULL,
  `interview_status` varchar(20) NOT NULL,
  `client_rate` int(10) NOT NULL,
  `offered_rate` int(10) NOT NULL,
  `offered_ctc` int(11) DEFAULT NULL,
  `joining_date` date DEFAULT NULL,
  `is_joined` tinyint(4) NOT NULL,
  `mail_send` tinyint(4) NOT NULL DEFAULT '0',
  `created_by` int(11) DEFAULT NULL,
  `created_on` timestamp NULL DEFAULT NULL,
  `last_modified_by` int(11) DEFAULT NULL,
  `last_modified_on` timestamp NULL DEFAULT CURRENT_TIMESTAMP,
  `is_deleted` tinyint(4) NOT NULL DEFAULT '0',
  `client_id` int(11) NOT NULL,
  `project_id` int(11) NOT NULL,
  `offered_position` varchar(255) NOT NULL
) ENGINE=InnoDB DEFAULT CHARSET=latin1;

--
-- Dumping data for table `rpo_interview_manager`
--

INSERT INTO `rpo_interview_manager` (`inw_mid`, `intw_can_id`, `schedule_date`, `schedule_comment`, `round1`, `round1_date`, `round1_status`, `round1_comment`, `round2`, `round2_date`, `round2_status`, `round2_comment`, `round3`, `round3_date`, `round3_status`, `round3_comment`, `round4`, `round4_date`, `round4_status`, `round4_comment`, `round5`, `round5_date`, `round5_status`, `round5_comment`, `interview_status`, `client_rate`, `offered_rate`, `offered_ctc`, `joining_date`, `is_joined`, `mail_send`, `created_by`, `created_on`, `last_modified_by`, `last_modified_on`, `is_deleted`, `client_id`, `project_id`, `offered_position`) VALUES
(1, 1, '2017-09-01', '', 'Round 1', '2017-09-01', 'yes', '', '', '0000-00-00', NULL, '', '', '0000-00-00', NULL, '', '', '0000-00-00', NULL, '', '', '0000-00-00', NULL, '', 'selected', 0, 0, NULL, '2017-09-25', 1, 1, 5, '2018-02-02 22:22:06', 5, '2018-02-02 22:23:16', 0, 1, 1, 'Pipe Line Designer'),
(2, 2, '2017-09-01', '', 'Round 1', '2017-09-01', 'yes', '', '', '0000-00-00', NULL, '', '', '0000-00-00', NULL, '', '', '0000-00-00', NULL, '', '', '0000-00-00', NULL, '', 'selected', 0, 0, NULL, '2017-09-04', 1, 1, 5, '2018-02-02 22:27:34', 5, '2018-02-02 22:29:59', 0, 1, 1, 'Senior Pipe Line Designer'),
(3, 3, '2017-09-01', '', 'Round 1', '2017-09-01', 'yes', '', '', '0000-00-00', NULL, '', '', '0000-00-00', NULL, '', '', '0000-00-00', NULL, '', '', '0000-00-00', NULL, '', 'selected', 0, 0, NULL, '2017-09-01', 1, 1, 5, '2018-02-02 22:53:20', 5, '2018-02-02 22:53:31', 0, 1, 1, 'Civil Designer'),
(4, 4, '2017-09-01', '', 'Round 1', '2017-09-01', 'yes', '', '', '0000-00-00', NULL, '', '', '0000-00-00', NULL, '', '', '0000-00-00', NULL, '', '', '0000-00-00', NULL, '', 'selected', 0, 0, NULL, '2017-09-04', 1, 1, 5, '2018-02-02 22:55:45', 5, '2018-02-02 22:56:01', 0, 1, 1, 'Instrumentation Engineer'),
(5, 5, '2017-09-01', '', 'Round 1', '2017-09-01', 'yes', '', '', '0000-00-00', NULL, '', '', '0000-00-00', NULL, '', '', '0000-00-00', NULL, '', '', '0000-00-00', NULL, '', 'selected', 0, 0, NULL, '2017-09-04', 1, 1, 5, '2018-02-02 23:01:07', 5, '2018-02-02 23:01:17', 0, 1, 1, 'Sr Process Engineer'),
(6, 6, '2017-08-01', '', 'Round 1', '2017-08-01', 'yes', '', '', '0000-00-00', NULL, '', '', '0000-00-00', NULL, '', '', '0000-00-00', NULL, '', '', '0000-00-00', NULL, '', 'selected', 0, 0, NULL, '2017-08-28', 1, 1, 5, '2018-02-02 23:02:41', 5, '2018-02-02 23:02:52', 0, 1, 1, 'Instrumentation Engineer'),
(7, 7, '2017-09-01', '', 'Round 1', '2017-09-01', 'yes', '', '', '0000-00-00', NULL, '', '', '0000-00-00', NULL, '', '', '0000-00-00', NULL, '', '', '0000-00-00', NULL, '', 'selected', 0, 0, NULL, '2017-09-04', 1, 1, 5, '2018-02-02 23:05:52', 5, '2018-02-02 23:06:55', 0, 1, 1, 'Sr Process Engineer'),
(8, 8, '2017-09-01', '', 'Round 1', '2017-09-01', 'yes', '', '', '0000-00-00', NULL, '', '', '0000-00-00', NULL, '', '', '0000-00-00', NULL, '', '', '0000-00-00', NULL, '', 'selected', 0, 0, NULL, '2017-09-04', 1, 1, 5, '2018-02-02 23:09:20', 5, '2018-02-02 23:09:34', 0, 1, 1, 'Electrical Engineer'),
(9, 9, '2017-09-01', '', 'Round 1', '2018-02-03', 'yes', '', '', '0000-00-00', NULL, '', '', '0000-00-00', NULL, '', '', '0000-00-00', NULL, '', '', '0000-00-00', NULL, '', 'selected', 0, 0, NULL, '2017-09-04', 1, 1, 5, '2018-02-02 23:23:31', 5, '2018-02-02 23:23:39', 0, 1, 1, 'Process Designer'),
(10, 10, '2017-09-01', '', 'Round 1', '2017-09-01', 'yes', '', '', '0000-00-00', NULL, '', '', '0000-00-00', NULL, '', '', '0000-00-00', NULL, '', '', '0000-00-00', NULL, '', 'selected', 0, 0, NULL, '2017-09-11', 1, 1, 5, '2018-02-02 23:26:48', 5, '2018-02-02 23:26:56', 0, 1, 1, 'Civil Designer'),
(11, 11, '2017-09-01', '', 'Round 1', '0000-00-00', 'yes', '', '', '0000-00-00', NULL, '', '', '0000-00-00', NULL, '', '', '0000-00-00', NULL, '', '', '0000-00-00', NULL, '', 'selected', 0, 0, NULL, '2017-09-29', 1, 1, 5, '2018-02-02 23:55:41', 5, '2018-02-02 23:55:52', 0, 1, 1, 'Electrical Designer'),
(12, 12, '2017-09-01', '', 'Round 1', '2017-09-01', 'yes', '', '', '0000-00-00', NULL, '', '', '0000-00-00', NULL, '', '', '0000-00-00', NULL, '', '', '0000-00-00', NULL, '', 'selected', 0, 0, NULL, '2017-09-04', 1, 1, 5, '2018-02-02 23:58:00', 5, '2018-02-02 23:58:08', 0, 1, 1, 'Civil Designer');

-- --------------------------------------------------------

--
-- Table structure for table `rpo_investment`
--

CREATE TABLE `rpo_investment` (
  `inv_id` int(11) NOT NULL,
  `can_id` int(11) NOT NULL,
  `policy_id` int(11) NOT NULL,
  `description` varchar(100) NOT NULL,
  `amount` double NOT NULL,
  `section` varchar(100) NOT NULL,
  `file_path` varchar(255) NOT NULL,
  `is_deleted` tinyint(1) NOT NULL,
  `created_on` timestamp NOT NULL DEFAULT CURRENT_TIMESTAMP,
  `created_by` int(11) NOT NULL,
  `last_modified_on` timestamp NOT NULL DEFAULT CURRENT_TIMESTAMP ON UPDATE CURRENT_TIMESTAMP,
  `last_modified_by` int(11) NOT NULL
) ENGINE=InnoDB DEFAULT CHARSET=latin1;

-- --------------------------------------------------------

--
-- Table structure for table `tasks`
--

CREATE TABLE `tasks` (
  `task_id` int(11) NOT NULL,
  `task_name` varchar(100) NOT NULL,
  `task_description` varchar(255) NOT NULL,
  `priority` varchar(10) CHARACTER SET koi8r NOT NULL,
  `tat` date NOT NULL,
  `time` varchar(255) NOT NULL,
  `task_created_by` int(11) NOT NULL,
  `created_on` timestamp NULL DEFAULT NULL,
  `created_by` int(11) NOT NULL,
  `last_modified_by` int(11) NOT NULL,
  `last_modified_on` timestamp NULL DEFAULT NULL,
  `remarks` varchar(255) DEFAULT NULL,
  `is_deleted` tinyint(1) DEFAULT '0'
) ENGINE=InnoDB DEFAULT CHARSET=latin1;

--
-- Dumping data for table `tasks`
--

INSERT INTO `tasks` (`task_id`, `task_name`, `task_description`, `priority`, `tat`, `time`, `task_created_by`, `created_on`, `created_by`, `last_modified_by`, `last_modified_on`, `remarks`, `is_deleted`) VALUES
(1, 'Test', 'This task is for testing', 'Medium', '2018-01-31', '', 12, NULL, 12, 12, '2018-01-31 01:12:41', NULL, 0),
(2, 'SMS To be Shot to Assignee, Once Task is Created ', 'We Believe we must create a system where, once the task is created. SMS is shoot to the person, who is assigned with the respective Task.', 'Medium', '2018-02-03', '', 3, '2018-02-01 02:39:45', 3, 3, '2018-02-01 02:39:45', NULL, 0),
(3, 'test', 'test', 'High', '2018-02-14', '', 2, '2018-02-06 21:18:52', 2, 2, '2018-02-06 21:18:52', NULL, 0),
(4, 'tes', 'tes', 'High', '2018-02-22', '9:00 PM', 5, NULL, 5, 5, '2018-02-20 23:31:04', NULL, 0),
(5, 'test', 'test', 'High', '2018-02-23', '9:00 PM', 5, NULL, 5, 5, '2018-02-20 23:30:30', NULL, 0),
(6, 'test', 'test', 'High', '2018-02-23', '7:00 PM', 5, NULL, 5, 5, '2018-02-20 23:30:40', NULL, 0),
(7, 'test', 'this is for testing', 'High', '2018-02-22', '9:34 AM', 12, '2018-02-22 05:04:58', 12, 12, '2018-02-22 05:04:58', NULL, 0),
(8, 'test1', 'test', 'High', '2018-02-23', '10:55 PM', 12, '2018-02-22 06:07:23', 12, 12, '2018-02-22 06:07:23', NULL, 0),
(9, 'test147', 'asdfasdf', 'High', '2018-02-23', '2:25 PM', 5, '2018-02-21 19:36:53', 5, 5, '2018-02-21 19:36:53', NULL, 0),
(10, 'test', 'testing', 'Medium', '2018-02-22', '11:19 PM', 12, '2018-02-21 19:50:19', 12, 12, '2018-02-21 19:50:19', NULL, 0);

--
-- Triggers `tasks`
--
/*DELIMITER $$
CREATE TRIGGER `task_delete_event` AFTER UPDATE ON `tasks` FOR EACH ROW IF (NEW.`is_deleted` = '1') THEN UPDATE `event` SET `is_deleted`='1' WHERE `from_tbl`='task_management' AND `task_id`=OLD.`task_id`; END IF
$$
DELIMITER ;
DELIMITER $$
CREATE TRIGGER `task_update_event` AFTER UPDATE ON `tasks` FOR EACH ROW UPDATE `event` SET `title`=NEW.`task_name`,`start`=NEW.`tat`, `end`=concat(NEW.`tat`,' 23:59:59') WHERE `task_id`=NEW.`task_id`
$$
DELIMITER ;
*/
-- --------------------------------------------------------

--
-- Table structure for table `task_manager`
--

CREATE TABLE `task_manager` (
  `taskm_id` int(11) NOT NULL,
  `task_id` int(11) DEFAULT NULL,
  `can_id` int(11) DEFAULT NULL,
  `assigned_by` int(11) NOT NULL,
  `status` varchar(20) DEFAULT NULL,
  `updated_on` date DEFAULT NULL,
  `task_comment` varchar(255) DEFAULT NULL,
  `task_reopen_comment` varchar(255) NOT NULL,
  `created_on` timestamp NULL DEFAULT NULL,
  `created_by` int(11) NOT NULL,
  `last_modified_by` int(11) NOT NULL,
  `last_modified_on` timestamp NULL DEFAULT NULL,
  `is_deleted` tinyint(1) NOT NULL DEFAULT '0'
) ENGINE=InnoDB DEFAULT CHARSET=latin1;

--
-- Dumping data for table `task_manager`
--

INSERT INTO `task_manager` (`taskm_id`, `task_id`, `can_id`, `assigned_by`, `status`, `updated_on`, `task_comment`, `task_reopen_comment`, `created_on`, `created_by`, `last_modified_by`, `last_modified_on`, `is_deleted`) VALUES
(1, 1, 7, 12, 'Open', NULL, NULL, '', '2018-01-31 01:12:14', 12, 12, '2018-01-31 01:12:14', 0),
(2, 1, 9, 12, 'Open', NULL, NULL, '', '2018-01-31 07:42:15', 12, 12, '2018-01-31 07:42:15', 0),
(3, 1, 15, 12, 'Open', NULL, NULL, '', '2018-01-31 07:42:16', 12, 12, '2018-01-31 07:42:16', 0),
(4, 1, 29, 12, 'Open', NULL, NULL, '', '2018-01-31 07:42:17', 12, 12, '2018-01-31 07:42:17', 0),
(5, 1, 20, 12, 'Open', NULL, NULL, '', '2018-01-31 01:14:04', 12, 12, '2018-01-31 01:14:04', 0),
(6, 2, 12, 3, 'Open', NULL, NULL, '', '2018-02-01 02:41:19', 3, 3, '2018-02-01 02:41:19', 0),
(7, 5, 7, 5, 'Open', NULL, NULL, '', '2018-02-20 21:41:06', 5, 5, '2018-02-20 21:41:06', 0),
(8, 5, 5, 5, 'Open', NULL, NULL, '', '2018-02-20 23:51:16', 5, 5, '2018-02-20 23:51:16', 0),
(9, 4, 34, 5, 'Open', NULL, NULL, '', '2018-02-21 00:06:19', 5, 5, '2018-02-21 00:06:19', 0),
(10, 7, 15, 12, 'In-Progress', NULL, '', '', '2018-02-22 05:05:11', 12, 12, '2018-02-22 05:05:11', 0),
(11, 8, 15, 12, 'Open', NULL, NULL, '', '2018-02-22 06:07:31', 12, 12, '2018-02-22 06:07:31', 0),
(12, 9, 15, 5, 'Open', NULL, NULL, '', '2018-02-21 19:37:10', 5, 5, '2018-02-21 19:37:10', 0);

--
-- Triggers `task_manager`
--
/*
DELIMITER $$
CREATE TRIGGER `task_complete_event` AFTER UPDATE ON `task_manager` FOR EACH ROW IF (NEW.`status` = 'Completed') THEN UPDATE `event` SET `is_deleted`='2' WHERE `from_tbl`='task_management' AND `from_id`=OLD.`taskm_id` AND `task_id`=OLD.`task_id`; END IF
$$
DELIMITER ;
DELIMITER $$
CREATE TRIGGER `task_insert_event` AFTER INSERT ON `task_manager` FOR EACH ROW INSERT INTO `event` (`can_id`,`details`,`event_type`,`from_tbl`,`from_id`,`task_id`,`title`,`start`,`end`) SELECT DISTINCT NEW.`can_id`, t.`task_description`,'task' ,'task_management',NEW.`taskm_id`, NEW.`task_id`, t.`task_name`, t.`tat`, concat(t.`tat`,' 23:59:59') FROM task_manager tk INNER JOIN tasks t ON t.`task_id` = NEW.`task_id`
$$
DELIMITER ;
DELIMITER $$
CREATE TRIGGER `task_insert_pn` AFTER INSERT ON `task_manager` FOR EACH ROW BEGIN
      
      INSERT INTO push_notifications
   ( can_id,
     unique_field_id,
     unique_field_name,table_type,
    operation_type,created_on
   )
   VALUES
   ( NEW.can_id,
     NEW.taskm_id,
     'taskm_id',
     'task_manager','insert',NOW());

END
$$
DELIMITER ;
DELIMITER $$
CREATE TRIGGER `task_manager_del_event` AFTER DELETE ON `task_manager` FOR EACH ROW UPDATE `event` SET `is_deleted`='1' WHERE `from_tbl`='task_management' AND `from_id`=OLD.`taskm_id`
$$
DELIMITER ;
DELIMITER $$
CREATE TRIGGER `task_manager_delete_event` AFTER UPDATE ON `task_manager` FOR EACH ROW IF (NEW.`is_deleted` = '1') THEN UPDATE `event` SET `is_deleted`='1' WHERE `from_tbl`='task_management' AND `from_id`=OLD.`taskm_id`; END IF
$$
DELIMITER ;
DELIMITER $$
CREATE TRIGGER `task_open_event` AFTER UPDATE ON `task_manager` FOR EACH ROW IF NEW.status != 'Completed' AND NEW.is_deleted=0 THEN UPDATE event SET is_deleted=0 WHERE from_tbl='task_management' AND from_id=OLD.taskm_id AND task_id=OLD.task_id; END IF
$$
DELIMITER ;
DELIMITER $$
CREATE TRIGGER `task_update_pn` AFTER UPDATE ON `task_manager` FOR EACH ROW INSERT INTO push_notifications( can_id,unique_field_id,unique_field_name,table_type,operation_type,created_on) VALUES( OLD.can_id,OLD.taskm_id,'taskm_id','task_manager','update',NOW())
$$
DELIMITER ;
*/
-- --------------------------------------------------------

--
-- Stand-in structure for view `task_view`
--
CREATE TABLE `task_view` (
`task_id` int(11)
,`can_id` int(11)
,`status` varchar(20)
);

-- --------------------------------------------------------

--
-- Table structure for table `travel`
--

CREATE TABLE `travel` (
  `tv_id` int(11) NOT NULL,
  `can_id` int(11) NOT NULL,
  `purpose` text NOT NULL,
  `location` varchar(64) NOT NULL,
  `days` int(11) NOT NULL DEFAULT '0',
  `stays` int(11) NOT NULL DEFAULT '0',
  `meals` int(11) NOT NULL DEFAULT '0',
  `snacks` int(11) NOT NULL DEFAULT '0',
  `transport_mode` varchar(32) NOT NULL,
  `other_transport` text,
  `budget` varchar(45) NOT NULL,
  `advance` varchar(32) NOT NULL,
  `status` varchar(32) NOT NULL,
  `details` text NOT NULL,
  `remark` text,
  `raised_date` date DEFAULT NULL,
  `from_date` date NOT NULL,
  `to_date` date NOT NULL,
  `approved_date` date DEFAULT NULL,
  `claimed_date` date DEFAULT NULL,
  `cleared_date` date DEFAULT NULL,
  `clearance_remark` text,
  `created_on` timestamp NOT NULL DEFAULT CURRENT_TIMESTAMP,
  `created_by` int(11) NOT NULL,
  `last_modified_on` timestamp NOT NULL DEFAULT CURRENT_TIMESTAMP ON UPDATE CURRENT_TIMESTAMP,
  `last_modified_by` int(11) NOT NULL,
  `is_deleted` tinyint(1) NOT NULL
) ENGINE=InnoDB DEFAULT CHARSET=latin1;

--
-- Dumping data for table `travel`
--

INSERT INTO `travel` (`tv_id`, `can_id`, `purpose`, `location`, `days`, `stays`, `meals`, `snacks`, `transport_mode`, `other_transport`, `budget`, `advance`, `status`, `details`, `remark`, `raised_date`, `from_date`, `to_date`, `approved_date`, `claimed_date`, `cleared_date`, `clearance_remark`, `created_on`, `created_by`, `last_modified_on`, `last_modified_by`, `is_deleted`) VALUES
(1, 12, 'meeting', 'thane', 1, 0, 0, 0, 'Air', '', '8000', '800', 'raised', 'tet', NULL, '2018-01-31', '2018-01-31', '2018-01-31', NULL, NULL, NULL, NULL, '2018-01-31 03:26:59', 12, '2018-01-31 03:26:59', 12, 0);

--
-- Triggers `travel`
--
/*DELIMITER $$
CREATE TRIGGER `travel_approved_event` AFTER UPDATE ON `travel` FOR EACH ROW IF NEW.status = 'approved' AND OLD.tv_id NOT IN (SELECT from_id FROM event WHERE from_tbl='travel') THEN INSERT INTO event (can_id,title,details,start,end,event_type,from_tbl,from_id)  VALUES (OLD.can_id,'travel',OLD.location,OLD.from_date,concat(OLD.to_date,' 23:59:59'),'travel','travel',OLD.tv_id); END IF
$$
DELIMITER ;
DELIMITER $$
CREATE TRIGGER `travel_delete_event` AFTER UPDATE ON `travel` FOR EACH ROW IF (NEW.is_deleted = '1') THEN UPDATE event SET is_deleted='1' WHERE from_tbl='travel' AND from_id=OLD.tv_id; END IF
$$
DELIMITER ;*/

-- --------------------------------------------------------

--
-- Table structure for table `travel_document`
--

CREATE TABLE `travel_document` (
  `td_id` int(11) NOT NULL,
  `tv_id` int(11) NOT NULL,
  `can_id` int(11) NOT NULL,
  `tdoc_name` varchar(100) NOT NULL,
  `tdoc_path` varchar(255) NOT NULL,
  `tthumb_path` varchar(255) NOT NULL,
  `tfile_name` varchar(100) NOT NULL,
  `created_on` timestamp NOT NULL DEFAULT CURRENT_TIMESTAMP,
  `created_by` int(11) NOT NULL,
  `last_modified_on` timestamp NOT NULL DEFAULT CURRENT_TIMESTAMP ON UPDATE CURRENT_TIMESTAMP,
  `last_modified_by` int(11) NOT NULL,
  `is_deleted` tinyint(1) NOT NULL
) ENGINE=InnoDB DEFAULT CHARSET=latin1;

-- --------------------------------------------------------

--
-- Table structure for table `users`
--

CREATE TABLE `users` (
  `user_id` int(11) NOT NULL,
  `user_name` varchar(255) NOT NULL,
  `email` varchar(255) NOT NULL,
  `password` varchar(255) NOT NULL,
  `created_on` timestamp NOT NULL DEFAULT CURRENT_TIMESTAMP,
  `created_by` int(11) NOT NULL,
  `last_modified_on` timestamp NOT NULL DEFAULT CURRENT_TIMESTAMP ON UPDATE CURRENT_TIMESTAMP,
  `last_modified_by` int(11) NOT NULL,
  `is_active` tinyint(4) NOT NULL DEFAULT '0'
) ENGINE=InnoDB DEFAULT CHARSET=latin1;

--
-- Dumping data for table `users`
--

INSERT INTO `users` (`user_id`, `user_name`, `email`, `password`, `created_on`, `created_by`, `last_modified_on`, `last_modified_by`, `is_active`) VALUES
(1, 'Admin', 'it@raoson.com', '$2y$10$X.hlrgHObe207DQtJvn5HurRcS5OB/jzOpL8KOvoLoILQBllmH30a', '2017-12-14 14:26:50', 1, '2018-02-03 10:01:04', 1, 1),
(2, 'superadmin', 'kunal456@gmail.com', '$2y$10$X.hlrgHObe207DQtJvn5HurRcS5OB/jzOpL8KOvoLoILQBllmH30a', '2017-12-14 14:26:50', 1, '2018-02-03 10:01:08', 1, 1),
(3, 'Nayan Rao', 'rao@raoson.com', '$2y$10$X.hlrgHObe207DQtJvn5HurRcS5OB/jzOpL8KOvoLoILQBllmH30a', '2018-01-29 23:47:04', 1, '2018-02-03 10:01:12', 1, 1),
(4, 'Shree Shobha', 'shree@raoson.com', '$2y$10$X.hlrgHObe207DQtJvn5HurRcS5OB/jzOpL8KOvoLoILQBllmH30a', '2018-01-29 23:47:33', 1, '2018-02-03 10:01:16', 1, 1),
(5, 'Supriya Gurav', 'careers@raoson.com', '$2y$10$X.hlrgHObe207DQtJvn5HurRcS5OB/jzOpL8KOvoLoILQBllmH30a', '2018-01-29 23:51:50', 1, '2018-02-03 10:01:21', 1, 1),
(6, 'Shyamal Rakhasia', 'digitalmarketing@raoson.com', '$2y$10$X.hlrgHObe207DQtJvn5HurRcS5OB/jzOpL8KOvoLoILQBllmH30a', '2018-01-29 23:54:14', 1, '2018-02-03 10:01:25', 1, 1),
(7, 'Harshali Maku', 'harshali@raoson.com', '$2y$10$X.hlrgHObe207DQtJvn5HurRcS5OB/jzOpL8KOvoLoILQBllmH30a', '2018-01-29 23:57:27', 1, '2018-02-03 10:04:40', 1, 1),
(8, 'Prathamesh', 'prathamesh@raoson.com', '$2y$10$X.hlrgHObe207DQtJvn5HurRcS5OB/jzOpL8KOvoLoILQBllmH30a', '2018-01-30 00:04:38', 1, '2018-02-03 10:04:40', 1, 1),
(9, 'Prasad Gulawani', 'prasad@raoson.com', '$2y$10$X.hlrgHObe207DQtJvn5HurRcS5OB/jzOpL8KOvoLoILQBllmH30a', '2018-01-30 00:05:06', 1, '2018-02-03 10:04:40', 1, 1),
(10, 'Sanjivani Shinde', 'sanjivani@raoson.com', '$2y$10$X.hlrgHObe207DQtJvn5HurRcS5OB/jzOpL8KOvoLoILQBllmH30a', '2018-01-30 00:05:27', 1, '2018-02-03 10:04:40', 1, 1),
(11, 'Suchita', 'suchita@raoson.com', '$2y$10$X.hlrgHObe207DQtJvn5HurRcS5OB/jzOpL8KOvoLoILQBllmH30a', '2018-01-30 00:05:43', 1, '2018-02-03 10:04:40', 1, 1),
(12, 'Savita Shiriskar', 'savita@raoson.com', '$2y$10$X.hlrgHObe207DQtJvn5HurRcS5OB/jzOpL8KOvoLoILQBllmH30a', '2018-01-30 00:06:12', 1, '2018-02-03 10:04:40', 1, 1),
(13, 'Amol', 'amol@raoson.com', '$2y$10$X.hlrgHObe207DQtJvn5HurRcS5OB/jzOpL8KOvoLoILQBllmH30a', '2018-01-30 00:06:30', 1, '2018-02-03 10:04:40', 1, 1),
(14, 'Umesh', 'umesh@raoson.com', '$2y$10$X.hlrgHObe207DQtJvn5HurRcS5OB/jzOpL8KOvoLoILQBllmH30a', '2018-01-30 00:06:48', 1, '2018-02-03 10:04:40', 1, 1),
(15, 'Sheefa', 'sheefa@raoson.com', '$2y$10$X.hlrgHObe207DQtJvn5HurRcS5OB/jzOpL8KOvoLoILQBllmH30a', '2018-01-30 00:07:04', 1, '2018-02-03 10:04:40', 1, 1),
(16, 'Jyotsna', 'jyotsna@raoson.com', '$2y$10$X.hlrgHObe207DQtJvn5HurRcS5OB/jzOpL8KOvoLoILQBllmH30a', '2018-01-30 00:07:21', 1, '2018-02-03 10:04:40', 1, 1),
(17, 'Sarmistha', 'sarmistha@raoson.com', '$2y$10$X.hlrgHObe207DQtJvn5HurRcS5OB/jzOpL8KOvoLoILQBllmH30a', '2018-01-30 00:07:38', 1, '2018-02-03 10:04:40', 1, 1),
(18, 'Suraj', 'suraj@raoson.com', '$2y$10$X.hlrgHObe207DQtJvn5HurRcS5OB/jzOpL8KOvoLoILQBllmH30a', '2018-01-30 00:07:55', 1, '2018-02-03 10:04:40', 1, 1),
(19, 'Sharvari', 'sharvari@raoson.com', '$2y$10$X.hlrgHObe207DQtJvn5HurRcS5OB/jzOpL8KOvoLoILQBllmH30a', '2018-01-30 00:08:13', 1, '2018-02-03 10:04:40', 1, 1),
(20, 'Smita', 'smita@raoson.com', '$2y$10$X.hlrgHObe207DQtJvn5HurRcS5OB/jzOpL8KOvoLoILQBllmH30a', '2018-01-30 00:08:33', 1, '2018-02-03 10:04:40', 1, 1),
(21, 'Aniket', 'aniket@raoson.com', '$2y$10$X.hlrgHObe207DQtJvn5HurRcS5OB/jzOpL8KOvoLoILQBllmH30a', '2018-01-30 00:08:50', 1, '2018-02-03 10:04:40', 1, 1),
(22, 'Purvaja', 'purvaja@raoson.com', '$2y$10$X.hlrgHObe207DQtJvn5HurRcS5OB/jzOpL8KOvoLoILQBllmH30a', '2018-01-30 00:12:11', 2, '2018-02-03 10:04:40', 2, 1),
(23, 'Kuldeep', 'kuldeep@raoson.com', '$2y$10$X.hlrgHObe207DQtJvn5HurRcS5OB/jzOpL8KOvoLoILQBllmH30a', '2018-01-30 00:13:43', 2, '2018-02-03 10:04:40', 2, 1),
(24, 'Anandi', 'anandi@raoson.com', '$2y$10$X.hlrgHObe207DQtJvn5HurRcS5OB/jzOpL8KOvoLoILQBllmH30a', '2018-01-30 00:14:11', 2, '2018-02-03 10:04:40', 2, 1),
(25, 'Nida', 'nida@raoson.com', '$2y$10$X.hlrgHObe207DQtJvn5HurRcS5OB/jzOpL8KOvoLoILQBllmH30a', '2018-01-30 00:14:27', 2, '2018-02-03 10:04:40', 2, 1),
(26, 'Nivedita', 'nivedita@raoson.com', '$2y$10$X.hlrgHObe207DQtJvn5HurRcS5OB/jzOpL8KOvoLoILQBllmH30a', '2018-01-30 00:14:42', 2, '2018-02-03 10:04:40', 2, 1),
(27, 'Nikhil', 'nikhil@raoson.com', '$2y$10$X.hlrgHObe207DQtJvn5HurRcS5OB/jzOpL8KOvoLoILQBllmH30a', '2018-01-30 00:15:10', 2, '2018-02-03 10:04:40', 2, 1),
(28, 'Roshan', 'roshan@raoson.com', '$2y$10$X.hlrgHObe207DQtJvn5HurRcS5OB/jzOpL8KOvoLoILQBllmH30a', '2018-01-30 00:15:28', 2, '2018-02-03 10:04:40', 2, 1),
(29, 'Rakesh', 'rakesh@raoson.com', '$2y$10$X.hlrgHObe207DQtJvn5HurRcS5OB/jzOpL8KOvoLoILQBllmH30a', '2018-01-30 00:53:26', 2, '2018-02-03 10:02:08', 2, 1),
(30, 'Akshay', 'akshay@raoson.com', '$2y$10$X.hlrgHObe207DQtJvn5HurRcS5OB/jzOpL8KOvoLoILQBllmH30a', '2018-01-31 11:54:54', 2, '2018-02-03 10:04:40', 2, 1),
(31, 'Sneha', 'accounts@raoson.com', '$2y$10$X.hlrgHObe207DQtJvn5HurRcS5OB/jzOpL8KOvoLoILQBllmH30a', '2018-01-31 11:54:54', 2, '2018-02-03 10:04:40', 2, 1),
(32, 'Pradnya Chiplunkar', 'pradnya@raoson.com', '$2y$10$X.hlrgHObe207DQtJvn5HurRcS5OB/jzOpL8KOvoLoILQBllmH30a', '2018-02-03 03:24:16', 5, '2018-02-03 10:04:40', 5, 1);

-- --------------------------------------------------------

--
-- Table structure for table `user_activities`
--

CREATE TABLE `user_activities` (
  `activity_id` int(11) NOT NULL,
  `can_id` int(11) NOT NULL,
  `table_name` varchar(100) NOT NULL,
  `operation_name` varchar(100) NOT NULL,
  `controller` varchar(100) NOT NULL,
  `method` varchar(100) NOT NULL,
  `last_modified_on` timestamp NOT NULL DEFAULT CURRENT_TIMESTAMP ON UPDATE CURRENT_TIMESTAMP,
  `last_modified_by` int(11) NOT NULL,
  `comment` varchar(100) NOT NULL
) ENGINE=InnoDB DEFAULT CHARSET=latin1;

--
-- Dumping data for table `user_activities`
--

INSERT INTO `user_activities` (`activity_id`, `can_id`, `table_name`, `operation_name`, `controller`, `method`, `last_modified_on`, `last_modified_by`, `comment`) VALUES
(1, 8, 'documents', 'update', 'candidate', 'update', '2017-12-30 00:04:05', 8, 'Document Uploaded'),
(2, 22, 'candidate', 'update', 'candidate', 'update', '2017-12-30 00:33:37', 22, 'Profile Updated'),
(3, 58, 'leave_application', 'insert', 'leave_management', 'leave_status', '2017-12-30 00:59:19', 58, 'Applied for leave'),
(4, 57, 'leave_application', 'insert', 'leave_management', 'leave_status', '2017-12-30 01:00:07', 57, 'Applied for leave'),
(5, 60, 'leave_application', 'insert', 'leave_management', 'leave_status', '2017-12-30 01:02:45', 60, 'Applied for leave'),
(6, 59, 'leave_application', 'insert', 'leave_management', 'leave_status', '2017-12-30 01:04:44', 59, 'Applied for leave'),
(7, 59, 'leave_application', 'insert', 'leave_management', 'leave_status', '2017-12-30 01:04:53', 59, 'Applied for leave'),
(8, 61, 'leave_application', 'insert', 'leave_management', 'leave_status', '2017-12-30 01:07:00', 61, 'Applied for leave'),
(9, 1, 'leave_application', 'insert', 'leave_management', 'leave_status', '2018-01-01 22:12:39', 1, 'Applied for leave'),
(10, 64, 'leave_application', 'insert', 'leave_management', 'leave_status', '2018-01-01 23:03:02', 64, 'Applied for leave'),
(11, 1, 'leave_application', 'insert', 'leave_management', 'leave_status', '2018-01-01 23:15:35', 1, 'Applied for leave'),
(12, 64, 'leave_application', 'insert', 'leave_management', 'leave_status', '2018-01-02 00:16:13', 64, 'Applied for leave'),
(13, 2, 'documents', 'update', 'candidate', 'update', '2018-01-02 23:44:36', 2, 'Document Uploaded'),
(14, 9, 'leave_application', 'insert', 'leave_management', 'leave_status', '2018-01-05 22:00:50', 9, 'Applied for leave'),
(15, 22, 'documents', 'update', 'candidate', 'update', '2018-01-09 00:01:33', 22, 'Document Uploaded'),
(16, 22, 'insurance_details', 'update', 'candidate', 'update', '2018-01-09 01:14:12', 22, 'Insurance Details Uploaded'),
(17, 47, 'leave_application', 'insert', 'leave_management', 'leave_status', '2018-01-20 06:16:25', 47, 'Applied for leave'),
(18, 22, 'leave_application', 'insert', 'leave_management', 'leave_status', '2018-01-20 06:43:01', 22, 'Applied for leave'),
(19, 22, 'leave_application', 'insert', 'leave_management', 'leave_status', '2018-01-20 06:43:44', 22, 'Applied for leave'),
(20, 22, 'leave_application', 'insert', 'leave_management', 'leave_status', '2018-01-20 06:45:21', 22, 'Applied for leave'),
(21, 22, 'candidate', 'update', '', '', '2018-01-20 07:19:12', 22, 'Password Uploaded'),
(22, 22, 'candidate', 'update', '', '', '2018-01-22 05:19:03', 22, 'Password Uploaded'),
(23, 22, 'candidate', 'update', '', '', '2018-01-22 05:19:28', 22, 'Password Uploaded'),
(24, 22, 'candidate', 'update', '', '', '2018-01-22 05:19:52', 22, 'Password Uploaded'),
(25, 22, 'candidate', 'update', '', '', '2018-01-22 05:22:41', 22, 'Password Uploaded'),
(26, 22, 'leave_application', 'insert', 'leave_management', 'leave_status', '2018-01-21 21:23:39', 22, 'Applied for leave'),
(27, 38, 'candidate', 'update', '', '', '2018-01-21 21:25:04', 38, 'Password Uploaded'),
(28, 38, 'leave_application', 'insert', 'leave_management', 'leave_status', '2018-01-21 21:27:21', 38, 'Applied for leave'),
(29, 1, 'candidate', 'update', '', '', '2018-01-23 05:45:47', 1, 'Password Uploaded'),
(30, 1, 'candidate', 'update', '', '', '2018-01-22 21:22:55', 1, 'Password Uploaded'),
(31, 1, 'candidate', 'update', '', '', '2018-01-24 07:01:23', 1, 'Password Uploaded'),
(32, 1, 'leave_application', 'insert', 'leave_management', 'leave_status', '2018-01-25 01:43:35', 1, 'Applied for leave'),
(33, 22, 'candidate', 'update', 'candidate', 'update', '2018-01-26 22:55:25', 22, 'Profile Updated'),
(34, 8, 'candidate', 'update', '', '', '2018-01-26 22:57:21', 8, 'Password Uploaded'),
(35, 1, 'candidate', 'update', '', '', '2018-01-29 04:59:06', 1, 'Password Uploaded'),
(36, 1, 'candidate', 'update', '', '', '2018-01-29 06:08:24', 1, 'Password Uploaded'),
(37, 2, 'candidate', 'update', '', '', '2018-01-30 00:11:09', 2, 'Password Uploaded'),
(38, 7, 'candidate', 'update', '', '', '2018-01-30 00:18:20', 7, 'Password Uploaded'),
(39, 29, 'candidate', 'update', '', '', '2018-01-30 07:48:28', 29, 'Password Uploaded'),
(40, 5, 'candidate', 'update', '', '', '2018-01-30 07:55:50', 5, 'Password Uploaded'),
(41, 3, 'candidate', 'update', '', '', '2018-01-30 08:07:49', 3, 'Password Uploaded'),
(42, 9, 'candidate', 'update', '', '', '2018-01-31 10:10:28', 9, 'Password Uploaded'),
(43, 9, 'documents', 'update', 'candidate', 'update', '2018-01-31 10:11:35', 9, 'Document Uploaded'),
(44, 29, 'candidate', 'update', 'candidate', 'update', '2018-01-31 10:27:53', 29, 'Profile Updated'),
(45, 29, 'candidate', 'update', 'candidate', 'update', '2018-01-31 10:29:29', 29, 'Profile Updated'),
(46, 29, 'candidate', 'update', 'candidate', 'update', '2018-01-31 10:29:41', 29, 'Profile Updated'),
(47, 15, 'candidate', 'update', '', '', '2018-01-31 10:39:25', 15, 'Password Uploaded'),
(48, 17, 'candidate', 'update', '', '', '2018-01-31 10:47:56', 17, 'Password Uploaded'),
(49, 22, 'candidate', 'update', '', '', '2018-01-31 10:51:19', 22, 'Password Uploaded'),
(50, 18, 'candidate', 'update', '', '', '2018-01-31 10:51:19', 18, 'Password Uploaded'),
(51, 23, 'candidate', 'update', '', '', '2018-01-31 10:51:39', 23, 'Password Uploaded'),
(52, 19, 'candidate', 'update', '', '', '2018-01-31 10:54:43', 19, 'Password Uploaded'),
(53, 24, 'candidate', 'update', '', '', '2018-01-31 10:59:56', 24, 'Password Uploaded'),
(54, 6, 'candidate', 'update', '', '', '2018-01-31 11:02:32', 6, 'Password Uploaded'),
(55, 6, 'candidate', 'update', 'candidate', 'update', '2018-01-31 11:15:18', 6, 'Profile Updated'),
(56, 26, 'candidate', 'update', '', '', '2018-01-31 11:17:25', 26, 'Password Uploaded'),
(57, 18, 'candidate', 'update', 'candidate', 'update', '2018-01-31 11:20:23', 18, 'Profile Updated'),
(58, 12, 'candidate', 'update', '', '', '2018-01-31 11:21:05', 12, 'Password Uploaded'),
(59, 29, 'candidate', 'update', 'candidate', 'update', '2018-01-31 11:25:50', 29, 'Profile Updated'),
(60, 18, 'candidate', 'update', 'candidate', 'update', '2018-01-31 12:12:06', 18, 'Profile Updated'),
(61, 18, 'candidate', 'update', 'candidate', 'update', '2018-01-31 12:13:02', 18, 'Profile Updated'),
(62, 18, 'candidate', 'update', 'candidate', 'update', '2018-01-31 12:13:57', 18, 'Profile Updated'),
(63, 12, 'bank_details', 'update', 'candidate', 'update', '2018-01-31 12:44:45', 12, 'Bank Details Uploaded'),
(64, 12, 'candidate', 'update', 'candidate', 'update', '2018-01-31 12:46:43', 12, 'Profile Updated'),
(65, 16, 'candidate', 'update', '', '', '2018-01-31 12:54:11', 16, 'Password Uploaded'),
(66, 12, 'documents', 'update', 'candidate', 'update', '2018-01-31 12:54:46', 12, 'Document Uploaded'),
(67, 12, 'documents', 'update', 'candidate', 'update', '2018-01-31 12:56:30', 12, 'Document Uploaded'),
(68, 18, 'candidate', 'update', 'candidate', 'update', '2018-01-31 01:03:07', 18, 'Profile Updated'),
(69, 16, 'candidate', 'update', 'candidate', 'update', '2018-01-31 01:05:49', 16, 'Profile Updated'),
(70, 15, 'candidate', 'update', 'candidate', 'update', '2018-01-31 01:17:15', 15, 'Profile Updated'),
(71, 15, 'documents', 'update', 'candidate', 'update', '2018-01-31 01:19:37', 15, 'Document Uploaded'),
(72, 18, 'candidate', 'update', 'candidate', 'update', '2018-01-31 01:21:16', 18, 'Profile Updated'),
(73, 12, 'documents', 'update', 'candidate', 'update', '2018-01-31 01:24:57', 12, 'Document Uploaded'),
(74, 29, 'bank_details', 'update', 'candidate', 'update', '2018-01-31 01:27:14', 29, 'Bank Details Uploaded'),
(75, 29, 'documents', 'update', 'candidate', 'update', '2018-01-31 01:27:57', 29, 'Document Uploaded'),
(76, 29, 'candidate', 'update', 'candidate', 'update', '2018-01-31 02:34:36', 29, 'Profile Updated'),
(77, 20, 'candidate', 'update', '', '', '2018-01-31 02:38:29', 20, 'Password Uploaded'),
(78, 18, 'candidate', 'update', 'candidate', 'update', '2018-01-31 02:45:59', 18, 'Profile Updated'),
(79, 29, 'candidate', 'update', 'candidate', 'update', '2018-01-31 02:46:16', 29, 'Profile Updated'),
(80, 18, 'candidate', 'update', 'candidate', 'update', '2018-01-31 02:48:53', 18, 'Profile Updated'),
(81, 18, 'candidate', 'update', 'candidate', 'update', '2018-01-31 02:49:11', 18, 'Profile Updated'),
(82, 18, 'candidate', 'update', 'candidate', 'update', '2018-01-31 02:49:20', 18, 'Profile Updated'),
(83, 18, 'candidate', 'update', 'candidate', 'update', '2018-01-31 02:51:53', 18, 'Profile Updated'),
(84, 18, 'candidate', 'update', 'candidate', 'update', '2018-01-31 02:59:15', 18, 'Profile Updated'),
(85, 18, 'candidate', 'update', 'candidate', 'update', '2018-01-31 03:08:06', 18, 'Profile Updated'),
(86, 17, 'candidate', 'update', 'candidate', 'update', '2018-01-31 04:57:08', 17, 'Profile Updated'),
(87, 17, 'candidate', 'update', 'candidate', 'update', '2018-01-31 04:57:27', 17, 'Profile Updated'),
(88, 13, 'candidate', 'update', '', '', '2018-01-31 04:57:36', 13, 'Password Uploaded'),
(89, 25, 'candidate', 'update', '', '', '2018-01-31 04:57:45', 25, 'Password Uploaded'),
(90, 29, 'candidate', 'update', 'candidate', 'update', '2018-01-31 05:00:46', 29, 'Profile Updated'),
(91, 22, 'candidate', 'update', 'candidate', 'update', '2018-01-31 05:01:00', 22, 'Profile Updated'),
(92, 14, 'candidate', 'update', '', '', '2018-01-31 05:01:15', 14, 'Password Uploaded'),
(93, 17, 'candidate', 'update', 'candidate', 'update', '2018-01-31 05:01:40', 17, 'Profile Updated'),
(94, 17, 'candidate', 'update', 'candidate', 'update', '2018-01-31 05:01:53', 17, 'Profile Updated'),
(95, 12, 'candidate', 'update', 'candidate', 'update', '2018-01-31 05:02:37', 12, 'Profile Updated'),
(96, 17, 'candidate', 'update', 'candidate', 'update', '2018-01-31 05:03:27', 17, 'Profile Updated'),
(97, 17, 'candidate', 'update', 'candidate', 'update', '2018-01-31 05:03:34', 17, 'Profile Updated'),
(98, 13, 'candidate', 'update', 'candidate', 'update', '2018-01-31 05:06:12', 13, 'Profile Updated'),
(99, 14, 'candidate', 'update', 'candidate', 'update', '2018-01-31 05:06:54', 14, 'Profile Updated'),
(100, 20, 'candidate', 'update', 'candidate', 'update', '2018-01-31 05:07:34', 20, 'Profile Updated'),
(101, 20, 'candidate', 'update', 'candidate', 'update', '2018-01-31 05:08:45', 20, 'Profile Updated'),
(102, 23, 'candidate', 'update', 'candidate', 'update', '2018-01-31 05:08:58', 23, 'Profile Updated'),
(103, 13, 'bank_details', 'update', 'candidate', 'update', '2018-01-31 05:10:08', 13, 'Bank Details Uploaded'),
(104, 14, 'bank_details', 'update', 'candidate', 'update', '2018-01-31 05:12:30', 14, 'Bank Details Uploaded'),
(105, 27, 'candidate', 'update', '', '', '2018-01-31 05:14:38', 27, 'Password Uploaded'),
(106, 27, 'candidate', 'update', '', '', '2018-01-31 05:16:14', 27, 'Password Uploaded'),
(107, 22, 'bank_details', 'update', 'candidate', 'update', '2018-01-31 05:16:14', 22, 'Bank Details Uploaded'),
(108, 23, 'bank_details', 'update', 'candidate', 'update', '2018-01-31 05:16:42', 23, 'Bank Details Uploaded'),
(109, 13, 'documents', 'update', 'candidate', 'update', '2018-01-31 05:19:45', 13, 'Document Uploaded'),
(110, 13, 'documents', 'update', 'candidate', 'update', '2018-01-31 05:20:10', 13, 'Document Uploaded'),
(111, 13, 'candidate', 'update', 'candidate', 'update', '2018-01-31 05:22:29', 13, 'Profile Updated'),
(112, 13, 'candidate', 'update', 'candidate', 'update', '2018-01-31 05:22:37', 13, 'Profile Updated'),
(113, 13, 'candidate', 'update', 'candidate', 'update', '2018-01-31 05:22:45', 13, 'Profile Updated'),
(114, 13, 'candidate', 'update', 'candidate', 'update', '2018-01-31 05:22:54', 13, 'Profile Updated'),
(115, 13, 'candidate', 'update', 'candidate', 'update', '2018-01-31 05:23:27', 13, 'Profile Updated'),
(116, 13, 'candidate', 'update', 'candidate', 'update', '2018-01-31 05:23:33', 13, 'Profile Updated'),
(117, 13, 'candidate', 'update', 'candidate', 'update', '2018-01-31 05:23:41', 13, 'Profile Updated'),
(118, 13, 'candidate', 'update', 'candidate', 'update', '2018-01-31 05:25:43', 13, 'Profile Updated'),
(119, 19, 'candidate', 'update', 'candidate', 'update', '2018-01-31 05:29:57', 19, 'Profile Updated'),
(120, 19, 'candidate', 'update', 'candidate', 'update', '2018-01-31 05:35:34', 19, 'Profile Updated'),
(121, 30, 'candidate', 'update', '', '', '2018-01-31 05:36:44', 30, 'Password Uploaded'),
(122, 31, 'candidate', 'update', '', '', '2018-01-31 05:39:54', 31, 'Password Uploaded'),
(123, 9, 'candidate', 'update', 'candidate', 'update', '2018-01-31 05:41:16', 9, 'Profile Updated'),
(124, 9, 'candidate', 'update', 'candidate', 'update', '2018-01-31 05:43:22', 9, 'Profile Updated'),
(125, 19, 'candidate', 'update', 'candidate', 'update', '2018-01-31 05:53:27', 19, 'Profile Updated'),
(126, 19, 'candidate', 'update', 'candidate', 'update', '2018-01-31 05:53:38', 19, 'Profile Updated'),
(127, 27, 'candidate', 'update', 'candidate', 'update', '2018-01-31 05:59:24', 27, 'Profile Updated'),
(128, 30, 'candidate', 'update', 'candidate', 'update', '2018-01-31 05:59:51', 30, 'Profile Updated'),
(129, 27, 'candidate', 'update', 'candidate', 'update', '2018-01-31 06:11:07', 27, 'Profile Updated'),
(130, 24, 'candidate', 'update', 'candidate', 'update', '2018-01-31 06:12:22', 24, 'Profile Updated'),
(131, 31, 'candidate', 'update', 'candidate', 'update', '2018-01-31 06:12:27', 31, 'Profile Updated'),
(132, 24, 'candidate', 'update', 'candidate', 'update', '2018-01-31 06:17:40', 24, 'Profile Updated'),
(133, 27, 'candidate', 'update', 'candidate', 'update', '2018-01-31 06:22:55', 27, 'Profile Updated'),
(134, 9, 'candidate', 'update', 'candidate', 'update', '2018-01-31 06:25:00', 9, 'Profile Updated'),
(135, 24, 'bank_details', 'update', 'candidate', 'update', '2018-01-31 06:32:31', 24, 'Bank Details Uploaded'),
(136, 27, 'candidate', 'update', 'candidate', 'update', '2018-01-31 06:47:11', 27, 'Profile Updated'),
(137, 27, 'candidate', 'update', 'candidate', 'update', '2018-01-31 06:47:31', 27, 'Profile Updated'),
(138, 27, 'documents', 'update', 'candidate', 'update', '2018-01-31 06:50:03', 27, 'Document Uploaded'),
(139, 29, 'candidate', 'update', 'candidate', 'update', '2018-01-31 06:51:02', 29, 'Profile Updated'),
(140, 25, 'candidate', 'update', 'candidate', 'update', '2018-01-31 06:56:43', 25, 'Profile Updated'),
(141, 25, 'candidate', 'update', 'candidate', 'update', '2018-01-31 06:57:59', 25, 'Profile Updated'),
(142, 27, 'candidate', 'update', 'candidate', 'update', '2018-01-31 06:58:36', 27, 'Profile Updated'),
(143, 31, 'candidate', 'update', '', '', '2018-01-31 06:59:09', 31, 'Password Uploaded'),
(144, 9, 'candidate', 'update', 'candidate', 'update', '2018-01-31 08:26:06', 9, 'Profile Updated'),
(145, 9, 'candidate', 'update', 'candidate', 'update', '2018-01-31 08:26:13', 9, 'Profile Updated'),
(146, 9, 'candidate', 'update', 'candidate', 'update', '2018-01-31 08:34:00', 9, 'Profile Updated'),
(147, 21, 'candidate', 'update', '', '', '2018-02-01 10:13:14', 21, 'Password Uploaded'),
(148, 11, 'candidate', 'update', '', '', '2018-02-01 10:19:27', 11, 'Password Uploaded'),
(149, 11, 'candidate', 'update', 'candidate', 'update', '2018-02-01 10:21:32', 11, 'Profile Updated'),
(150, 12, 'candidate', 'update', 'candidate', 'update', '2018-02-01 10:23:24', 12, 'Bank Details Updated'),
(151, 11, 'bank_details', 'update', 'candidate', 'update', '2018-02-01 10:23:51', 11, 'Bank Details Uploaded'),
(152, 12, 'candidate', 'update', 'candidate', 'update', '2018-02-01 10:51:07', 12, 'Profile Updated'),
(153, 12, 'candidate', 'update', 'candidate', 'update', '2018-02-01 10:51:16', 12, 'Profile Updated'),
(154, 12, 'candidate', 'update', 'candidate', 'update', '2018-02-01 10:51:35', 12, 'Profile Updated'),
(155, 27, 'candidate', 'update', 'candidate', 'update', '2018-02-01 01:12:00', 27, 'Profile Updated'),
(156, 12, 'candidate', 'update', 'candidate', 'update', '2018-02-01 02:53:28', 12, 'Profile Updated'),
(157, 11, 'candidate', 'update', 'candidate', 'update', '2018-02-02 10:46:34', 11, 'Bank Details Updated'),
(158, 11, 'candidate', 'update', 'candidate', 'update', '2018-02-02 10:47:34', 11, 'Profile Updated'),
(159, 8, 'candidate', 'update', '', '', '2018-02-02 02:44:03', 8, 'Password Uploaded'),
(160, 19, 'candidate', 'update', 'candidate', 'update', '2018-02-02 06:48:47', 19, 'Profile Updated'),
(161, 5, 'candidate', 'update', '', '', '2018-02-02 08:00:57', 5, 'Password Uploaded'),
(162, 10, 'candidate', 'update', '', '', '2018-02-03 11:52:52', 10, 'Password Uploaded'),
(163, 19, 'candidate', 'update', 'candidate', 'update', '2018-02-03 11:54:27', 19, 'Profile Updated'),
(164, 7, 'candidate', 'update', 'candidate', 'update', '2018-02-03 11:54:32', 7, 'Profile Updated'),
(165, 7, 'candidate', 'update', 'candidate', 'update', '2018-02-03 11:54:51', 7, 'Profile Updated'),
(166, 7, 'candidate', 'update', 'candidate', 'update', '2018-02-03 11:54:59', 7, 'Profile Updated'),
(167, 7, 'documents', 'update', 'candidate', 'update', '2018-02-03 11:55:44', 7, 'Document Uploaded'),
(168, 7, 'documents', 'update', 'candidate', 'update', '2018-02-03 11:56:26', 7, 'Document Uploaded'),
(169, 8, 'candidate', 'update', 'candidate', 'update', '2018-02-03 11:56:37', 8, 'Profile Updated'),
(170, 10, 'candidate', 'update', 'candidate', 'update', '2018-02-03 12:07:53', 10, 'Profile Updated'),
(171, 15, 'bank_details', 'update', 'candidate', 'update', '2018-02-03 12:18:30', 15, 'Bank Details Uploaded'),
(172, 15, 'candidate', 'update', 'candidate', 'update', '2018-02-03 12:18:49', 15, 'Profile Updated'),
(173, 15, 'documents', 'update', 'candidate', 'update', '2018-02-03 12:19:56', 15, 'Document Uploaded'),
(174, 15, 'documents', 'update', 'candidate', 'update', '2018-02-03 12:20:17', 15, 'Document Uploaded'),
(175, 15, 'candidate', 'update', 'candidate', 'update', '2018-02-03 12:21:36', 15, 'Bank Details Updated'),
(176, 15, 'candidate', 'update', 'candidate', 'update', '2018-02-03 12:21:48', 15, 'Bank Details Updated'),
(177, 15, 'candidate', 'update', 'candidate', 'update', '2018-02-03 12:23:33', 15, 'Bank Details Updated'),
(178, 2, 'candidate', 'update', '', '', '2018-02-03 01:14:31', 2, 'Password Uploaded'),
(179, 2, 'candidate', 'update', 'candidate', 'update', '2018-02-03 01:18:25', 2, 'Profile Updated'),
(180, 12, 'candidate', 'update', 'candidate', 'update', '2018-02-03 01:32:26', 12, 'Bank Details Updated'),
(181, 15, 'leave_application', 'insert', 'leave_management', 'leave_status', '2018-02-08 23:50:35', 15, 'Applied for leave'),
(182, 7, 'leave_application', 'insert', 'leave_management', 'leave_status', '2018-02-10 07:19:20', 7, 'Applied for leave'),
(183, 9, 'candidate', 'update', 'candidate', 'update', '2018-02-09 19:39:24', 9, 'Bank Details Updated');

-- --------------------------------------------------------

--
-- Table structure for table `user_config`
--

CREATE TABLE `user_config` (
  `sr_no` int(10) NOT NULL,
  `role_id` int(11) NOT NULL,
  `dashboard_access` tinyint(1) NOT NULL,
  `employee_access` tinyint(1) NOT NULL,
  `task_access` tinyint(1) NOT NULL,
  `create_task_access` tinyint(1) NOT NULL,
  `user_leave_access` tinyint(1) NOT NULL,
  `leave_type_add_access` tinyint(1) NOT NULL,
  `calender_access` tinyint(1) NOT NULL,
  `compensation_access` tinyint(1) NOT NULL,
  `performance_incentives_access` tinyint(1) NOT NULL,
  `travel_management_access` tinyint(1) NOT NULL,
  `travel_approval_access` tinyint(1) NOT NULL,
  `settings_access` tinyint(1) NOT NULL,
  `holiday_access` tinyint(1) NOT NULL
) ENGINE=InnoDB DEFAULT CHARSET=latin1;

--
-- Dumping data for table `user_config`
--

INSERT INTO `user_config` (`sr_no`, `role_id`, `dashboard_access`, `employee_access`, `task_access`, `create_task_access`, `user_leave_access`, `leave_type_add_access`, `calender_access`, `compensation_access`, `performance_incentives_access`, `travel_management_access`, `travel_approval_access`, `settings_access`, `holiday_access`) VALUES
(1, 7, 1, 1, 1, 1, 1, 0, 0, 0, 1, 1, 1, 1, 1),
(2, 0, 1, 0, 1, 0, 1, 0, 0, 0, 0, 1, 0, 0, 1);

-- --------------------------------------------------------

--
-- Table structure for table `user_menu`
--

CREATE TABLE `user_menu` (
  `user_menu_id` int(11) NOT NULL,
  `role_id` int(11) NOT NULL,
  `menu_id` int(11) NOT NULL,
  `is_active` tinyint(1) NOT NULL
) ENGINE=InnoDB DEFAULT CHARSET=latin1;

--
-- Dumping data for table `user_menu`
--

INSERT INTO `user_menu` (`user_menu_id`, `role_id`, `menu_id`, `is_active`) VALUES
(672, 6, 2, 1),
(673, 6, 3, 1),
(1120, 11, 1, 1),
(1121, 11, 2, 1),
(1122, 11, 3, 1),
(1123, 11, 4, 1),
(1124, 11, 5, 1),
(1125, 11, 6, 1),
(1126, 11, 7, 1),
(1127, 11, 9, 1),
(1128, 11, 10, 1),
(1129, 11, 11, 1),
(1130, 11, 12, 1),
(1131, 11, 13, 1),
(1132, 11, 14, 1),
(1133, 11, 15, 1),
(1134, 11, 16, 1),
(1135, 11, 17, 1),
(1136, 11, 18, 1),
(1137, 11, 19, 1),
(1138, 11, 20, 1),
(1139, 11, 21, 1),
(1140, 11, 22, 1),
(1141, 11, 23, 1),
(1142, 11, 24, 1),
(1143, 11, 25, 1),
(1144, 11, 26, 1),
(1145, 11, 27, 1),
(1146, 11, 28, 1),
(1147, 11, 29, 1),
(1148, 11, 30, 1),
(1149, 11, 31, 1),
(1150, 11, 32, 1),
(1151, 11, 33, 1),
(1152, 11, 34, 1),
(1153, 11, 35, 1),
(1154, 11, 36, 1),
(1155, 11, 37, 1),
(1156, 11, 38, 1),
(1157, 11, 39, 1),
(1158, 11, 40, 1),
(1159, 11, 42, 1),
(1523, 13, 1, 1),
(1524, 13, 2, 1),
(1525, 13, 3, 1),
(1526, 13, 4, 1),
(1527, 13, 5, 1),
(1528, 13, 6, 1),
(1529, 13, 7, 1),
(1530, 13, 9, 1),
(1531, 13, 10, 1),
(1532, 13, 11, 1),
(1533, 13, 12, 1),
(1534, 13, 13, 1),
(1535, 13, 14, 1),
(1536, 13, 15, 1),
(1537, 13, 16, 1),
(1538, 13, 17, 1),
(1539, 13, 18, 1),
(1540, 13, 19, 1),
(1541, 13, 20, 1),
(1542, 13, 21, 1),
(1543, 13, 22, 1),
(1544, 13, 23, 1),
(1545, 13, 24, 1),
(1546, 13, 25, 1),
(1547, 13, 26, 1),
(1548, 13, 27, 1),
(1549, 13, 28, 1),
(1550, 13, 29, 1),
(1551, 13, 30, 1),
(1552, 13, 31, 1),
(1553, 13, 32, 1),
(1554, 13, 33, 1),
(1555, 13, 34, 1),
(1556, 13, 35, 1),
(1557, 13, 36, 1),
(1558, 13, 37, 1),
(1559, 13, 38, 1),
(1560, 13, 39, 1),
(1561, 13, 40, 1),
(1562, 13, 43, 1),
(1563, 13, 44, 1),
(1564, 13, 45, 1),
(1565, 13, 46, 1),
(1566, 13, 47, 1),
(2619, 15, 1, 1),
(2620, 15, 2, 1),
(2621, 15, 3, 1),
(2622, 15, 4, 1),
(2623, 15, 5, 1),
(2624, 15, 6, 1),
(2625, 15, 7, 1),
(2626, 15, 9, 1),
(2627, 15, 10, 1),
(2628, 15, 11, 1),
(2629, 15, 13, 1),
(2630, 15, 14, 1),
(2631, 15, 15, 1),
(2632, 15, 16, 1),
(2633, 15, 17, 1),
(2634, 15, 18, 1),
(2635, 15, 19, 1),
(2636, 15, 24, 1),
(2637, 15, 25, 1),
(2638, 15, 27, 1),
(2639, 15, 28, 1),
(2640, 15, 37, 1),
(2641, 15, 40, 1),
(2642, 15, 43, 1),
(2643, 15, 44, 1),
(2644, 15, 48, 1),
(2944, 10, 1, 1),
(2945, 10, 2, 1),
(2946, 10, 3, 1),
(2947, 10, 4, 1),
(2948, 10, 5, 1),
(2949, 10, 6, 1),
(2950, 10, 7, 1),
(2951, 10, 9, 1),
(2952, 10, 10, 1),
(2953, 10, 11, 1),
(2954, 10, 13, 1),
(2955, 10, 14, 1),
(2956, 10, 15, 1),
(2957, 10, 16, 1),
(2958, 10, 17, 1),
(2959, 10, 18, 1),
(2960, 10, 19, 1),
(2961, 10, 20, 1),
(2962, 10, 21, 1),
(2963, 10, 22, 1),
(2964, 10, 23, 1),
(2965, 10, 24, 1),
(2966, 10, 25, 1),
(2967, 10, 26, 1),
(2968, 10, 27, 1),
(2969, 10, 28, 1),
(2970, 10, 29, 1),
(2971, 10, 30, 1),
(2972, 10, 31, 1),
(2973, 10, 33, 1),
(2974, 10, 34, 1),
(2975, 10, 35, 1),
(2976, 10, 36, 1),
(2977, 10, 37, 1),
(2978, 10, 38, 1),
(2979, 10, 39, 1),
(2980, 10, 40, 1),
(2981, 10, 43, 1),
(2982, 10, 44, 1),
(2983, 10, 45, 1),
(2984, 10, 46, 1),
(2985, 10, 47, 1),
(2986, 10, 48, 1),
(2987, 10, 50, 1),
(2988, 10, 51, 1),
(2989, 10, 52, 1),
(2990, 10, 53, 1),
(2991, 10, 54, 1),
(2992, 10, 55, 1),
(2993, 10, 56, 1),
(2994, 10, 57, 1),
(2995, 10, 59, 1),
(2996, 10, 60, 1),
(2997, 1, 1, 1),
(2998, 1, 2, 1),
(2999, 1, 3, 1),
(3000, 1, 4, 1),
(3001, 1, 5, 1),
(3002, 1, 6, 1),
(3003, 1, 7, 1),
(3004, 1, 9, 1),
(3005, 1, 10, 1),
(3006, 1, 11, 1),
(3007, 1, 13, 1),
(3008, 1, 14, 1),
(3009, 1, 15, 1),
(3010, 1, 16, 1),
(3011, 1, 17, 1),
(3012, 1, 18, 1),
(3013, 1, 19, 1),
(3014, 1, 20, 1),
(3015, 1, 21, 1),
(3016, 1, 22, 1),
(3017, 1, 23, 1),
(3018, 1, 24, 1),
(3019, 1, 25, 1),
(3020, 1, 26, 1),
(3021, 1, 27, 1),
(3022, 1, 28, 1),
(3023, 1, 29, 1),
(3024, 1, 30, 1),
(3025, 1, 31, 1),
(3026, 1, 33, 1),
(3027, 1, 34, 1),
(3028, 1, 35, 1),
(3029, 1, 36, 1),
(3030, 1, 37, 1),
(3031, 1, 38, 1),
(3032, 1, 39, 1),
(3033, 1, 40, 1),
(3034, 1, 43, 1),
(3035, 1, 44, 1),
(3036, 1, 45, 1),
(3037, 1, 46, 1),
(3038, 1, 47, 1),
(3039, 1, 48, 1),
(3040, 1, 50, 1),
(3041, 1, 51, 1),
(3042, 1, 52, 1),
(3043, 1, 53, 1),
(3044, 1, 54, 1),
(3045, 1, 55, 1),
(3046, 1, 56, 1),
(3047, 1, 57, 1),
(3048, 1, 59, 1),
(3049, 1, 60, 1),
(3050, 4, 1, 1),
(3051, 4, 2, 1),
(3052, 4, 3, 1),
(3053, 4, 4, 1),
(3054, 4, 5, 1),
(3055, 4, 6, 1),
(3056, 4, 7, 1),
(3057, 4, 9, 1),
(3058, 4, 10, 1),
(3059, 4, 11, 1),
(3060, 4, 13, 1),
(3061, 4, 14, 1),
(3062, 4, 15, 1),
(3063, 4, 16, 1),
(3064, 4, 17, 1),
(3065, 4, 18, 1),
(3066, 4, 19, 1),
(3067, 4, 20, 1),
(3068, 4, 21, 1),
(3069, 4, 22, 1),
(3070, 4, 23, 1),
(3071, 4, 24, 1),
(3072, 4, 25, 1),
(3073, 4, 26, 1),
(3074, 4, 27, 1),
(3075, 4, 28, 1),
(3076, 4, 29, 1),
(3077, 4, 30, 1),
(3078, 4, 31, 1),
(3079, 4, 33, 1),
(3080, 4, 34, 1),
(3081, 4, 35, 1),
(3082, 4, 36, 1),
(3083, 4, 37, 1),
(3084, 4, 38, 1),
(3085, 4, 39, 1),
(3086, 4, 40, 1),
(3087, 4, 43, 1),
(3088, 4, 44, 1),
(3089, 4, 45, 1),
(3090, 4, 46, 1),
(3091, 4, 47, 1),
(3092, 4, 48, 1),
(3093, 4, 50, 1),
(3094, 4, 51, 1),
(3095, 4, 52, 1),
(3096, 4, 53, 1),
(3097, 4, 54, 1),
(3098, 4, 55, 1),
(3099, 4, 56, 1),
(3100, 4, 57, 1),
(3101, 4, 59, 1),
(3102, 4, 60, 1),
(6472, 17, 4, 1),
(6473, 17, 5, 1),
(6474, 17, 6, 1),
(6475, 17, 7, 1),
(6476, 17, 9, 1),
(6477, 17, 10, 1),
(6478, 17, 14, 1),
(6479, 17, 16, 1),
(6480, 17, 17, 1),
(6481, 17, 18, 1),
(6482, 17, 19, 1),
(6483, 17, 24, 1),
(6484, 17, 25, 1),
(6485, 17, 28, 1),
(6486, 17, 45, 1),
(6487, 17, 46, 1),
(6488, 17, 48, 1),
(6489, 17, 59, 1),
(6490, 17, 60, 1),
(6491, 17, 66, 1),
(6492, 17, 69, 1),
(6493, 17, 81, 1),
(6494, 17, 83, 1),
(6495, 17, 84, 1),
(6496, 17, 87, 1),
(6497, 17, 98, 1),
(6726, 14, 4, 1),
(6727, 14, 5, 1),
(6728, 14, 6, 1),
(6729, 14, 7, 1),
(6730, 14, 9, 1),
(6731, 14, 10, 1),
(6732, 14, 14, 1),
(6733, 14, 16, 1),
(6734, 14, 17, 1),
(6735, 14, 18, 1),
(6736, 14, 19, 1),
(6737, 14, 24, 1),
(6738, 14, 25, 1),
(6739, 14, 28, 1),
(6740, 14, 37, 1),
(6741, 14, 45, 1),
(6742, 14, 46, 1),
(6743, 14, 48, 1),
(6744, 14, 59, 1),
(6745, 14, 60, 1),
(6746, 14, 63, 1),
(6747, 14, 66, 1),
(6748, 14, 69, 1),
(6749, 14, 84, 1),
(6750, 14, 87, 1),
(7230, 2, 1, 1),
(7231, 2, 2, 1),
(7232, 2, 3, 1),
(7233, 2, 4, 1),
(7234, 2, 5, 1),
(7235, 2, 6, 1),
(7236, 2, 7, 1),
(7237, 2, 9, 1),
(7238, 2, 10, 1),
(7239, 2, 11, 1),
(7240, 2, 13, 1),
(7241, 2, 14, 1),
(7242, 2, 15, 1),
(7243, 2, 16, 1),
(7244, 2, 17, 1),
(7245, 2, 18, 1),
(7246, 2, 19, 1),
(7247, 2, 20, 1),
(7248, 2, 21, 1),
(7249, 2, 22, 1),
(7250, 2, 23, 1),
(7251, 2, 24, 1),
(7252, 2, 25, 1),
(7253, 2, 26, 1),
(7254, 2, 27, 1),
(7255, 2, 28, 1),
(7256, 2, 29, 1),
(7257, 2, 30, 1),
(7258, 2, 31, 1),
(7259, 2, 33, 1),
(7260, 2, 34, 1),
(7261, 2, 35, 1),
(7262, 2, 36, 1),
(7263, 2, 37, 1),
(7264, 2, 38, 1),
(7265, 2, 39, 1),
(7266, 2, 40, 1),
(7267, 2, 43, 1),
(7268, 2, 44, 1),
(7269, 2, 45, 1),
(7270, 2, 46, 1),
(7271, 2, 47, 1),
(7272, 2, 48, 1),
(7273, 2, 50, 1),
(7274, 2, 51, 1),
(7275, 2, 52, 1),
(7276, 2, 53, 1),
(7277, 2, 54, 1),
(7278, 2, 55, 1),
(7279, 2, 56, 1),
(7280, 2, 57, 1),
(7281, 2, 59, 1),
(7282, 2, 60, 1),
(7283, 2, 61, 1),
(7284, 2, 62, 1),
(7285, 2, 63, 1),
(7286, 2, 64, 1),
(7287, 2, 65, 1),
(7288, 2, 66, 1),
(7289, 2, 69, 1),
(7290, 2, 70, 1),
(7291, 2, 71, 1),
(7292, 2, 72, 1),
(7293, 2, 74, 1),
(7294, 2, 75, 1),
(7295, 2, 76, 1),
(7296, 2, 77, 1),
(7297, 2, 78, 1),
(7298, 2, 79, 1),
(7299, 2, 81, 1),
(7300, 2, 82, 1),
(7301, 2, 83, 1),
(7302, 2, 84, 1),
(7303, 2, 85, 1),
(7304, 2, 86, 1),
(7305, 2, 87, 1),
(7306, 2, 88, 1),
(7307, 2, 89, 1),
(7308, 2, 90, 1),
(7309, 2, 91, 1),
(7310, 2, 92, 1),
(7311, 2, 93, 1),
(7312, 2, 94, 1),
(7313, 2, 95, 1),
(7314, 2, 96, 1),
(7315, 2, 97, 1),
(7316, 2, 98, 1),
(7317, 2, 99, 1),
(7318, 2, 100, 1),
(7319, 2, 101, 1),
(7320, 2, 102, 1),
(7321, 2, 103, 1),
(7496, 3, 4, 1),
(7497, 3, 5, 1),
(7498, 3, 6, 1),
(7499, 3, 7, 1),
(7500, 3, 9, 1),
(7501, 3, 10, 1),
(7502, 3, 14, 1),
(7503, 3, 15, 1),
(7504, 3, 16, 1),
(7505, 3, 17, 1),
(7506, 3, 18, 1),
(7507, 3, 19, 1),
(7508, 3, 20, 1),
(7509, 3, 22, 1),
(7510, 3, 23, 1),
(7511, 3, 24, 1),
(7512, 3, 25, 1),
(7513, 3, 26, 1),
(7514, 3, 28, 1),
(7515, 3, 37, 1),
(7516, 3, 45, 1),
(7517, 3, 46, 1),
(7518, 3, 48, 1),
(7519, 3, 51, 1),
(7520, 3, 52, 1),
(7521, 3, 59, 1),
(7522, 3, 60, 1),
(7523, 3, 62, 1),
(7524, 3, 63, 1),
(7525, 3, 66, 1),
(7526, 3, 69, 1),
(7527, 3, 71, 1),
(7528, 3, 88, 1),
(7612, 5, 1, 1),
(7613, 5, 2, 1),
(7614, 5, 3, 1),
(7615, 5, 4, 1),
(7616, 5, 5, 1),
(7617, 5, 6, 1),
(7618, 5, 7, 1),
(7619, 5, 9, 1),
(7620, 5, 10, 1),
(7621, 5, 11, 1),
(7622, 5, 13, 1),
(7623, 5, 14, 1),
(7624, 5, 15, 1),
(7625, 5, 16, 1),
(7626, 5, 17, 1),
(7627, 5, 18, 1),
(7628, 5, 19, 1),
(7629, 5, 20, 1),
(7630, 5, 21, 1),
(7631, 5, 22, 1),
(7632, 5, 23, 1),
(7633, 5, 24, 1),
(7634, 5, 25, 1),
(7635, 5, 26, 1),
(7636, 5, 27, 1),
(7637, 5, 28, 1),
(7638, 5, 34, 1),
(7639, 5, 37, 1),
(7640, 5, 38, 1),
(7641, 5, 39, 1),
(7642, 5, 40, 1),
(7643, 5, 43, 1),
(7644, 5, 44, 1),
(7645, 5, 45, 1),
(7646, 5, 46, 1),
(7647, 5, 47, 1),
(7648, 5, 48, 1),
(7649, 5, 50, 1),
(7650, 5, 51, 1),
(7651, 5, 52, 1),
(7652, 5, 53, 1),
(7653, 5, 54, 1),
(7654, 5, 55, 1),
(7655, 5, 56, 1),
(7656, 5, 57, 1),
(7657, 5, 59, 1),
(7658, 5, 60, 1),
(7659, 5, 61, 1),
(7660, 5, 62, 1),
(7661, 5, 63, 1),
(7662, 5, 66, 1),
(7663, 5, 69, 1),
(7664, 5, 70, 1),
(7665, 5, 71, 1),
(7666, 5, 72, 1),
(7667, 5, 74, 1),
(7668, 5, 75, 1),
(7669, 5, 76, 1),
(7670, 5, 77, 1),
(7671, 5, 78, 1),
(7672, 5, 79, 1),
(7673, 5, 81, 1),
(7674, 5, 82, 1),
(7675, 5, 83, 1),
(7676, 5, 84, 1),
(7677, 5, 85, 1),
(7678, 5, 86, 1),
(7679, 5, 89, 1),
(7680, 5, 90, 1),
(7681, 5, 91, 1),
(7682, 5, 92, 1),
(7683, 5, 93, 1),
(7684, 5, 94, 1),
(7685, 5, 95, 1),
(7686, 5, 96, 1),
(7687, 5, 97, 1),
(7688, 5, 98, 1),
(7689, 5, 99, 1),
(7690, 5, 100, 1),
(7691, 5, 101, 1),
(7692, 5, 102, 1),
(7693, 5, 103, 1),
(7694, 5, 104, 1);

-- --------------------------------------------------------

--
-- Table structure for table `user_menu_operations`
--

CREATE TABLE `user_menu_operations` (
  `umo_id` int(11) NOT NULL,
  `role_id` int(11) NOT NULL,
  `menu_id` int(11) NOT NULL,
  `mo_id` int(11) NOT NULL,
  `is_active` tinyint(1) NOT NULL DEFAULT '1',
  `created_on` timestamp NOT NULL DEFAULT CURRENT_TIMESTAMP,
  `created_by` int(11) NOT NULL,
  `last_modified_on` timestamp NOT NULL DEFAULT CURRENT_TIMESTAMP ON UPDATE CURRENT_TIMESTAMP,
  `last_modified_by` int(11) NOT NULL
) ENGINE=InnoDB DEFAULT CHARSET=latin1;

--
-- Dumping data for table `user_menu_operations`
--

INSERT INTO `user_menu_operations` (`umo_id`, `role_id`, `menu_id`, `mo_id`, `is_active`, `created_on`, `created_by`, `last_modified_on`, `last_modified_by`) VALUES
(227, 11, 1, 1, 1, '2017-11-23 20:41:22', 8, '2017-12-12 06:43:17', 0),
(228, 11, 1, 2, 1, '2017-11-23 20:41:22', 8, '2017-12-12 06:43:17', 0),
(229, 11, 1, 3, 1, '2017-11-23 20:41:22', 8, '2017-12-12 06:43:17', 0),
(230, 11, 1, 4, 1, '2017-11-23 20:41:22', 8, '2017-12-12 06:43:17', 0),
(231, 11, 1, 5, 1, '2017-11-23 20:41:22', 8, '2017-12-12 06:43:17', 0),
(232, 11, 1, 6, 1, '2017-11-23 20:41:22', 8, '2017-12-12 06:43:17', 0),
(233, 11, 1, 7, 1, '2017-11-23 20:41:22', 8, '2017-12-12 06:43:17', 0),
(234, 11, 1, 8, 1, '2017-11-23 20:41:22', 8, '2017-12-12 06:43:17', 0),
(235, 11, 1, 9, 1, '2017-11-23 20:41:22', 8, '2017-12-12 06:43:17', 0),
(236, 11, 1, 10, 1, '2017-11-23 20:41:22', 8, '2017-12-12 06:43:17', 0),
(237, 11, 1, 11, 1, '2017-11-23 20:41:22', 8, '2017-12-12 06:43:17', 0),
(238, 11, 1, 12, 1, '2017-11-23 20:41:22', 8, '2017-12-12 06:43:17', 0),
(239, 11, 1, 13, 1, '2017-11-23 20:41:22', 8, '2017-12-12 06:43:17', 0),
(600, 13, 1, 1, 1, '2017-12-07 00:42:03', 31, '2017-12-12 06:43:17', 0),
(601, 13, 1, 2, 1, '2017-12-07 00:42:03', 31, '2017-12-12 06:43:17', 0),
(602, 13, 1, 3, 1, '2017-12-07 00:42:04', 31, '2017-12-12 06:43:17', 0),
(603, 13, 1, 4, 1, '2017-12-07 00:42:04', 31, '2017-12-12 06:43:17', 0),
(604, 13, 1, 5, 1, '2017-12-07 00:42:04', 31, '2017-12-12 06:43:17', 0),
(630, 3, 24, 39, 1, '2017-12-08 06:42:10', 20, '2017-12-12 06:43:17', 0),
(631, 3, 24, 40, 1, '2017-12-08 06:42:10', 20, '2017-12-12 06:43:17', 0),
(632, 3, 24, 41, 1, '2017-12-08 06:42:10', 20, '2017-12-12 06:43:17', 0),
(633, 3, 24, 42, 1, '2017-12-08 06:42:10', 20, '2017-12-12 06:43:17', 0),
(634, 3, 24, 44, 1, '2017-12-08 06:42:10', 20, '2017-12-12 06:43:17', 0),
(635, 3, 24, 45, 1, '2017-12-08 06:42:10', 20, '2017-12-12 06:43:17', 0),
(695, 10, 20, 16, 1, '2017-12-11 05:42:32', 8, '2017-12-12 06:43:17', 0),
(696, 10, 20, 38, 1, '2017-12-11 05:42:32', 8, '2017-12-12 06:43:17', 0),
(697, 10, 20, 47, 1, '2017-12-11 05:42:32', 8, '2017-12-12 06:43:17', 0),
(698, 10, 24, 39, 1, '2017-12-11 05:42:45', 8, '2017-12-12 06:43:17', 0),
(699, 10, 24, 40, 1, '2017-12-11 05:42:45', 8, '2017-12-12 06:43:17', 0),
(700, 10, 24, 41, 1, '2017-12-11 05:42:45', 8, '2017-12-12 06:43:17', 0),
(701, 10, 24, 42, 1, '2017-12-11 05:42:45', 8, '2017-12-12 06:43:17', 0),
(702, 10, 24, 44, 1, '2017-12-11 05:42:45', 8, '2017-12-12 06:43:17', 0),
(703, 10, 24, 45, 1, '2017-12-11 05:42:45', 8, '2017-12-12 06:43:17', 0),
(704, 10, 34, 18, 1, '2017-12-11 05:42:15', 8, '2017-12-12 06:43:17', 0),
(705, 10, 45, 48, 1, '2017-12-11 05:42:51', 8, '2017-12-12 06:43:17', 0),
(706, 10, 45, 49, 1, '2017-12-11 05:42:51', 8, '2017-12-12 06:43:17', 0),
(707, 10, 45, 50, 1, '2017-12-11 05:42:51', 8, '2017-12-12 06:43:17', 0),
(739, 3, 1, 1, 1, '2017-12-10 22:42:19', 20, '2017-12-12 06:43:17', 0),
(740, 3, 1, 2, 1, '2017-12-10 22:42:19', 20, '2017-12-12 06:43:17', 0),
(741, 3, 1, 3, 1, '2017-12-10 22:42:19', 20, '2017-12-12 06:43:17', 0),
(742, 3, 1, 4, 1, '2017-12-10 22:42:19', 20, '2017-12-12 06:43:17', 0),
(743, 3, 1, 5, 1, '2017-12-10 22:42:19', 20, '2017-12-12 06:43:17', 0),
(744, 3, 1, 6, 1, '2017-12-10 22:42:19', 20, '2017-12-12 06:43:17', 0),
(745, 3, 1, 7, 1, '2017-12-10 22:42:19', 20, '2017-12-12 06:43:17', 0),
(746, 3, 1, 8, 1, '2017-12-10 22:42:19', 20, '2017-12-12 06:43:17', 0),
(747, 3, 1, 9, 1, '2017-12-10 22:42:19', 20, '2017-12-12 06:43:17', 0),
(748, 3, 1, 10, 1, '2017-12-10 22:42:19', 20, '2017-12-12 06:43:17', 0),
(749, 3, 1, 11, 1, '2017-12-10 22:42:19', 20, '2017-12-12 06:43:17', 0),
(750, 3, 1, 12, 1, '2017-12-10 22:42:19', 20, '2017-12-12 06:43:17', 0),
(751, 3, 1, 13, 1, '2017-12-10 22:42:19', 20, '2017-12-12 06:43:17', 0),
(752, 3, 1, 24, 1, '2017-12-10 22:42:19', 20, '2017-12-12 06:43:17', 0),
(753, 3, 1, 25, 1, '2017-12-10 22:42:19', 20, '2017-12-12 06:43:17', 0),
(754, 3, 1, 26, 1, '2017-12-10 22:42:19', 20, '2017-12-12 06:43:17', 0),
(755, 3, 1, 27, 1, '2017-12-10 22:42:19', 20, '2017-12-12 06:43:17', 0),
(756, 3, 1, 28, 1, '2017-12-10 22:42:19', 20, '2017-12-12 06:43:17', 0),
(757, 3, 1, 29, 1, '2017-12-10 22:42:19', 20, '2017-12-12 06:43:17', 0),
(758, 3, 1, 30, 1, '2017-12-10 22:42:19', 20, '2017-12-12 06:43:17', 0),
(759, 3, 1, 31, 1, '2017-12-10 22:42:19', 20, '2017-12-12 06:43:17', 0),
(760, 3, 1, 32, 1, '2017-12-10 22:42:20', 20, '2017-12-12 06:43:17', 0),
(761, 3, 1, 33, 1, '2017-12-10 22:42:20', 20, '2017-12-12 06:43:17', 0),
(762, 3, 1, 34, 1, '2017-12-10 22:42:20', 20, '2017-12-12 06:43:17', 0),
(763, 3, 1, 43, 1, '2017-12-10 22:42:20', 20, '2017-12-12 06:43:17', 0),
(764, 3, 1, 46, 1, '2017-12-10 22:42:20', 20, '2017-12-12 06:43:17', 0),
(765, 3, 1, 55, 1, '2017-12-10 22:42:20', 20, '2017-12-12 06:43:17', 0),
(774, 13, 4, 15, 1, '2017-12-12 05:42:52', 1, '2017-12-12 06:43:17', 0),
(775, 13, 4, 19, 1, '2017-12-12 05:42:52', 1, '2017-12-12 06:43:17', 0),
(827, 10, 4, 14, 1, '2017-12-13 06:42:14', 32, '2017-12-13 07:12:14', 0),
(828, 10, 4, 15, 1, '2017-12-13 06:42:14', 32, '2017-12-13 07:12:14', 0),
(829, 10, 4, 17, 1, '2017-12-13 06:42:14', 32, '2017-12-13 07:12:14', 0),
(830, 10, 4, 19, 1, '2017-12-13 06:42:14', 32, '2017-12-13 07:12:14', 0),
(831, 10, 4, 72, 1, '2017-12-13 06:42:14', 32, '2017-12-13 07:12:14', 0),
(848, 3, 29, 20, 1, '2017-12-12 20:42:35', 20, '2017-12-13 09:17:35', 0),
(849, 3, 29, 57, 1, '2017-12-12 20:42:35', 20, '2017-12-13 09:17:35', 0),
(850, 3, 29, 58, 1, '2017-12-12 20:42:35', 20, '2017-12-13 09:17:35', 0),
(851, 3, 29, 59, 1, '2017-12-12 20:42:35', 20, '2017-12-13 09:17:35', 0),
(852, 3, 29, 60, 1, '2017-12-12 20:42:35', 20, '2017-12-13 09:17:35', 0),
(853, 3, 29, 61, 1, '2017-12-12 20:42:35', 20, '2017-12-13 09:17:35', 0),
(854, 3, 29, 62, 1, '2017-12-12 20:42:35', 20, '2017-12-13 09:17:35', 0),
(855, 3, 29, 63, 1, '2017-12-12 20:42:35', 20, '2017-12-13 09:17:35', 0),
(856, 3, 29, 64, 1, '2017-12-12 20:42:35', 20, '2017-12-13 09:17:35', 0),
(865, 10, 50, 51, 1, '2017-12-12 20:42:40', 32, '2017-12-13 09:26:40', 0),
(866, 10, 50, 52, 1, '2017-12-12 20:42:40', 32, '2017-12-13 09:26:40', 0),
(867, 10, 50, 53, 1, '2017-12-12 20:42:40', 32, '2017-12-13 09:26:40', 0),
(868, 10, 50, 54, 1, '2017-12-12 20:42:40', 32, '2017-12-13 09:26:40', 0),
(869, 10, 50, 76, 1, '2017-12-12 20:42:40', 32, '2017-12-13 09:26:40', 0),
(870, 10, 17, 74, 1, '2017-12-12 22:42:01', 32, '2017-12-13 10:38:01', 0),
(871, 10, 17, 75, 1, '2017-12-12 22:42:01', 32, '2017-12-13 10:38:01', 0),
(874, 15, 1, 1, 1, '2017-12-12 22:42:35', 31, '2017-12-13 11:18:35', 0),
(875, 15, 1, 2, 1, '2017-12-12 22:42:35', 31, '2017-12-13 11:18:35', 0),
(876, 15, 1, 3, 1, '2017-12-12 22:42:35', 31, '2017-12-13 11:18:35', 0),
(877, 15, 1, 4, 1, '2017-12-12 22:42:35', 31, '2017-12-13 11:18:35', 0),
(878, 15, 1, 5, 1, '2017-12-12 22:42:35', 31, '2017-12-13 11:18:35', 0),
(879, 15, 1, 6, 1, '2017-12-12 22:42:35', 31, '2017-12-13 11:18:35', 0),
(880, 15, 1, 7, 1, '2017-12-12 22:42:35', 31, '2017-12-13 11:18:35', 0),
(881, 15, 1, 8, 1, '2017-12-12 22:42:35', 31, '2017-12-13 11:18:35', 0),
(882, 15, 1, 9, 1, '2017-12-12 22:42:35', 31, '2017-12-13 11:18:35', 0),
(883, 15, 1, 10, 1, '2017-12-12 22:42:35', 31, '2017-12-13 11:18:35', 0),
(884, 15, 1, 11, 1, '2017-12-12 22:42:35', 31, '2017-12-13 11:18:35', 0),
(885, 15, 1, 12, 1, '2017-12-12 22:42:35', 31, '2017-12-13 11:18:35', 0),
(886, 15, 1, 13, 1, '2017-12-12 22:42:35', 31, '2017-12-13 11:18:35', 0),
(887, 15, 1, 24, 1, '2017-12-12 22:42:35', 31, '2017-12-13 11:18:35', 0),
(888, 15, 1, 25, 1, '2017-12-12 22:42:35', 31, '2017-12-13 11:18:35', 0),
(889, 15, 1, 26, 1, '2017-12-12 22:42:36', 31, '2017-12-13 11:18:36', 0),
(890, 15, 1, 27, 1, '2017-12-12 22:42:36', 31, '2017-12-13 11:18:36', 0),
(891, 15, 1, 28, 1, '2017-12-12 22:42:36', 31, '2017-12-13 11:18:36', 0),
(892, 15, 1, 29, 1, '2017-12-12 22:42:36', 31, '2017-12-13 11:18:36', 0),
(893, 15, 1, 30, 1, '2017-12-12 22:42:36', 31, '2017-12-13 11:18:36', 0),
(894, 15, 1, 31, 1, '2017-12-12 22:42:36', 31, '2017-12-13 11:18:36', 0),
(895, 15, 1, 32, 1, '2017-12-12 22:42:36', 31, '2017-12-13 11:18:36', 0),
(896, 15, 1, 33, 1, '2017-12-12 22:42:36', 31, '2017-12-13 11:18:36', 0),
(897, 15, 1, 34, 1, '2017-12-12 22:42:36', 31, '2017-12-13 11:18:36', 0),
(898, 15, 1, 43, 1, '2017-12-12 22:42:36', 31, '2017-12-13 11:18:36', 0),
(899, 15, 1, 46, 1, '2017-12-12 22:42:36', 31, '2017-12-13 11:18:36', 0),
(900, 15, 1, 55, 1, '2017-12-12 22:42:36', 31, '2017-12-13 11:18:36', 0),
(901, 15, 4, 15, 1, '2017-12-12 22:42:00', 31, '2017-12-13 11:19:00', 0),
(902, 15, 4, 17, 1, '2017-12-12 22:42:00', 31, '2017-12-13 11:19:00', 0),
(903, 15, 4, 19, 1, '2017-12-12 22:42:00', 31, '2017-12-13 11:19:00', 0),
(904, 15, 4, 78, 1, '2017-12-12 22:42:00', 31, '2017-12-13 11:19:00', 0),
(905, 15, 4, 80, 1, '2017-12-12 22:42:01', 31, '2017-12-13 11:19:01', 0),
(906, 15, 10, 21, 1, '2017-12-12 22:42:16', 31, '2017-12-13 11:19:16', 0),
(907, 15, 10, 22, 1, '2017-12-12 22:42:16', 31, '2017-12-13 11:19:16', 0),
(908, 15, 10, 23, 1, '2017-12-12 22:42:16', 31, '2017-12-13 11:19:16', 0),
(909, 15, 10, 77, 1, '2017-12-12 22:42:16', 31, '2017-12-13 11:19:16', 0),
(910, 15, 24, 39, 1, '2017-12-12 22:42:40', 31, '2017-12-13 11:19:40', 0),
(911, 15, 24, 40, 1, '2017-12-12 22:42:40', 31, '2017-12-13 11:19:40', 0),
(912, 15, 24, 41, 1, '2017-12-12 22:42:40', 31, '2017-12-13 11:19:40', 0),
(913, 15, 24, 42, 1, '2017-12-12 22:42:40', 31, '2017-12-13 11:19:40', 0),
(914, 15, 24, 44, 1, '2017-12-12 22:42:40', 31, '2017-12-13 11:19:40', 0),
(915, 15, 24, 45, 1, '2017-12-12 22:42:40', 31, '2017-12-13 11:19:40', 0),
(925, 3, 17, 74, 1, '2017-12-12 22:42:30', 20, '2017-12-13 11:22:30', 0),
(926, 3, 17, 75, 1, '2017-12-12 22:42:30', 20, '2017-12-13 11:22:30', 0),
(927, 3, 17, 79, 1, '2017-12-12 22:42:30', 20, '2017-12-13 11:22:30', 0),
(931, 3, 34, 18, 1, '2017-12-12 22:42:23', 20, '2017-12-13 11:23:23', 0),
(932, 3, 34, 65, 1, '2017-12-12 22:42:23', 20, '2017-12-13 11:23:23', 0),
(936, 10, 10, 21, 1, '2017-12-12 22:42:17', 32, '2017-12-13 11:24:17', 0),
(937, 10, 10, 22, 1, '2017-12-12 22:42:17', 32, '2017-12-13 11:24:17', 0),
(938, 10, 10, 23, 1, '2017-12-12 22:42:17', 32, '2017-12-13 11:24:17', 0),
(939, 10, 10, 77, 1, '2017-12-12 22:42:17', 32, '2017-12-13 11:24:17', 0),
(940, 3, 50, 51, 1, '2017-12-12 22:42:59', 20, '2017-12-13 11:24:59', 0),
(941, 3, 50, 52, 1, '2017-12-12 22:42:59', 20, '2017-12-13 11:24:59', 0),
(942, 3, 50, 53, 1, '2017-12-12 22:42:59', 20, '2017-12-13 11:24:59', 0),
(943, 3, 50, 54, 1, '2017-12-12 22:42:59', 20, '2017-12-13 11:24:59', 0),
(944, 3, 50, 76, 1, '2017-12-12 22:42:59', 20, '2017-12-13 11:24:59', 0),
(949, 3, 10, 21, 1, '2017-12-14 05:42:23', 47, '2017-12-14 05:42:23', 0),
(950, 3, 10, 22, 1, '2017-12-14 05:42:23', 47, '2017-12-14 05:42:23', 0),
(951, 3, 10, 23, 1, '2017-12-14 05:42:23', 47, '2017-12-14 05:42:23', 0),
(952, 3, 10, 77, 1, '2017-12-14 05:42:23', 47, '2017-12-14 05:42:23', 0),
(953, 3, 10, 83, 1, '2017-12-14 05:42:23', 47, '2017-12-14 05:42:23', 0),
(954, 3, 18, 37, 1, '2017-12-14 05:42:34', 47, '2017-12-14 05:43:34', 0),
(955, 3, 18, 71, 1, '2017-12-14 05:42:34', 47, '2017-12-14 05:43:34', 0),
(956, 3, 18, 73, 1, '2017-12-14 05:42:34', 47, '2017-12-14 05:43:34', 0),
(957, 3, 18, 84, 1, '2017-12-14 05:42:34', 47, '2017-12-14 05:43:34', 0),
(958, 10, 29, 20, 1, '2017-12-14 05:42:10', 32, '2017-12-14 06:02:10', 0),
(959, 10, 29, 57, 1, '2017-12-14 05:42:10', 32, '2017-12-14 06:02:10', 0),
(960, 10, 29, 58, 1, '2017-12-14 05:42:10', 32, '2017-12-14 06:02:10', 0),
(961, 10, 29, 59, 1, '2017-12-14 05:42:10', 32, '2017-12-14 06:02:10', 0),
(962, 10, 29, 60, 1, '2017-12-14 05:42:11', 32, '2017-12-14 06:02:11', 0),
(963, 10, 29, 61, 1, '2017-12-14 05:42:11', 32, '2017-12-14 06:02:11', 0),
(964, 10, 29, 62, 1, '2017-12-14 05:42:11', 32, '2017-12-14 06:02:11', 0),
(965, 10, 29, 63, 1, '2017-12-14 05:42:11', 32, '2017-12-14 06:02:11', 0),
(966, 10, 29, 64, 1, '2017-12-14 05:42:11', 32, '2017-12-14 06:02:11', 0),
(967, 10, 1, 1, 1, '2017-12-14 06:42:36', 32, '2017-12-14 07:09:36', 0),
(968, 10, 1, 2, 1, '2017-12-14 06:42:36', 32, '2017-12-14 07:09:36', 0),
(969, 10, 1, 3, 1, '2017-12-14 06:42:36', 32, '2017-12-14 07:09:36', 0),
(970, 10, 1, 4, 1, '2017-12-14 06:42:36', 32, '2017-12-14 07:09:36', 0),
(971, 10, 1, 5, 1, '2017-12-14 06:42:36', 32, '2017-12-14 07:09:36', 0),
(972, 10, 1, 6, 1, '2017-12-14 06:42:36', 32, '2017-12-14 07:09:36', 0),
(973, 10, 1, 7, 1, '2017-12-14 06:42:36', 32, '2017-12-14 07:09:36', 0),
(974, 10, 1, 8, 1, '2017-12-14 06:42:36', 32, '2017-12-14 07:09:36', 0),
(975, 10, 1, 9, 1, '2017-12-14 06:42:36', 32, '2017-12-14 07:09:36', 0),
(976, 10, 1, 10, 1, '2017-12-14 06:42:36', 32, '2017-12-14 07:09:36', 0),
(977, 10, 1, 11, 1, '2017-12-14 06:42:36', 32, '2017-12-14 07:09:36', 0),
(978, 10, 1, 12, 1, '2017-12-14 06:42:36', 32, '2017-12-14 07:09:36', 0),
(979, 10, 1, 13, 1, '2017-12-14 06:42:36', 32, '2017-12-14 07:09:36', 0),
(980, 10, 1, 24, 1, '2017-12-14 06:42:36', 32, '2017-12-14 07:09:36', 0),
(981, 10, 1, 25, 1, '2017-12-14 06:42:36', 32, '2017-12-14 07:09:36', 0),
(982, 10, 1, 26, 1, '2017-12-14 06:42:36', 32, '2017-12-14 07:09:36', 0),
(983, 10, 1, 27, 1, '2017-12-14 06:42:36', 32, '2017-12-14 07:09:36', 0),
(984, 10, 1, 28, 1, '2017-12-14 06:42:36', 32, '2017-12-14 07:09:36', 0),
(985, 10, 1, 29, 1, '2017-12-14 06:42:36', 32, '2017-12-14 07:09:36', 0),
(986, 10, 1, 30, 1, '2017-12-14 06:42:37', 32, '2017-12-14 07:09:37', 0),
(987, 10, 1, 31, 1, '2017-12-14 06:42:37', 32, '2017-12-14 07:09:37', 0),
(988, 10, 1, 32, 1, '2017-12-14 06:42:37', 32, '2017-12-14 07:09:37', 0),
(989, 10, 1, 33, 1, '2017-12-14 06:42:37', 32, '2017-12-14 07:09:37', 0),
(990, 10, 1, 34, 1, '2017-12-14 06:42:37', 32, '2017-12-14 07:09:37', 0),
(991, 10, 1, 43, 1, '2017-12-14 06:42:37', 32, '2017-12-14 07:09:37', 0),
(992, 10, 1, 46, 1, '2017-12-14 06:42:37', 32, '2017-12-14 07:09:37', 0),
(993, 10, 1, 55, 1, '2017-12-14 06:42:37', 32, '2017-12-14 07:09:37', 0),
(994, 1, 1, 1, 1, '2017-12-14 06:42:57', 31, '2017-12-14 07:10:57', 0),
(995, 1, 1, 2, 1, '2017-12-14 06:42:57', 31, '2017-12-14 07:10:57', 0),
(996, 1, 1, 3, 1, '2017-12-14 06:42:57', 31, '2017-12-14 07:10:57', 0),
(997, 1, 1, 4, 1, '2017-12-14 06:42:57', 31, '2017-12-14 07:10:57', 0),
(998, 1, 1, 5, 1, '2017-12-14 06:42:57', 31, '2017-12-14 07:10:57', 0),
(999, 1, 1, 6, 1, '2017-12-14 06:42:57', 31, '2017-12-14 07:10:57', 0),
(1000, 1, 1, 7, 1, '2017-12-14 06:42:57', 31, '2017-12-14 07:10:57', 0),
(1001, 1, 1, 8, 1, '2017-12-14 06:42:57', 31, '2017-12-14 07:10:57', 0),
(1002, 1, 1, 9, 1, '2017-12-14 06:42:57', 31, '2017-12-14 07:10:57', 0),
(1003, 1, 1, 10, 1, '2017-12-14 06:42:57', 31, '2017-12-14 07:10:57', 0),
(1004, 1, 1, 11, 1, '2017-12-14 06:42:57', 31, '2017-12-14 07:10:57', 0),
(1005, 1, 1, 12, 1, '2017-12-14 06:42:57', 31, '2017-12-14 07:10:57', 0),
(1006, 1, 1, 13, 1, '2017-12-14 06:42:57', 31, '2017-12-14 07:10:57', 0),
(1007, 1, 1, 24, 1, '2017-12-14 06:42:57', 31, '2017-12-14 07:10:57', 0),
(1008, 1, 1, 25, 1, '2017-12-14 06:42:57', 31, '2017-12-14 07:10:57', 0),
(1009, 1, 1, 26, 1, '2017-12-14 06:42:57', 31, '2017-12-14 07:10:57', 0),
(1010, 1, 1, 27, 1, '2017-12-14 06:42:57', 31, '2017-12-14 07:10:57', 0),
(1011, 1, 1, 28, 1, '2017-12-14 06:42:57', 31, '2017-12-14 07:10:57', 0),
(1012, 1, 1, 29, 1, '2017-12-14 06:42:57', 31, '2017-12-14 07:10:57', 0),
(1013, 1, 1, 30, 1, '2017-12-14 06:42:57', 31, '2017-12-14 07:10:57', 0),
(1014, 1, 1, 31, 1, '2017-12-14 06:42:57', 31, '2017-12-14 07:10:57', 0),
(1015, 1, 1, 32, 1, '2017-12-14 06:42:57', 31, '2017-12-14 07:10:57', 0),
(1016, 1, 1, 33, 1, '2017-12-14 06:42:57', 31, '2017-12-14 07:10:57', 0),
(1017, 1, 1, 34, 1, '2017-12-14 06:42:57', 31, '2017-12-14 07:10:57', 0),
(1018, 1, 1, 43, 1, '2017-12-14 06:42:57', 31, '2017-12-14 07:10:57', 0),
(1019, 1, 1, 46, 1, '2017-12-14 06:42:57', 31, '2017-12-14 07:10:57', 0),
(1020, 1, 1, 55, 1, '2017-12-14 06:42:58', 31, '2017-12-14 07:10:58', 0),
(1021, 1, 4, 15, 1, '2017-12-14 06:42:08', 31, '2017-12-14 07:11:08', 0),
(1022, 1, 4, 17, 1, '2017-12-14 06:42:08', 31, '2017-12-14 07:11:08', 0),
(1023, 1, 4, 19, 1, '2017-12-14 06:42:08', 31, '2017-12-14 07:11:08', 0),
(1024, 1, 4, 78, 1, '2017-12-14 06:42:08', 31, '2017-12-14 07:11:08', 0),
(1025, 1, 4, 80, 1, '2017-12-14 06:42:08', 31, '2017-12-14 07:11:08', 0),
(1026, 1, 17, 74, 1, '2017-12-14 06:42:29', 31, '2017-12-14 07:11:29', 0),
(1027, 1, 17, 75, 1, '2017-12-14 06:42:29', 31, '2017-12-14 07:11:29', 0),
(1028, 1, 17, 79, 1, '2017-12-14 06:42:29', 31, '2017-12-14 07:11:29', 0),
(1029, 1, 18, 37, 1, '2017-12-14 06:42:51', 31, '2017-12-14 07:11:51', 0),
(1030, 1, 18, 71, 1, '2017-12-14 06:42:51', 31, '2017-12-14 07:11:51', 0),
(1031, 1, 18, 73, 1, '2017-12-14 06:42:51', 31, '2017-12-14 07:11:51', 0),
(1032, 1, 18, 84, 1, '2017-12-14 06:42:51', 31, '2017-12-14 07:11:51', 0),
(1033, 1, 20, 16, 1, '2017-12-14 06:42:06', 31, '2017-12-14 07:12:06', 0),
(1034, 1, 20, 38, 1, '2017-12-14 06:42:06', 31, '2017-12-14 07:12:06', 0),
(1035, 1, 20, 47, 1, '2017-12-14 06:42:06', 31, '2017-12-14 07:12:06', 0),
(1036, 1, 24, 39, 1, '2017-12-14 06:42:14', 31, '2017-12-14 07:12:14', 0),
(1037, 1, 24, 40, 1, '2017-12-14 06:42:14', 31, '2017-12-14 07:12:14', 0),
(1038, 1, 24, 41, 1, '2017-12-14 06:42:14', 31, '2017-12-14 07:12:14', 0),
(1039, 1, 24, 42, 1, '2017-12-14 06:42:14', 31, '2017-12-14 07:12:14', 0),
(1040, 1, 24, 44, 1, '2017-12-14 06:42:14', 31, '2017-12-14 07:12:14', 0),
(1041, 1, 24, 45, 1, '2017-12-14 06:42:14', 31, '2017-12-14 07:12:14', 0),
(1042, 1, 29, 20, 1, '2017-12-14 06:42:28', 31, '2017-12-14 07:12:28', 0),
(1043, 1, 29, 57, 1, '2017-12-14 06:42:28', 31, '2017-12-14 07:12:28', 0),
(1044, 1, 29, 58, 1, '2017-12-14 06:42:28', 31, '2017-12-14 07:12:28', 0),
(1045, 1, 29, 59, 1, '2017-12-14 06:42:28', 31, '2017-12-14 07:12:28', 0),
(1046, 1, 29, 60, 1, '2017-12-14 06:42:28', 31, '2017-12-14 07:12:28', 0),
(1047, 1, 29, 61, 1, '2017-12-14 06:42:28', 31, '2017-12-14 07:12:28', 0),
(1048, 1, 29, 62, 1, '2017-12-14 06:42:28', 31, '2017-12-14 07:12:28', 0),
(1049, 1, 29, 63, 1, '2017-12-14 06:42:28', 31, '2017-12-14 07:12:28', 0),
(1050, 1, 29, 64, 1, '2017-12-14 06:42:28', 31, '2017-12-14 07:12:28', 0),
(1051, 1, 45, 49, 1, '2017-12-14 06:42:37', 31, '2017-12-14 07:12:37', 0),
(1052, 1, 45, 50, 1, '2017-12-14 06:42:37', 31, '2017-12-14 07:12:37', 0),
(1053, 1, 50, 51, 1, '2017-12-14 06:42:45', 31, '2017-12-14 07:12:45', 0),
(1054, 1, 50, 52, 1, '2017-12-14 06:42:45', 31, '2017-12-14 07:12:45', 0),
(1055, 1, 50, 53, 1, '2017-12-14 06:42:45', 31, '2017-12-14 07:12:45', 0),
(1056, 1, 50, 54, 1, '2017-12-14 06:42:45', 31, '2017-12-14 07:12:45', 0),
(1057, 1, 50, 76, 1, '2017-12-14 06:42:45', 31, '2017-12-14 07:12:45', 0),
(1068, 11, 20, 87, 1, '2017-12-13 22:42:59', 47, '2017-12-14 11:06:59', 0),
(1076, 1, 10, 21, 1, '2017-12-13 23:42:58', 31, '2017-12-14 11:51:58', 0),
(1077, 1, 10, 22, 1, '2017-12-13 23:42:58', 31, '2017-12-14 11:51:58', 0),
(1078, 1, 10, 23, 1, '2017-12-13 23:42:58', 31, '2017-12-14 11:51:58', 0),
(1079, 1, 10, 77, 1, '2017-12-13 23:42:58', 31, '2017-12-14 11:51:58', 0),
(1080, 1, 10, 83, 1, '2017-12-13 23:42:58', 31, '2017-12-14 11:51:58', 0),
(1081, 1, 56, 81, 1, '2017-12-13 23:42:14', 31, '2017-12-14 11:52:14', 0),
(1082, 1, 56, 82, 1, '2017-12-13 23:42:14', 31, '2017-12-14 11:52:14', 0),
(1083, 1, 56, 85, 1, '2017-12-13 23:42:14', 31, '2017-12-14 11:52:14', 0),
(1084, 1, 56, 86, 1, '2017-12-13 23:42:14', 31, '2017-12-14 11:52:14', 0),
(1085, 4, 1, 1, 1, '2017-12-13 23:42:31', 31, '2017-12-14 11:52:31', 0),
(1086, 4, 1, 2, 1, '2017-12-13 23:42:31', 31, '2017-12-14 11:52:31', 0),
(1087, 4, 1, 3, 1, '2017-12-13 23:42:31', 31, '2017-12-14 11:52:31', 0),
(1088, 4, 1, 4, 1, '2017-12-13 23:42:31', 31, '2017-12-14 11:52:31', 0),
(1089, 4, 1, 5, 1, '2017-12-13 23:42:31', 31, '2017-12-14 11:52:31', 0),
(1090, 4, 1, 6, 1, '2017-12-13 23:42:31', 31, '2017-12-14 11:52:31', 0),
(1091, 4, 1, 7, 1, '2017-12-13 23:42:31', 31, '2017-12-14 11:52:31', 0),
(1092, 4, 1, 8, 1, '2017-12-13 23:42:31', 31, '2017-12-14 11:52:31', 0),
(1093, 4, 1, 9, 1, '2017-12-13 23:42:31', 31, '2017-12-14 11:52:31', 0),
(1094, 4, 1, 10, 1, '2017-12-13 23:42:31', 31, '2017-12-14 11:52:31', 0),
(1095, 4, 1, 11, 1, '2017-12-13 23:42:31', 31, '2017-12-14 11:52:31', 0),
(1096, 4, 1, 12, 1, '2017-12-13 23:42:31', 31, '2017-12-14 11:52:31', 0),
(1097, 4, 1, 13, 1, '2017-12-13 23:42:31', 31, '2017-12-14 11:52:31', 0),
(1098, 4, 1, 24, 1, '2017-12-13 23:42:31', 31, '2017-12-14 11:52:31', 0),
(1099, 4, 1, 25, 1, '2017-12-13 23:42:31', 31, '2017-12-14 11:52:31', 0),
(1100, 4, 1, 26, 1, '2017-12-13 23:42:31', 31, '2017-12-14 11:52:31', 0),
(1101, 4, 1, 27, 1, '2017-12-13 23:42:31', 31, '2017-12-14 11:52:31', 0),
(1102, 4, 1, 28, 1, '2017-12-13 23:42:31', 31, '2017-12-14 11:52:31', 0),
(1103, 4, 1, 29, 1, '2017-12-13 23:42:31', 31, '2017-12-14 11:52:31', 0),
(1104, 4, 1, 30, 1, '2017-12-13 23:42:31', 31, '2017-12-14 11:52:31', 0),
(1105, 4, 1, 31, 1, '2017-12-13 23:42:31', 31, '2017-12-14 11:52:31', 0),
(1106, 4, 1, 32, 1, '2017-12-13 23:42:31', 31, '2017-12-14 11:52:31', 0),
(1107, 4, 1, 33, 1, '2017-12-13 23:42:31', 31, '2017-12-14 11:52:31', 0),
(1108, 4, 1, 34, 1, '2017-12-13 23:42:31', 31, '2017-12-14 11:52:31', 0),
(1109, 4, 1, 43, 1, '2017-12-13 23:42:31', 31, '2017-12-14 11:52:31', 0),
(1110, 4, 1, 46, 1, '2017-12-13 23:42:32', 31, '2017-12-14 11:52:32', 0),
(1111, 4, 1, 55, 1, '2017-12-13 23:42:32', 31, '2017-12-14 11:52:32', 0),
(1112, 4, 4, 15, 1, '2017-12-13 23:42:42', 31, '2017-12-14 11:52:42', 0),
(1113, 4, 4, 17, 1, '2017-12-13 23:42:42', 31, '2017-12-14 11:52:42', 0),
(1114, 4, 4, 19, 1, '2017-12-13 23:42:42', 31, '2017-12-14 11:52:42', 0),
(1115, 4, 4, 78, 1, '2017-12-13 23:42:43', 31, '2017-12-14 11:52:43', 0),
(1116, 4, 4, 80, 1, '2017-12-13 23:42:43', 31, '2017-12-14 11:52:43', 0),
(1117, 4, 10, 21, 1, '2017-12-13 23:42:54', 31, '2017-12-14 11:52:54', 0),
(1118, 4, 10, 22, 1, '2017-12-13 23:42:54', 31, '2017-12-14 11:52:54', 0),
(1119, 4, 10, 23, 1, '2017-12-13 23:42:54', 31, '2017-12-14 11:52:54', 0),
(1120, 4, 10, 77, 1, '2017-12-13 23:42:54', 31, '2017-12-14 11:52:54', 0),
(1121, 4, 10, 83, 1, '2017-12-13 23:42:55', 31, '2017-12-14 11:52:55', 0),
(1122, 4, 17, 74, 1, '2017-12-13 23:42:07', 31, '2017-12-14 11:53:07', 0),
(1123, 4, 17, 75, 1, '2017-12-13 23:42:07', 31, '2017-12-14 11:53:07', 0),
(1124, 4, 17, 79, 1, '2017-12-13 23:42:07', 31, '2017-12-14 11:53:07', 0),
(1125, 4, 18, 37, 1, '2017-12-13 23:42:16', 31, '2017-12-14 11:53:16', 0),
(1126, 4, 18, 71, 1, '2017-12-13 23:42:16', 31, '2017-12-14 11:53:16', 0),
(1127, 4, 18, 73, 1, '2017-12-13 23:42:16', 31, '2017-12-14 11:53:16', 0),
(1128, 4, 18, 84, 1, '2017-12-13 23:42:16', 31, '2017-12-14 11:53:16', 0),
(1129, 4, 20, 16, 1, '2017-12-13 23:42:27', 31, '2017-12-14 11:53:27', 0),
(1130, 4, 20, 38, 1, '2017-12-13 23:42:27', 31, '2017-12-14 11:53:27', 0),
(1131, 4, 20, 47, 1, '2017-12-13 23:42:27', 31, '2017-12-14 11:53:27', 0),
(1132, 4, 20, 87, 1, '2017-12-13 23:42:27', 31, '2017-12-14 11:53:27', 0),
(1133, 4, 24, 39, 1, '2017-12-13 23:42:38', 31, '2017-12-14 11:53:38', 0),
(1134, 4, 24, 40, 1, '2017-12-13 23:42:38', 31, '2017-12-14 11:53:38', 0),
(1135, 4, 24, 41, 1, '2017-12-13 23:42:38', 31, '2017-12-14 11:53:38', 0),
(1136, 4, 24, 42, 1, '2017-12-13 23:42:38', 31, '2017-12-14 11:53:38', 0),
(1137, 4, 24, 44, 1, '2017-12-13 23:42:38', 31, '2017-12-14 11:53:38', 0),
(1138, 4, 24, 45, 1, '2017-12-13 23:42:38', 31, '2017-12-14 11:53:38', 0),
(1139, 4, 29, 20, 1, '2017-12-13 23:42:11', 31, '2017-12-14 11:54:11', 0),
(1140, 4, 29, 57, 1, '2017-12-13 23:42:11', 31, '2017-12-14 11:54:11', 0),
(1141, 4, 29, 58, 1, '2017-12-13 23:42:11', 31, '2017-12-14 11:54:11', 0),
(1142, 4, 29, 59, 1, '2017-12-13 23:42:11', 31, '2017-12-14 11:54:11', 0),
(1143, 4, 29, 60, 1, '2017-12-13 23:42:11', 31, '2017-12-14 11:54:11', 0),
(1144, 4, 29, 61, 1, '2017-12-13 23:42:11', 31, '2017-12-14 11:54:11', 0),
(1145, 4, 29, 62, 1, '2017-12-13 23:42:11', 31, '2017-12-14 11:54:11', 0),
(1146, 4, 29, 63, 1, '2017-12-13 23:42:11', 31, '2017-12-14 11:54:11', 0),
(1147, 4, 29, 64, 1, '2017-12-13 23:42:11', 31, '2017-12-14 11:54:11', 0),
(1148, 4, 34, 18, 1, '2017-12-13 23:42:28', 31, '2017-12-14 11:54:28', 0),
(1149, 4, 34, 65, 1, '2017-12-13 23:42:28', 31, '2017-12-14 11:54:28', 0),
(1150, 4, 45, 49, 1, '2017-12-13 23:42:37', 31, '2017-12-14 11:54:37', 0),
(1151, 4, 45, 50, 1, '2017-12-13 23:42:37', 31, '2017-12-14 11:54:37', 0),
(1152, 4, 45, 88, 1, '2017-12-13 23:42:37', 31, '2017-12-14 11:54:37', 0),
(1153, 4, 50, 51, 1, '2017-12-13 23:42:49', 31, '2017-12-14 11:54:49', 0),
(1154, 4, 50, 52, 1, '2017-12-13 23:42:49', 31, '2017-12-14 11:54:49', 0),
(1155, 4, 50, 53, 1, '2017-12-13 23:42:49', 31, '2017-12-14 11:54:49', 0),
(1156, 4, 50, 54, 1, '2017-12-13 23:42:49', 31, '2017-12-14 11:54:49', 0),
(1157, 4, 50, 76, 1, '2017-12-13 23:42:49', 31, '2017-12-14 11:54:49', 0),
(1158, 4, 51, 66, 1, '2017-12-13 23:42:01', 31, '2017-12-14 11:55:01', 0),
(1159, 4, 51, 67, 1, '2017-12-13 23:42:01', 31, '2017-12-14 11:55:01', 0),
(1160, 4, 51, 68, 1, '2017-12-13 23:42:01', 31, '2017-12-14 11:55:01', 0),
(1161, 4, 51, 69, 1, '2017-12-13 23:42:01', 31, '2017-12-14 11:55:01', 0),
(1162, 4, 51, 70, 1, '2017-12-13 23:42:01', 31, '2017-12-14 11:55:01', 0),
(1163, 4, 56, 81, 1, '2017-12-13 23:42:14', 31, '2017-12-14 11:55:14', 0),
(1164, 4, 56, 82, 1, '2017-12-13 23:42:14', 31, '2017-12-14 11:55:14', 0),
(1165, 4, 56, 85, 1, '2017-12-13 23:42:14', 31, '2017-12-14 11:55:14', 0),
(1166, 4, 56, 86, 1, '2017-12-13 23:42:14', 31, '2017-12-14 11:55:14', 0),
(1167, 14, 4, 15, 1, '2017-12-15 04:12:38', 1, '2017-12-15 10:54:38', 0),
(1168, 14, 4, 17, 1, '2017-12-15 04:12:38', 1, '2017-12-15 10:54:38', 0),
(1169, 14, 4, 19, 1, '2017-12-15 04:12:38', 1, '2017-12-15 10:54:38', 0),
(1170, 14, 4, 78, 1, '2017-12-15 04:12:38', 1, '2017-12-15 10:54:38', 0),
(1171, 14, 4, 80, 1, '2017-12-15 04:12:38', 1, '2017-12-15 10:54:38', 0),
(1172, 14, 17, 74, 1, '2017-12-15 04:12:35', 1, '2017-12-15 10:56:35', 0),
(1173, 14, 17, 75, 1, '2017-12-15 04:12:35', 1, '2017-12-15 10:56:35', 0),
(1174, 14, 17, 79, 1, '2017-12-15 04:12:35', 1, '2017-12-15 10:56:35', 0),
(1176, 3, 4, 15, 1, '2017-12-15 04:12:59', 1, '2017-12-15 10:57:59', 0),
(1177, 3, 4, 17, 1, '2017-12-15 04:12:59', 1, '2017-12-15 10:57:59', 0),
(1178, 3, 4, 19, 1, '2017-12-15 04:12:59', 1, '2017-12-15 10:57:59', 0),
(1179, 3, 4, 78, 1, '2017-12-15 04:12:59', 1, '2017-12-15 10:57:59', 0),
(1180, 3, 4, 80, 1, '2017-12-15 04:12:59', 1, '2017-12-15 10:57:59', 0),
(1184, 2, 1, 1, 1, '2017-12-15 04:12:00', 1, '2017-12-15 11:16:00', 0),
(1185, 2, 1, 2, 1, '2017-12-15 04:12:00', 1, '2017-12-15 11:16:00', 0),
(1186, 2, 1, 3, 1, '2017-12-15 04:12:00', 1, '2017-12-15 11:16:00', 0),
(1187, 2, 1, 4, 1, '2017-12-15 04:12:00', 1, '2017-12-15 11:16:00', 0),
(1188, 2, 1, 5, 1, '2017-12-15 04:12:00', 1, '2017-12-15 11:16:00', 0),
(1189, 2, 1, 6, 1, '2017-12-15 04:12:00', 1, '2017-12-15 11:16:00', 0),
(1190, 2, 1, 7, 1, '2017-12-15 04:12:00', 1, '2017-12-15 11:16:00', 0),
(1191, 2, 1, 8, 1, '2017-12-15 04:12:00', 1, '2017-12-15 11:16:00', 0),
(1192, 2, 1, 9, 1, '2017-12-15 04:12:00', 1, '2017-12-15 11:16:00', 0),
(1193, 2, 1, 10, 1, '2017-12-15 04:12:00', 1, '2017-12-15 11:16:00', 0),
(1194, 2, 1, 11, 1, '2017-12-15 04:12:00', 1, '2017-12-15 11:16:00', 0),
(1195, 2, 1, 12, 1, '2017-12-15 04:12:00', 1, '2017-12-15 11:16:00', 0),
(1196, 2, 1, 13, 1, '2017-12-15 04:12:00', 1, '2017-12-15 11:16:00', 0),
(1197, 2, 1, 24, 1, '2017-12-15 04:12:00', 1, '2017-12-15 11:16:00', 0),
(1198, 2, 1, 25, 1, '2017-12-15 04:12:00', 1, '2017-12-15 11:16:00', 0),
(1199, 2, 1, 26, 1, '2017-12-15 04:12:00', 1, '2017-12-15 11:16:00', 0),
(1200, 2, 1, 27, 1, '2017-12-15 04:12:00', 1, '2017-12-15 11:16:00', 0),
(1201, 2, 1, 28, 1, '2017-12-15 04:12:00', 1, '2017-12-15 11:16:00', 0),
(1202, 2, 1, 29, 1, '2017-12-15 04:12:00', 1, '2017-12-15 11:16:00', 0),
(1203, 2, 1, 30, 1, '2017-12-15 04:12:00', 1, '2017-12-15 11:16:00', 0),
(1204, 2, 1, 31, 1, '2017-12-15 04:12:00', 1, '2017-12-15 11:16:00', 0),
(1205, 2, 1, 32, 1, '2017-12-15 04:12:00', 1, '2017-12-15 11:16:00', 0),
(1206, 2, 1, 33, 1, '2017-12-15 04:12:00', 1, '2017-12-15 11:16:00', 0),
(1207, 2, 1, 34, 1, '2017-12-15 04:12:00', 1, '2017-12-15 11:16:00', 0),
(1208, 2, 1, 43, 1, '2017-12-15 04:12:00', 1, '2017-12-15 11:16:00', 0),
(1209, 2, 1, 46, 1, '2017-12-15 04:12:00', 1, '2017-12-15 11:16:00', 0),
(1210, 2, 1, 55, 1, '2017-12-15 04:12:00', 1, '2017-12-15 11:16:00', 0),
(1216, 2, 10, 21, 1, '2017-12-15 04:12:18', 1, '2017-12-15 11:16:18', 0),
(1217, 2, 10, 22, 1, '2017-12-15 04:12:18', 1, '2017-12-15 11:16:18', 0),
(1218, 2, 10, 23, 1, '2017-12-15 04:12:18', 1, '2017-12-15 11:16:18', 0),
(1219, 2, 10, 77, 1, '2017-12-15 04:12:18', 1, '2017-12-15 11:16:18', 0),
(1220, 2, 10, 83, 1, '2017-12-15 04:12:18', 1, '2017-12-15 11:16:18', 0),
(1221, 2, 17, 74, 1, '2017-12-15 04:12:28', 1, '2017-12-15 11:16:28', 0),
(1222, 2, 17, 75, 1, '2017-12-15 04:12:28', 1, '2017-12-15 11:16:28', 0),
(1223, 2, 17, 79, 1, '2017-12-15 04:12:28', 1, '2017-12-15 11:16:28', 0),
(1224, 2, 18, 37, 1, '2017-12-15 04:12:36', 1, '2017-12-15 11:16:36', 0),
(1225, 2, 18, 71, 1, '2017-12-15 04:12:36', 1, '2017-12-15 11:16:36', 0),
(1226, 2, 18, 73, 1, '2017-12-15 04:12:36', 1, '2017-12-15 11:16:36', 0),
(1227, 2, 18, 84, 1, '2017-12-15 04:12:36', 1, '2017-12-15 11:16:36', 0),
(1228, 2, 20, 16, 1, '2017-12-15 04:12:46', 1, '2017-12-15 11:16:46', 0),
(1229, 2, 20, 38, 1, '2017-12-15 04:12:46', 1, '2017-12-15 11:16:46', 0),
(1230, 2, 20, 47, 1, '2017-12-15 04:12:46', 1, '2017-12-15 11:16:46', 0),
(1231, 2, 20, 87, 1, '2017-12-15 04:12:46', 1, '2017-12-15 11:16:46', 0),
(1232, 2, 24, 39, 1, '2017-12-15 04:12:53', 1, '2017-12-15 11:16:53', 0),
(1233, 2, 24, 40, 1, '2017-12-15 04:12:53', 1, '2017-12-15 11:16:53', 0),
(1234, 2, 24, 41, 1, '2017-12-15 04:12:53', 1, '2017-12-15 11:16:53', 0),
(1235, 2, 24, 42, 1, '2017-12-15 04:12:53', 1, '2017-12-15 11:16:53', 0),
(1236, 2, 24, 44, 1, '2017-12-15 04:12:53', 1, '2017-12-15 11:16:53', 0),
(1237, 2, 24, 45, 1, '2017-12-15 04:12:53', 1, '2017-12-15 11:16:53', 0),
(1238, 2, 29, 20, 1, '2017-12-15 04:12:01', 1, '2017-12-15 11:17:01', 0),
(1239, 2, 29, 57, 1, '2017-12-15 04:12:01', 1, '2017-12-15 11:17:01', 0),
(1240, 2, 29, 58, 1, '2017-12-15 04:12:01', 1, '2017-12-15 11:17:01', 0),
(1241, 2, 29, 59, 1, '2017-12-15 04:12:01', 1, '2017-12-15 11:17:01', 0),
(1242, 2, 29, 60, 1, '2017-12-15 04:12:01', 1, '2017-12-15 11:17:01', 0),
(1243, 2, 29, 61, 1, '2017-12-15 04:12:01', 1, '2017-12-15 11:17:01', 0),
(1244, 2, 29, 62, 1, '2017-12-15 04:12:01', 1, '2017-12-15 11:17:01', 0),
(1245, 2, 29, 63, 1, '2017-12-15 04:12:01', 1, '2017-12-15 11:17:01', 0),
(1246, 2, 29, 64, 1, '2017-12-15 04:12:01', 1, '2017-12-15 11:17:01', 0),
(1247, 2, 34, 18, 1, '2017-12-15 04:12:25', 1, '2017-12-15 11:17:25', 0),
(1248, 2, 34, 65, 1, '2017-12-15 04:12:25', 1, '2017-12-15 11:17:25', 0),
(1252, 2, 50, 51, 1, '2017-12-15 04:12:56', 1, '2017-12-15 11:18:56', 0),
(1253, 2, 50, 52, 1, '2017-12-15 04:12:56', 1, '2017-12-15 11:18:56', 0),
(1254, 2, 50, 53, 1, '2017-12-15 04:12:56', 1, '2017-12-15 11:18:56', 0),
(1255, 2, 50, 54, 1, '2017-12-15 04:12:56', 1, '2017-12-15 11:18:56', 0),
(1256, 2, 50, 76, 1, '2017-12-15 04:12:56', 1, '2017-12-15 11:18:56', 0),
(1266, 5, 1, 1, 1, '2017-12-15 04:12:53', 1, '2017-12-15 11:19:53', 0),
(1267, 5, 1, 2, 1, '2017-12-15 04:12:53', 1, '2017-12-15 11:19:53', 0),
(1268, 5, 1, 3, 1, '2017-12-15 04:12:53', 1, '2017-12-15 11:19:53', 0),
(1269, 5, 1, 4, 1, '2017-12-15 04:12:53', 1, '2017-12-15 11:19:53', 0),
(1270, 5, 1, 5, 1, '2017-12-15 04:12:53', 1, '2017-12-15 11:19:53', 0),
(1271, 5, 1, 6, 1, '2017-12-15 04:12:53', 1, '2017-12-15 11:19:53', 0),
(1272, 5, 1, 7, 1, '2017-12-15 04:12:53', 1, '2017-12-15 11:19:53', 0),
(1273, 5, 1, 8, 1, '2017-12-15 04:12:53', 1, '2017-12-15 11:19:53', 0),
(1274, 5, 1, 9, 1, '2017-12-15 04:12:53', 1, '2017-12-15 11:19:53', 0),
(1275, 5, 1, 10, 1, '2017-12-15 04:12:53', 1, '2017-12-15 11:19:53', 0),
(1276, 5, 1, 11, 1, '2017-12-15 04:12:53', 1, '2017-12-15 11:19:53', 0),
(1277, 5, 1, 12, 1, '2017-12-15 04:12:53', 1, '2017-12-15 11:19:53', 0),
(1278, 5, 1, 13, 1, '2017-12-15 04:12:53', 1, '2017-12-15 11:19:53', 0),
(1279, 5, 1, 24, 1, '2017-12-15 04:12:53', 1, '2017-12-15 11:19:53', 0),
(1280, 5, 1, 25, 1, '2017-12-15 04:12:53', 1, '2017-12-15 11:19:53', 0),
(1281, 5, 1, 26, 1, '2017-12-15 04:12:53', 1, '2017-12-15 11:19:53', 0),
(1282, 5, 1, 27, 1, '2017-12-15 04:12:53', 1, '2017-12-15 11:19:53', 0),
(1283, 5, 1, 28, 1, '2017-12-15 04:12:53', 1, '2017-12-15 11:19:53', 0),
(1284, 5, 1, 29, 1, '2017-12-15 04:12:53', 1, '2017-12-15 11:19:53', 0),
(1285, 5, 1, 30, 1, '2017-12-15 04:12:53', 1, '2017-12-15 11:19:53', 0),
(1286, 5, 1, 31, 1, '2017-12-15 04:12:53', 1, '2017-12-15 11:19:53', 0),
(1287, 5, 1, 32, 1, '2017-12-15 04:12:53', 1, '2017-12-15 11:19:53', 0),
(1288, 5, 1, 33, 1, '2017-12-15 04:12:53', 1, '2017-12-15 11:19:53', 0),
(1289, 5, 1, 34, 1, '2017-12-15 04:12:53', 1, '2017-12-15 11:19:53', 0),
(1290, 5, 1, 43, 1, '2017-12-15 04:12:53', 1, '2017-12-15 11:19:53', 0),
(1291, 5, 1, 46, 1, '2017-12-15 04:12:53', 1, '2017-12-15 11:19:53', 0),
(1292, 5, 1, 55, 1, '2017-12-15 04:12:53', 1, '2017-12-15 11:19:53', 0),
(1293, 5, 4, 15, 1, '2017-12-15 04:12:11', 1, '2017-12-15 11:20:11', 0),
(1294, 5, 4, 17, 1, '2017-12-15 04:12:11', 1, '2017-12-15 11:20:11', 0),
(1295, 5, 4, 19, 1, '2017-12-15 04:12:11', 1, '2017-12-15 11:20:11', 0),
(1296, 5, 4, 78, 1, '2017-12-15 04:12:11', 1, '2017-12-15 11:20:11', 0),
(1297, 5, 4, 80, 1, '2017-12-15 04:12:11', 1, '2017-12-15 11:20:11', 0),
(1298, 5, 10, 21, 1, '2017-12-15 04:12:28', 1, '2017-12-15 11:20:28', 0),
(1299, 5, 10, 22, 1, '2017-12-15 04:12:28', 1, '2017-12-15 11:20:28', 0),
(1300, 5, 10, 23, 1, '2017-12-15 04:12:28', 1, '2017-12-15 11:20:28', 0),
(1301, 5, 10, 77, 1, '2017-12-15 04:12:28', 1, '2017-12-15 11:20:28', 0),
(1302, 5, 10, 83, 1, '2017-12-15 04:12:28', 1, '2017-12-15 11:20:28', 0),
(1303, 5, 17, 74, 1, '2017-12-15 04:12:51', 1, '2017-12-15 11:20:51', 0),
(1304, 5, 17, 75, 1, '2017-12-15 04:12:51', 1, '2017-12-15 11:20:51', 0),
(1305, 5, 17, 79, 1, '2017-12-15 04:12:51', 1, '2017-12-15 11:20:51', 0),
(1306, 5, 18, 37, 1, '2017-12-15 04:12:03', 1, '2017-12-15 11:21:03', 0),
(1307, 5, 18, 71, 1, '2017-12-15 04:12:03', 1, '2017-12-15 11:21:03', 0),
(1308, 5, 18, 73, 1, '2017-12-15 04:12:03', 1, '2017-12-15 11:21:03', 0),
(1309, 5, 18, 84, 1, '2017-12-15 04:12:03', 1, '2017-12-15 11:21:03', 0),
(1310, 5, 34, 18, 1, '2017-12-15 04:12:23', 1, '2017-12-15 11:21:23', 0),
(1311, 5, 34, 65, 1, '2017-12-15 04:12:23', 1, '2017-12-15 11:21:23', 0),
(1315, 5, 50, 51, 1, '2017-12-15 04:12:42', 1, '2017-12-15 11:21:42', 0),
(1316, 5, 50, 52, 1, '2017-12-15 04:12:42', 1, '2017-12-15 11:21:42', 0),
(1317, 5, 50, 53, 1, '2017-12-15 04:12:42', 1, '2017-12-15 11:21:42', 0),
(1318, 5, 50, 54, 1, '2017-12-15 04:12:42', 1, '2017-12-15 11:21:42', 0),
(1319, 5, 50, 76, 1, '2017-12-15 04:12:42', 1, '2017-12-15 11:21:42', 0),
(1333, 14, 10, 21, 1, '2017-12-16 11:12:50', 1, '2017-12-16 05:50:50', 0),
(1334, 14, 10, 22, 1, '2017-12-16 11:12:50', 1, '2017-12-16 05:50:50', 0),
(1335, 14, 10, 23, 1, '2017-12-16 11:12:50', 1, '2017-12-16 05:50:50', 0),
(1336, 14, 10, 77, 1, '2017-12-16 11:12:50', 1, '2017-12-16 05:50:50', 0),
(1337, 14, 10, 83, 1, '2017-12-16 11:12:50', 1, '2017-12-16 05:50:50', 0),
(1338, 14, 18, 37, 1, '2017-12-16 11:12:06', 1, '2017-12-16 05:51:06', 0),
(1339, 14, 18, 71, 1, '2017-12-16 11:12:06', 1, '2017-12-16 05:51:06', 0),
(1340, 14, 18, 73, 1, '2017-12-16 11:12:06', 1, '2017-12-16 05:51:06', 0),
(1341, 14, 18, 84, 1, '2017-12-16 11:12:06', 1, '2017-12-16 05:51:06', 0),
(1352, 5, 24, 39, 1, '2017-12-16 02:12:14', 1, '2017-12-16 08:40:14', 0),
(1353, 5, 24, 40, 1, '2017-12-16 02:12:14', 1, '2017-12-16 08:40:14', 0),
(1354, 5, 24, 41, 1, '2017-12-16 02:12:14', 1, '2017-12-16 08:40:14', 0),
(1355, 5, 24, 42, 1, '2017-12-16 02:12:14', 1, '2017-12-16 08:40:14', 0),
(1356, 5, 24, 44, 1, '2017-12-16 02:12:14', 1, '2017-12-16 08:40:14', 0),
(1357, 5, 24, 45, 1, '2017-12-16 02:12:14', 1, '2017-12-16 08:40:14', 0),
(1376, 14, 1, 6, 1, '2017-12-16 04:12:17', 1, '2017-12-16 11:15:17', 0),
(1377, 14, 1, 7, 1, '2017-12-16 04:12:17', 1, '2017-12-16 11:15:17', 0),
(1378, 14, 1, 10, 1, '2017-12-16 04:12:17', 1, '2017-12-16 11:15:17', 0),
(1379, 14, 1, 12, 1, '2017-12-16 04:12:17', 1, '2017-12-16 11:15:17', 0),
(1380, 14, 1, 29, 1, '2017-12-16 04:12:17', 1, '2017-12-16 11:15:17', 0),
(1381, 14, 1, 30, 1, '2017-12-16 04:12:17', 1, '2017-12-16 11:15:17', 0),
(1382, 14, 1, 31, 1, '2017-12-16 04:12:17', 1, '2017-12-16 11:15:17', 0),
(1383, 14, 1, 32, 1, '2017-12-16 04:12:17', 1, '2017-12-16 11:15:17', 0),
(1384, 14, 1, 33, 1, '2017-12-16 04:12:17', 1, '2017-12-16 11:15:17', 0),
(1385, 14, 1, 43, 1, '2017-12-16 04:12:17', 1, '2017-12-16 11:15:17', 0),
(1386, 14, 1, 46, 1, '2017-12-16 04:12:17', 1, '2017-12-16 11:15:17', 0),
(1387, 2, 4, 15, 1, '2017-12-18 11:12:29', 22, '2017-12-18 06:08:29', 0),
(1388, 2, 4, 17, 1, '2017-12-18 11:12:29', 22, '2017-12-18 06:08:29', 0),
(1389, 2, 4, 19, 1, '2017-12-18 11:12:29', 22, '2017-12-18 06:08:29', 0),
(1390, 2, 4, 78, 1, '2017-12-18 11:12:29', 22, '2017-12-18 06:08:29', 0),
(1391, 2, 4, 80, 1, '2017-12-18 11:12:29', 22, '2017-12-18 06:08:29', 0),
(1392, 2, 51, 66, 1, '2017-12-18 12:12:31', 1, '2017-12-18 07:05:31', 0),
(1393, 2, 51, 67, 1, '2017-12-18 12:12:31', 1, '2017-12-18 07:05:31', 0),
(1394, 2, 51, 68, 1, '2017-12-18 12:12:31', 1, '2017-12-18 07:05:31', 0),
(1395, 2, 51, 69, 1, '2017-12-18 12:12:31', 1, '2017-12-18 07:05:31', 0),
(1396, 2, 51, 70, 1, '2017-12-18 12:12:31', 1, '2017-12-18 07:05:31', 0),
(1397, 5, 20, 16, 1, '2017-12-17 20:42:36', 22, '2017-12-18 09:19:36', 0),
(1398, 5, 20, 38, 1, '2017-12-17 20:42:36', 22, '2017-12-18 09:19:36', 0),
(1399, 5, 20, 47, 1, '2017-12-17 20:42:36', 22, '2017-12-18 09:19:36', 0),
(1400, 5, 20, 87, 1, '2017-12-17 20:42:36', 22, '2017-12-18 09:19:36', 0),
(1401, 5, 20, 89, 1, '2017-12-17 20:42:36', 22, '2017-12-18 09:19:36', 0),
(1402, 5, 20, 90, 1, '2017-12-17 20:42:36', 22, '2017-12-18 09:19:36', 0),
(1403, 3, 20, 16, 1, '2017-12-18 00:42:07', 1, '2017-12-18 12:40:07', 0),
(1404, 3, 20, 38, 1, '2017-12-18 00:42:07', 1, '2017-12-18 12:40:07', 0),
(1405, 3, 20, 47, 1, '2017-12-18 00:42:07', 1, '2017-12-18 12:40:07', 0),
(1406, 3, 20, 87, 1, '2017-12-18 00:42:07', 1, '2017-12-18 12:40:07', 0),
(1407, 3, 20, 89, 1, '2017-12-18 00:42:07', 1, '2017-12-18 12:40:07', 0),
(1408, 3, 20, 90, 1, '2017-12-18 00:42:07', 1, '2017-12-18 12:40:07', 0),
(1414, 5, 73, 92, 1, '2018-01-03 06:31:16', 1, '2018-01-03 07:18:16', 0),
(1415, 5, 73, 93, 1, '2018-01-03 06:31:16', 1, '2018-01-03 07:18:16', 0),
(1416, 5, 73, 94, 1, '2018-01-03 06:31:16', 1, '2018-01-03 07:18:16', 0),
(1417, 5, 73, 95, 1, '2018-01-03 06:31:16', 1, '2018-01-03 07:18:16', 0),
(1422, 2, 56, 81, 1, '2018-01-04 05:31:58', 1, '2018-01-04 05:49:58', 0),
(1423, 2, 56, 82, 1, '2018-01-04 05:31:58', 1, '2018-01-04 05:49:58', 0),
(1424, 2, 56, 85, 1, '2018-01-04 05:31:58', 1, '2018-01-04 05:49:58', 0),
(1425, 2, 56, 86, 1, '2018-01-04 05:31:58', 1, '2018-01-04 05:49:58', 0),
(1426, 2, 56, 91, 1, '2018-01-04 05:31:58', 1, '2018-01-04 05:49:58', 0),
(1427, 2, 56, 96, 1, '2018-01-04 05:31:58', 1, '2018-01-04 05:49:58', 0),
(1428, 2, 56, 97, 1, '2018-01-04 05:31:58', 1, '2018-01-04 05:49:58', 0),
(1431, 5, 56, 81, 1, '2018-01-04 05:31:17', 1, '2018-01-04 05:50:17', 0),
(1432, 5, 56, 82, 1, '2018-01-04 05:31:17', 1, '2018-01-04 05:50:17', 0),
(1433, 5, 56, 85, 1, '2018-01-04 05:31:17', 1, '2018-01-04 05:50:17', 0),
(1434, 5, 56, 86, 1, '2018-01-04 05:31:17', 1, '2018-01-04 05:50:17', 0),
(1435, 5, 56, 91, 1, '2018-01-04 05:31:17', 1, '2018-01-04 05:50:17', 0),
(1436, 5, 56, 96, 1, '2018-01-04 05:31:17', 1, '2018-01-04 05:50:17', 0),
(1437, 5, 56, 97, 1, '2018-01-04 05:31:17', 1, '2018-01-04 05:50:17', 0),
(1438, 14, 56, 96, 1, '2018-01-04 05:31:26', 1, '2018-01-04 05:50:26', 0),
(1439, 14, 56, 97, 1, '2018-01-04 05:31:26', 1, '2018-01-04 05:50:26', 0),
(1453, 5, 81, 98, 1, '2018-01-12 05:31:46', 1, '2018-01-12 06:09:46', 0),
(1454, 5, 81, 99, 1, '2018-01-12 05:31:46', 1, '2018-01-12 06:09:46', 0),
(1455, 5, 81, 102, 1, '2018-01-12 05:31:46', 1, '2018-01-12 06:09:46', 0),
(1483, 5, 92, 108, 1, '2018-01-17 19:31:04', 1, '2018-01-18 08:09:04', 0),
(1484, 5, 92, 109, 1, '2018-01-17 19:31:04', 1, '2018-01-18 08:09:04', 0),
(1485, 5, 51, 66, 1, '2018-01-17 22:31:29', 1, '2018-01-18 10:58:29', 0),
(1486, 5, 51, 67, 1, '2018-01-17 22:31:29', 1, '2018-01-18 10:58:29', 0),
(1487, 5, 51, 68, 1, '2018-01-17 22:31:29', 1, '2018-01-18 10:58:29', 0),
(1488, 5, 51, 69, 1, '2018-01-17 22:31:29', 1, '2018-01-18 10:58:29', 0),
(1489, 5, 51, 70, 1, '2018-01-17 22:31:29', 1, '2018-01-18 10:58:29', 0),
(1490, 5, 51, 107, 1, '2018-01-17 22:31:29', 1, '2018-01-18 10:58:29', 0),
(1491, 5, 51, 110, 1, '2018-01-17 22:31:29', 1, '2018-01-18 10:58:29', 0),
(1492, 17, 81, 99, 1, '2018-01-18 00:31:18', 1, '2018-01-18 12:37:18', 0),
(1493, 17, 81, 102, 1, '2018-01-18 00:31:18', 1, '2018-01-18 12:37:18', 0),
(1494, 17, 81, 111, 1, '2018-01-18 00:31:18', 1, '2018-01-18 12:37:18', 0),
(1495, 14, 84, 112, 1, '2018-01-22 06:31:45', 1, '2018-01-22 06:59:45', 0),
(1496, 5, 99, 113, 1, '2018-01-21 22:31:43', 1, '2018-01-22 11:10:43', 0),
(1497, 14, 24, 39, 1, '2018-01-28 21:31:20', 1, '2018-01-29 09:53:20', 0),
(1498, 14, 24, 40, 1, '2018-01-28 21:31:20', 1, '2018-01-29 09:53:20', 0),
(1499, 14, 24, 41, 1, '2018-01-28 21:31:20', 1, '2018-01-29 09:53:20', 0),
(1500, 14, 24, 42, 1, '2018-01-28 21:31:20', 1, '2018-01-29 09:53:20', 0),
(1501, 14, 24, 44, 1, '2018-01-28 21:31:20', 1, '2018-01-29 09:53:20', 0),
(1502, 14, 24, 45, 1, '2018-01-28 21:31:20', 1, '2018-01-29 09:53:20', 0),
(1503, 2, 73, 92, 1, '2018-01-31 06:01:53', 2, '2018-01-31 12:43:53', 0),
(1504, 2, 73, 93, 1, '2018-01-31 06:01:53', 2, '2018-01-31 12:43:53', 0),
(1505, 2, 73, 94, 1, '2018-01-31 06:01:53', 2, '2018-01-31 12:43:53', 0),
(1506, 2, 73, 95, 1, '2018-01-31 06:01:53', 2, '2018-01-31 12:43:53', 0),
(1507, 5, 45, 49, 1, '2018-02-01 12:02:50', 2, '2018-02-01 07:27:50', 0),
(1508, 5, 45, 50, 1, '2018-02-01 12:02:50', 2, '2018-02-01 07:27:50', 0),
(1509, 5, 45, 88, 1, '2018-02-01 12:02:50', 2, '2018-02-01 07:27:50', 0),
(1510, 5, 45, 100, 1, '2018-02-01 12:02:50', 2, '2018-02-01 07:27:50', 0),
(1511, 5, 45, 101, 1, '2018-02-01 12:02:50', 2, '2018-02-01 07:27:50', 0),
(1512, 5, 45, 103, 1, '2018-02-01 12:02:50', 2, '2018-02-01 07:27:50', 0),
(1513, 5, 45, 104, 1, '2018-02-01 12:02:50', 2, '2018-02-01 07:27:50', 0),
(1514, 5, 45, 105, 1, '2018-02-01 12:02:50', 2, '2018-02-01 07:27:50', 0),
(1515, 5, 45, 106, 1, '2018-02-01 12:02:50', 2, '2018-02-01 07:27:50', 0),
(1516, 5, 45, 114, 1, '2018-02-01 12:02:50', 2, '2018-02-01 07:27:50', 0),
(1517, 5, 45, 115, 1, '2018-02-01 12:02:50', 2, '2018-02-01 07:27:50', 0),
(1540, 2, 45, 49, 1, '2018-02-01 03:02:40', 2, '2018-02-01 09:33:40', 0),
(1541, 2, 45, 50, 1, '2018-02-01 03:02:40', 2, '2018-02-01 09:33:40', 0),
(1542, 2, 45, 88, 1, '2018-02-01 03:02:40', 2, '2018-02-01 09:33:40', 0),
(1543, 2, 45, 101, 1, '2018-02-01 03:02:40', 2, '2018-02-01 09:33:40', 0),
(1544, 2, 45, 103, 1, '2018-02-01 03:02:40', 2, '2018-02-01 09:33:40', 0),
(1545, 2, 45, 104, 1, '2018-02-01 03:02:40', 2, '2018-02-01 09:33:40', 0),
(1546, 2, 45, 105, 1, '2018-02-01 03:02:40', 2, '2018-02-01 09:33:40', 0),
(1547, 2, 45, 106, 1, '2018-02-01 03:02:40', 2, '2018-02-01 09:33:40', 0),
(1548, 2, 45, 114, 1, '2018-02-01 03:02:40', 2, '2018-02-01 09:33:40', 0),
(1549, 2, 45, 115, 1, '2018-02-01 03:02:40', 2, '2018-02-01 09:33:40', 0),
(1550, 3, 45, 49, 1, '2018-02-02 02:02:58', 2, '2018-02-02 09:11:58', 0),
(1551, 3, 45, 50, 1, '2018-02-02 02:02:58', 2, '2018-02-02 09:11:58', 0),
(1552, 3, 45, 88, 1, '2018-02-02 02:02:58', 2, '2018-02-02 09:11:58', 0),
(1553, 3, 45, 100, 1, '2018-02-02 02:02:58', 2, '2018-02-02 09:11:58', 0),
(1554, 3, 45, 101, 1, '2018-02-02 02:02:58', 2, '2018-02-02 09:11:58', 0),
(1555, 3, 45, 105, 1, '2018-02-02 02:02:58', 2, '2018-02-02 09:11:58', 0),
(1556, 3, 45, 106, 1, '2018-02-02 02:02:58', 2, '2018-02-02 09:11:58', 0),
(1557, 3, 45, 114, 1, '2018-02-02 02:02:58', 2, '2018-02-02 09:11:58', 0),
(1558, 3, 45, 115, 1, '2018-02-02 02:02:58', 2, '2018-02-02 09:11:58', 0),
(1559, 3, 51, 66, 1, '2018-02-02 02:02:24', 2, '2018-02-02 09:12:24', 0),
(1560, 3, 51, 67, 1, '2018-02-02 02:02:24', 2, '2018-02-02 09:12:24', 0),
(1561, 3, 51, 68, 1, '2018-02-02 02:02:24', 2, '2018-02-02 09:12:24', 0),
(1562, 3, 51, 69, 1, '2018-02-02 02:02:24', 2, '2018-02-02 09:12:24', 0),
(1563, 3, 51, 70, 1, '2018-02-02 02:02:24', 2, '2018-02-02 09:12:24', 0),
(1564, 3, 51, 107, 1, '2018-02-02 02:02:24', 2, '2018-02-02 09:12:24', 0),
(1565, 3, 51, 110, 1, '2018-02-02 02:02:24', 2, '2018-02-02 09:12:24', 0),
(1566, 3, 56, 81, 1, '2018-02-02 02:02:36', 2, '2018-02-02 09:12:36', 0),
(1567, 3, 56, 82, 1, '2018-02-02 02:02:36', 2, '2018-02-02 09:12:36', 0),
(1568, 3, 56, 85, 1, '2018-02-02 02:02:36', 2, '2018-02-02 09:12:36', 0),
(1569, 3, 56, 86, 1, '2018-02-02 02:02:36', 2, '2018-02-02 09:12:36', 0),
(1570, 3, 56, 91, 1, '2018-02-02 02:02:36', 2, '2018-02-02 09:12:36', 0),
(1571, 3, 56, 96, 1, '2018-02-02 02:02:36', 2, '2018-02-02 09:12:36', 0),
(1572, 3, 56, 97, 1, '2018-02-02 02:02:36', 2, '2018-02-02 09:12:36', 0);

-- --------------------------------------------------------

--
-- Table structure for table `user_role`
--

CREATE TABLE `user_role` (
  `sr_no` int(11) NOT NULL,
  `user_id` int(11) NOT NULL,
  `role_id` tinyint(1) NOT NULL
) ENGINE=InnoDB DEFAULT CHARSET=latin1;

--
-- Dumping data for table `user_role`
--

INSERT INTO `user_role` (`sr_no`, `user_id`, `role_id`) VALUES
(1, 24, 7);

-- --------------------------------------------------------

--
-- Table structure for table `user_widgets`
--

CREATE TABLE `user_widgets` (
  `user_widget_id` int(11) NOT NULL,
  `role_id` int(11) NOT NULL,
  `widget_id` int(11) NOT NULL,
  `created_on` datetime NOT NULL DEFAULT CURRENT_TIMESTAMP,
  `created_by` int(11) NOT NULL,
  `last_modified_on` timestamp NOT NULL DEFAULT CURRENT_TIMESTAMP ON UPDATE CURRENT_TIMESTAMP,
  `last_modified_by` int(11) NOT NULL
) ENGINE=InnoDB DEFAULT CHARSET=latin1;

--
-- Dumping data for table `user_widgets`
--

INSERT INTO `user_widgets` (`user_widget_id`, `role_id`, `widget_id`, `created_on`, `created_by`, `last_modified_on`, `last_modified_by`) VALUES
(363, 14, 1, '2018-01-03 12:31:46', 1, '2018-01-03 07:01:46', 1),
(364, 14, 2, '2018-01-03 12:31:46', 1, '2018-01-03 07:01:46', 1),
(365, 14, 3, '2018-01-03 12:31:46', 1, '2018-01-03 07:01:46', 1),
(366, 14, 4, '2018-01-03 12:31:47', 1, '2018-01-03 07:01:47', 1),
(367, 14, 6, '2018-01-03 12:31:47', 1, '2018-01-03 07:01:47', 1),
(368, 14, 7, '2018-01-03 12:31:47', 1, '2018-01-03 07:01:47', 1),
(369, 14, 12, '2018-01-03 12:31:47', 1, '2018-01-03 07:01:47', 1),
(370, 14, 14, '2018-01-03 12:31:47', 1, '2018-01-03 07:01:47', 1),
(371, 14, 15, '2018-01-03 12:31:47', 1, '2018-01-03 07:01:47', 1),
(407, 2, 1, '2018-01-03 01:15:36', 1, '2018-01-02 19:45:36', 1),
(408, 2, 2, '2018-01-03 01:15:36', 1, '2018-01-02 19:45:36', 1),
(409, 2, 3, '2018-01-03 01:15:36', 1, '2018-01-02 19:45:36', 1),
(410, 2, 4, '2018-01-03 01:15:37', 1, '2018-01-02 19:45:37', 1),
(411, 2, 5, '2018-01-03 01:15:37', 1, '2018-01-02 19:45:37', 1),
(412, 2, 6, '2018-01-03 01:15:37', 1, '2018-01-02 19:45:37', 1),
(413, 2, 7, '2018-01-03 01:15:37', 1, '2018-01-02 19:45:37', 1),
(414, 2, 8, '2018-01-03 01:15:37', 1, '2018-01-02 19:45:37', 1),
(415, 2, 9, '2018-01-03 01:15:37', 1, '2018-01-02 19:45:37', 1),
(416, 2, 10, '2018-01-03 01:15:37', 1, '2018-01-02 19:45:37', 1),
(417, 2, 11, '2018-01-03 01:15:37', 1, '2018-01-02 19:45:37', 1),
(418, 2, 12, '2018-01-03 01:15:37', 1, '2018-01-02 19:45:37', 1),
(419, 2, 13, '2018-01-03 01:15:37', 1, '2018-01-02 19:45:37', 1),
(420, 2, 14, '2018-01-03 01:15:37', 1, '2018-01-02 19:45:37', 1),
(421, 2, 15, '2018-01-03 01:15:37', 1, '2018-01-02 19:45:37', 1),
(424, 16, 13, '2018-01-23 04:12:58', 1, '2018-01-22 22:42:58', 1),
(425, 5, 1, '2018-01-23 04:44:49', 1, '2018-01-22 23:14:49', 1),
(426, 5, 2, '2018-01-23 04:44:49', 1, '2018-01-22 23:14:49', 1),
(427, 5, 3, '2018-01-23 04:44:49', 1, '2018-01-22 23:14:49', 1),
(428, 5, 4, '2018-01-23 04:44:49', 1, '2018-01-22 23:14:49', 1),
(429, 5, 5, '2018-01-23 04:44:49', 1, '2018-01-22 23:14:49', 1),
(430, 5, 6, '2018-01-23 04:44:49', 1, '2018-01-22 23:14:49', 1),
(431, 5, 7, '2018-01-23 04:44:49', 1, '2018-01-22 23:14:49', 1),
(432, 5, 8, '2018-01-23 04:44:49', 1, '2018-01-22 23:14:49', 1),
(433, 5, 9, '2018-01-23 04:44:49', 1, '2018-01-22 23:14:49', 1),
(434, 5, 10, '2018-01-23 04:44:50', 1, '2018-01-22 23:14:50', 1),
(435, 5, 12, '2018-01-23 04:44:50', 1, '2018-01-22 23:14:50', 1),
(436, 5, 14, '2018-01-23 04:44:50', 1, '2018-01-22 23:14:50', 1),
(437, 5, 15, '2018-01-23 04:44:50', 1, '2018-01-22 23:14:50', 1),
(438, 3, 1, '2018-02-02 02:43:57', 2, '2018-02-02 02:43:57', 2),
(439, 3, 2, '2018-02-02 02:43:57', 2, '2018-02-02 02:43:57', 2),
(440, 3, 3, '2018-02-02 02:43:57', 2, '2018-02-02 02:43:57', 2),
(441, 3, 4, '2018-02-02 02:43:57', 2, '2018-02-02 02:43:57', 2),
(442, 3, 5, '2018-02-02 02:43:57', 2, '2018-02-02 02:43:57', 2),
(443, 3, 6, '2018-02-02 02:43:57', 2, '2018-02-02 02:43:57', 2),
(444, 3, 7, '2018-02-02 02:43:57', 2, '2018-02-02 02:43:57', 2),
(445, 3, 8, '2018-02-02 02:43:57', 2, '2018-02-02 02:43:57', 2),
(446, 3, 9, '2018-02-02 02:43:57', 2, '2018-02-02 02:43:57', 2),
(447, 3, 10, '2018-02-02 02:43:57', 2, '2018-02-02 02:43:57', 2),
(448, 3, 11, '2018-02-02 02:43:57', 2, '2018-02-02 02:43:57', 2),
(449, 3, 12, '2018-02-02 02:43:57', 2, '2018-02-02 02:43:57', 2),
(450, 3, 13, '2018-02-02 02:43:57', 2, '2018-02-02 02:43:57', 2),
(451, 3, 14, '2018-02-02 02:43:57', 2, '2018-02-02 02:43:57', 2),
(452, 3, 15, '2018-02-02 02:43:57', 2, '2018-02-02 02:43:57', 2);

-- --------------------------------------------------------

--
-- Table structure for table `widgets`
--

CREATE TABLE `widgets` (
  `widget_id` int(11) NOT NULL,
  `widget_name` varchar(255) NOT NULL,
  `widget_description` varchar(255) NOT NULL,
  `created_on` datetime NOT NULL,
  `created_by` int(11) NOT NULL,
  `last_modified_on` datetime NOT NULL DEFAULT CURRENT_TIMESTAMP ON UPDATE CURRENT_TIMESTAMP,
  `last_modified_by` int(11) NOT NULL,
  `is_active` int(11) NOT NULL DEFAULT '1'
) ENGINE=InnoDB DEFAULT CHARSET=latin1;

--
-- Dumping data for table `widgets`
--

INSERT INTO `widgets` (`widget_id`, `widget_name`, `widget_description`, `created_on`, `created_by`, `last_modified_on`, `last_modified_by`, `is_active`) VALUES
(1, 'Monthly Performance Bar Chart', 'Monthly Performance Bar Chart', '2017-12-22 11:31:58', 2, '2017-12-22 11:31:58', 2, 1),
(2, 'Monthly Performance Pie Chart', 'Monthly Performance Pie Chart', '2017-12-22 11:35:38', 2, '2017-12-22 11:35:38', 2, 1),
(3, 'Travel', 'Travel', '2017-12-22 11:36:38', 2, '2017-12-22 11:36:38', 2, 1),
(4, 'Upcomming Event', 'Upcomming Event', '2017-12-22 11:36:59', 2, '2017-12-22 12:04:42', 2, 1),
(5, 'Average Age Of Organisation', 'Average Age Of Organisation', '2017-12-22 11:37:22', 2, '2017-12-22 11:37:22', 2, 1),
(6, 'Current Job Openings', 'Current Job Openings', '2017-12-22 11:37:57', 2, '2017-12-22 11:37:57', 2, 1),
(7, 'Latest News', 'Latest News', '2017-12-22 11:38:16', 2, '2017-12-22 11:38:16', 2, 1),
(8, 'Department Avg Salary', 'Department Avg Salary', '2017-12-23 10:37:12', 1, '2017-12-23 10:37:12', 1, 1),
(9, 'Department Employee Count', 'Department Employee Count', '2017-12-23 10:37:50', 1, '2017-12-23 10:38:24', 1, 1),
(10, 'Resignation Percentage', 'Resignation Percentage', '2017-12-23 03:12:40', 1, '2017-12-23 03:12:40', 1, 1),
(11, 'Profile Completed', 'Profile Completed', '2017-12-26 05:07:51', 1, '2017-12-26 05:07:51', 1, 1),
(12, 'Live Polls ', 'Live Polls ', '2017-12-26 06:59:06', 1, '2017-12-26 07:00:42', 1, 1),
(13, 'My Profile Summary', 'My Profile Summary', '2018-01-03 12:13:47', 1, '2018-01-03 12:13:47', 1, 1),
(14, 'Recent Activities', 'Recent Activities', '2018-01-03 12:14:14', 1, '2018-01-03 12:14:14', 1, 1),
(15, 'Birthdays', 'Birthdays', '2018-01-03 12:14:33', 1, '2018-01-03 12:14:33', 1, 1);

-- --------------------------------------------------------

--
-- Structure for view `birthday_wishesh_view`
--
DROP TABLE IF EXISTS `birthday_wishesh_view`;

CREATE ALGORITHM=UNDEFINED DEFINER=`root`@`localhost` SQL SECURITY DEFINER VIEW `birthday_wishesh_view`  AS  select `candidate`.`can_id` AS `can_id`,`candidate`.`can_name` AS `can_name`,`candidate`.`email` AS `email`,`candidate`.`profile_picture` AS `profile_picture`,`candidate`.`dob` AS `dob`,month(`candidate`.`dob`) AS `month_dob`,dayofmonth(`candidate`.`dob`) AS `date_dob`,`job_profiles`.`title` AS `title` from (`candidate` join `job_profiles` on((`job_profiles`.`id` = `candidate`.`job_profile`))) where ((`candidate`.`role_id` <> '11') and (`candidate`.`is_deleted` = 0) and (`candidate`.`is_active` = 1)) ;

-- --------------------------------------------------------

--
-- Structure for view `dept_avg_salary_view`
--
DROP TABLE IF EXISTS `dept_avg_salary_view`;

CREATE ALGORITHM=UNDEFINED DEFINER=`root`@`localhost` SQL SECURITY DEFINER VIEW `dept_avg_salary_view`  AS  select `departments`.`title` AS `department_title`,sum(`emp_salary_details`.`gross_pay`) AS `average_salary` from ((`emp_salary_details` join `candidate` on((`candidate`.`can_id` = `emp_salary_details`.`can_id`))) join `departments` on((`candidate`.`department` = `departments`.`id`))) where ((`candidate`.`is_deleted` = 0) and (`candidate`.`is_active` = 1) and (`emp_salary_details`.`is_deleted` = 0)) group by `candidate`.`department` ;

-- --------------------------------------------------------

--
-- Structure for view `kra_view`
--
DROP TABLE IF EXISTS `kra_view`;

CREATE ALGORITHM=UNDEFINED DEFINER=`root`@`localhost` SQL SECURITY DEFINER VIEW `kra_view`  AS  select `kra`.`month` AS `months`,avg(`kra_employee`.`user_rating_average`) AS `user_rating_average`,avg(`kra_employee`.`manager_rating_average`) AS `manager_rating_average`,`kra_employee`.`can_id` AS `can_id` from (`kra_employee` left join `kra` on((`kra`.`kra_id` = `kra_employee`.`kra_id`))) where (`kra_employee`.`status` <> 0) group by (`kra`.`month` and (`kra`.`is_active` = 1)) ;

-- --------------------------------------------------------

--
-- Structure for view `my_profile_view`
--
DROP TABLE IF EXISTS `my_profile_view`;

CREATE ALGORITHM=UNDEFINED DEFINER=`root`@`localhost` SQL SECURITY DEFINER VIEW `my_profile_view`  AS  select `rpo_candidates`.`can_id` AS `can_id`,`rpo_candidates`.`pan_no` AS `pan_no`,`rpo_candidates`.`aadhar_no` AS `aadhar_no`,`rpo_bank_details`.`account_number` AS `account_number` from (`rpo_bank_details` join `rpo_candidates` on((`rpo_candidates`.`can_id` = `rpo_bank_details`.`can_id`))) where (`rpo_candidates`.`is_deleted` = 0) ;

-- --------------------------------------------------------

--
-- Structure for view `task_view`
--
DROP TABLE IF EXISTS `task_view`;

CREATE ALGORITHM=UNDEFINED DEFINER=`root`@`localhost` SQL SECURITY DEFINER VIEW `task_view`  AS  select `tasks`.`task_id` AS `task_id`,`task_manager`.`can_id` AS `can_id`,`task_manager`.`status` AS `status` from (`task_manager` join `tasks` on((`tasks`.`task_id` = `task_manager`.`task_id`))) where ((`tasks`.`is_deleted` = 0) and (`task_manager`.`status` <> 'Completed')) ;

--
-- Indexes for dumped tables
--

--
-- Indexes for table `assesment_list`
--
ALTER TABLE `assesment_list`
  ADD PRIMARY KEY (`list_id`);

--
-- Indexes for table `assets`
--
ALTER TABLE `assets`
  ADD PRIMARY KEY (`asset_code`);

--
-- Indexes for table `asset_types`
--
ALTER TABLE `asset_types`
  ADD PRIMARY KEY (`asset_code`);

--
-- Indexes for table `attendance`
--
ALTER TABLE `attendance`
  ADD PRIMARY KEY (`atn_id`);

--
-- Indexes for table `bank_details`
--
ALTER TABLE `bank_details`
  ADD PRIMARY KEY (`bd_id`);

--
-- Indexes for table `billing`
--
ALTER TABLE `billing`
  ADD PRIMARY KEY (`bill_id`);

--
-- Indexes for table `birthday_likes`
--
ALTER TABLE `birthday_likes`
  ADD PRIMARY KEY (`like_id`);

--
-- Indexes for table `birthday_wishes`
--
ALTER TABLE `birthday_wishes`
  ADD PRIMARY KEY (`id`);

--
-- Indexes for table `bulk_mail`
--
ALTER TABLE `bulk_mail`
  ADD PRIMARY KEY (`mail_id`);

--
-- Indexes for table `candidate`
--
ALTER TABLE `candidate`
  ADD PRIMARY KEY (`can_id`),
  ADD UNIQUE KEY `email_UNIQUE` (`email`);

--
-- Indexes for table `can_assessment`
--
ALTER TABLE `can_assessment`
  ADD PRIMARY KEY (`id`);

--
-- Indexes for table `can_assigned_assets`
--
ALTER TABLE `can_assigned_assets`
  ADD PRIMARY KEY (`can_asset_id`);

--
-- Indexes for table `can_leave_records`
--
ALTER TABLE `can_leave_records`
  ADD PRIMARY KEY (`id`);

--
-- Indexes for table `cities`
--
ALTER TABLE `cities`
  ADD UNIQUE KEY `id` (`id`);

--
-- Indexes for table `ci_voting`
--
ALTER TABLE `ci_voting`
  ADD PRIMARY KEY (`dv_id`);

--
-- Indexes for table `ci_voting_counter`
--
ALTER TABLE `ci_voting_counter`
  ADD PRIMARY KEY (`v_id`);

--
-- Indexes for table `client_handover`
--
ALTER TABLE `client_handover`
  ADD PRIMARY KEY (`ch_id`);

--
-- Indexes for table `configuration_settings`
--
ALTER TABLE `configuration_settings`
  ADD PRIMARY KEY (`conf_id`);

--
-- Indexes for table `departments`
--
ALTER TABLE `departments`
  ADD PRIMARY KEY (`id`);

--
-- Indexes for table `documents`
--
ALTER TABLE `documents`
  ADD PRIMARY KEY (`doc_id`);

--
-- Indexes for table `email_config`
--
ALTER TABLE `email_config`
  ADD PRIMARY KEY (`ec_id`);

--
-- Indexes for table `emp_monthly_salary_slips`
--
ALTER TABLE `emp_monthly_salary_slips`
  ADD PRIMARY KEY (`salary_slip_id`);

--
-- Indexes for table `emp_salary_details`
--
ALTER TABLE `emp_salary_details`
  ADD PRIMARY KEY (`sd_id`);

--
-- Indexes for table `enquiry`
--
ALTER TABLE `enquiry`
  ADD PRIMARY KEY (`id`);

--
-- Indexes for table `event`
--
ALTER TABLE `event`
  ADD PRIMARY KEY (`ev_id`);

--
-- Indexes for table `experience`
--
ALTER TABLE `experience`
  ADD PRIMARY KEY (`exp_id`);

--
-- Indexes for table `handover_details`
--
ALTER TABLE `handover_details`
  ADD PRIMARY KEY (`hd_id`);

--
-- Indexes for table `holiday`
--
ALTER TABLE `holiday`
  ADD PRIMARY KEY (`holiday_id`);

--
-- Indexes for table `holiday_bk`
--
ALTER TABLE `holiday_bk`
  ADD PRIMARY KEY (`holiday_id`);

--
-- Indexes for table `hrpolicy`
--
ALTER TABLE `hrpolicy`
  ADD PRIMARY KEY (`pid`);

--
-- Indexes for table `insurance_details`
--
ALTER TABLE `insurance_details`
  ADD PRIMARY KEY (`insurance_id`);

--
-- Indexes for table `interview_candidate_records`
--
ALTER TABLE `interview_candidate_records`
  ADD PRIMARY KEY (`intw_can_id`);

--
-- Indexes for table `interview_manager`
--
ALTER TABLE `interview_manager`
  ADD PRIMARY KEY (`inw_mid`);

--
-- Indexes for table `interview_task`
--
ALTER TABLE `interview_task`
  ADD PRIMARY KEY (`int_task_id`);

--
-- Indexes for table `investment`
--
ALTER TABLE `investment`
  ADD PRIMARY KEY (`inv_id`);

--
-- Indexes for table `investment_policies`
--
ALTER TABLE `investment_policies`
  ADD PRIMARY KEY (`policy_id`);

--
-- Indexes for table `it_section`
--
ALTER TABLE `it_section`
  ADD PRIMARY KEY (`it_id`);

--
-- Indexes for table `jobs`
--
ALTER TABLE `jobs`
  ADD PRIMARY KEY (`job_id`);

--
-- Indexes for table `job_profiles`
--
ALTER TABLE `job_profiles`
  ADD PRIMARY KEY (`id`);

--
-- Indexes for table `kra`
--
ALTER TABLE `kra`
  ADD PRIMARY KEY (`kra_id`);

--
-- Indexes for table `kra_department`
--
ALTER TABLE `kra_department`
  ADD PRIMARY KEY (`kra_department_id`);

--
-- Indexes for table `kra_employee`
--
ALTER TABLE `kra_employee`
  ADD PRIMARY KEY (`kra_employee_id`);

--
-- Indexes for table `kra_entities`
--
ALTER TABLE `kra_entities`
  ADD PRIMARY KEY (`kra_entity_id`);

--
-- Indexes for table `leave_application`
--
ALTER TABLE `leave_application`
  ADD PRIMARY KEY (`appl_id`);

--
-- Indexes for table `leave_type`
--
ALTER TABLE `leave_type`
  ADD PRIMARY KEY (`type_id`);

--
-- Indexes for table `login_session`
--
ALTER TABLE `login_session`
  ADD PRIMARY KEY (`session_id`);

--
-- Indexes for table `menues`
--
ALTER TABLE `menues`
  ADD PRIMARY KEY (`menu_id`);

--
-- Indexes for table `menu_operations`
--
ALTER TABLE `menu_operations`
  ADD PRIMARY KEY (`mo_id`);

--
-- Indexes for table `news`
--
ALTER TABLE `news`
  ADD PRIMARY KEY (`nw_id`);

--
-- Indexes for table `performance_criteria`
--
ALTER TABLE `performance_criteria`
  ADD PRIMARY KEY (`criteria_id`);

--
-- Indexes for table `permissions`
--
ALTER TABLE `permissions`
  ADD PRIMARY KEY (`permission_id`);

--
-- Indexes for table `property`
--
ALTER TABLE `property`
  ADD PRIMARY KEY (`prop_id`);

--
-- Indexes for table `push_notifications`
--
ALTER TABLE `push_notifications`
  ADD PRIMARY KEY (`pn_id`);

--
-- Indexes for table `qualifications`
--
ALTER TABLE `qualifications`
  ADD PRIMARY KEY (`id`);

--
-- Indexes for table `referance`
--
ALTER TABLE `referance`
  ADD PRIMARY KEY (`ref_id`);

--
-- Indexes for table `referred_job_manager`
--
ALTER TABLE `referred_job_manager`
  ADD PRIMARY KEY (`ref_id`);

--
-- Indexes for table `resignation_details`
--
ALTER TABLE `resignation_details`
  ADD PRIMARY KEY (`resi_id`);

--
-- Indexes for table `resource_request`
--
ALTER TABLE `resource_request`
  ADD PRIMARY KEY (`request_id`);

--
-- Indexes for table `roles`
--
ALTER TABLE `roles`
  ADD PRIMARY KEY (`role_id`);

--
-- Indexes for table `role_permissions`
--
ALTER TABLE `role_permissions`
  ADD PRIMARY KEY (`id`);

--
-- Indexes for table `rpocan_bank_details`
--
ALTER TABLE `rpocan_bank_details`
  ADD PRIMARY KEY (`bd_id`);

--
-- Indexes for table `rpoemp_monthlysalary_slip`
--
ALTER TABLE `rpoemp_monthlysalary_slip`
  ADD PRIMARY KEY (`rpo_sal_id`);

--
-- Indexes for table `rpoemp_salary_details`
--
ALTER TABLE `rpoemp_salary_details`
  ADD PRIMARY KEY (`rpo_sal_id`);

--
-- Indexes for table `rpoemp_salary_slip`
--
ALTER TABLE `rpoemp_salary_slip`
  ADD PRIMARY KEY (`rpo_sal_id`);

--
-- Indexes for table `rpo_attendance`
--
ALTER TABLE `rpo_attendance`
  ADD PRIMARY KEY (`atn_id`);

--
-- Indexes for table `rpo_bank_details`
--
ALTER TABLE `rpo_bank_details`
  ADD PRIMARY KEY (`bd_id`);

--
-- Indexes for table `rpo_billing`
--
ALTER TABLE `rpo_billing`
  ADD PRIMARY KEY (`bill_id`);

--
-- Indexes for table `rpo_candidates`
--
ALTER TABLE `rpo_candidates`
  ADD PRIMARY KEY (`can_id`),
  ADD UNIQUE KEY `email_UNIQUE` (`email_id`);

--
-- Indexes for table `rpo_client_details`
--
ALTER TABLE `rpo_client_details`
  ADD PRIMARY KEY (`client_id`);

--
-- Indexes for table `rpo_client_documents`
--
ALTER TABLE `rpo_client_documents`
  ADD PRIMARY KEY (`doc_id`);

--
-- Indexes for table `rpo_contract`
--
ALTER TABLE `rpo_contract`
  ADD PRIMARY KEY (`proj_id`);

--
-- Indexes for table `rpo_documents`
--
ALTER TABLE `rpo_documents`
  ADD PRIMARY KEY (`doc_id`);

--
-- Indexes for table `rpo_employee_projects`
--
ALTER TABLE `rpo_employee_projects`
  ADD PRIMARY KEY (`rpoemppro_id`);

--
-- Indexes for table `rpo_emp_unique_record`
--
ALTER TABLE `rpo_emp_unique_record`
  ADD PRIMARY KEY (`rpo_unique_id`);

--
-- Indexes for table `rpo_insurance_details`
--
ALTER TABLE `rpo_insurance_details`
  ADD PRIMARY KEY (`insurance_id`);

--
-- Indexes for table `rpo_interview_candidate_records`
--
ALTER TABLE `rpo_interview_candidate_records`
  ADD PRIMARY KEY (`intw_can_id`),
  ADD UNIQUE KEY `email_id` (`email_id`);

--
-- Indexes for table `rpo_interview_manager`
--
ALTER TABLE `rpo_interview_manager`
  ADD PRIMARY KEY (`inw_mid`);

--
-- Indexes for table `rpo_investment`
--
ALTER TABLE `rpo_investment`
  ADD PRIMARY KEY (`inv_id`);

--
-- Indexes for table `tasks`
--
ALTER TABLE `tasks`
  ADD PRIMARY KEY (`task_id`);

--
-- Indexes for table `task_manager`
--
ALTER TABLE `task_manager`
  ADD PRIMARY KEY (`taskm_id`);

--
-- Indexes for table `travel`
--
ALTER TABLE `travel`
  ADD PRIMARY KEY (`tv_id`);

--
-- Indexes for table `travel_document`
--
ALTER TABLE `travel_document`
  ADD PRIMARY KEY (`td_id`);

--
-- Indexes for table `users`
--
ALTER TABLE `users`
  ADD PRIMARY KEY (`user_id`);

--
-- Indexes for table `user_activities`
--
ALTER TABLE `user_activities`
  ADD PRIMARY KEY (`activity_id`);

--
-- Indexes for table `user_config`
--
ALTER TABLE `user_config`
  ADD PRIMARY KEY (`sr_no`);

--
-- Indexes for table `user_menu`
--
ALTER TABLE `user_menu`
  ADD PRIMARY KEY (`user_menu_id`);

--
-- Indexes for table `user_menu_operations`
--
ALTER TABLE `user_menu_operations`
  ADD PRIMARY KEY (`umo_id`);

--
-- Indexes for table `user_role`
--
ALTER TABLE `user_role`
  ADD PRIMARY KEY (`sr_no`);

--
-- Indexes for table `user_widgets`
--
ALTER TABLE `user_widgets`
  ADD PRIMARY KEY (`user_widget_id`);

--
-- Indexes for table `widgets`
--
ALTER TABLE `widgets`
  ADD PRIMARY KEY (`widget_id`);

--
-- AUTO_INCREMENT for dumped tables
--

--
-- AUTO_INCREMENT for table `assesment_list`
--
ALTER TABLE `assesment_list`
  MODIFY `list_id` int(11) NOT NULL AUTO_INCREMENT;
--
-- AUTO_INCREMENT for table `assets`
--
ALTER TABLE `assets`
  MODIFY `asset_code` int(11) NOT NULL AUTO_INCREMENT;
--
-- AUTO_INCREMENT for table `asset_types`
--
ALTER TABLE `asset_types`
  MODIFY `asset_code` int(11) NOT NULL AUTO_INCREMENT, AUTO_INCREMENT=3;
--
-- AUTO_INCREMENT for table `attendance`
--
ALTER TABLE `attendance`
  MODIFY `atn_id` int(11) NOT NULL AUTO_INCREMENT, AUTO_INCREMENT=42;
--
-- AUTO_INCREMENT for table `bank_details`
--
ALTER TABLE `bank_details`
  MODIFY `bd_id` int(11) NOT NULL AUTO_INCREMENT, AUTO_INCREMENT=12;
--
-- AUTO_INCREMENT for table `billing`
--
ALTER TABLE `billing`
  MODIFY `bill_id` int(11) NOT NULL AUTO_INCREMENT;
--
-- AUTO_INCREMENT for table `birthday_likes`
--
ALTER TABLE `birthday_likes`
  MODIFY `like_id` int(11) NOT NULL AUTO_INCREMENT, AUTO_INCREMENT=2;
--
-- AUTO_INCREMENT for table `birthday_wishes`
--
ALTER TABLE `birthday_wishes`
  MODIFY `id` int(11) NOT NULL AUTO_INCREMENT, AUTO_INCREMENT=3;
--
-- AUTO_INCREMENT for table `bulk_mail`
--
ALTER TABLE `bulk_mail`
  MODIFY `mail_id` int(11) NOT NULL AUTO_INCREMENT;
--
-- AUTO_INCREMENT for table `candidate`
--
ALTER TABLE `candidate`
  MODIFY `can_id` int(11) NOT NULL AUTO_INCREMENT, AUTO_INCREMENT=35;
--
-- AUTO_INCREMENT for table `can_assessment`
--
ALTER TABLE `can_assessment`
  MODIFY `id` int(11) NOT NULL AUTO_INCREMENT;
--
-- AUTO_INCREMENT for table `can_assigned_assets`
--
ALTER TABLE `can_assigned_assets`
  MODIFY `can_asset_id` int(11) NOT NULL AUTO_INCREMENT, AUTO_INCREMENT=3;
--
-- AUTO_INCREMENT for table `can_leave_records`
--
ALTER TABLE `can_leave_records`
  MODIFY `id` int(11) NOT NULL AUTO_INCREMENT, AUTO_INCREMENT=45;
--
-- AUTO_INCREMENT for table `cities`
--
ALTER TABLE `cities`
  MODIFY `id` bigint(20) UNSIGNED NOT NULL AUTO_INCREMENT, AUTO_INCREMENT=201;
--
-- AUTO_INCREMENT for table `ci_voting`
--
ALTER TABLE `ci_voting`
  MODIFY `dv_id` int(11) NOT NULL AUTO_INCREMENT, AUTO_INCREMENT=8;
--
-- AUTO_INCREMENT for table `ci_voting_counter`
--
ALTER TABLE `ci_voting_counter`
  MODIFY `v_id` int(11) NOT NULL AUTO_INCREMENT, AUTO_INCREMENT=5;
--
-- AUTO_INCREMENT for table `client_handover`
--
ALTER TABLE `client_handover`
  MODIFY `ch_id` int(11) NOT NULL AUTO_INCREMENT;
--
-- AUTO_INCREMENT for table `departments`
--
ALTER TABLE `departments`
  MODIFY `id` int(11) NOT NULL AUTO_INCREMENT, AUTO_INCREMENT=9;
--
-- AUTO_INCREMENT for table `documents`
--
ALTER TABLE `documents`
  MODIFY `doc_id` int(11) NOT NULL AUTO_INCREMENT, AUTO_INCREMENT=13;
--
-- AUTO_INCREMENT for table `email_config`
--
ALTER TABLE `email_config`
  MODIFY `ec_id` int(11) NOT NULL AUTO_INCREMENT, AUTO_INCREMENT=15;
--
-- AUTO_INCREMENT for table `emp_monthly_salary_slips`
--
ALTER TABLE `emp_monthly_salary_slips`
  MODIFY `salary_slip_id` int(11) NOT NULL AUTO_INCREMENT, AUTO_INCREMENT=4;
--
-- AUTO_INCREMENT for table `emp_salary_details`
--
ALTER TABLE `emp_salary_details`
  MODIFY `sd_id` int(11) NOT NULL AUTO_INCREMENT, AUTO_INCREMENT=4;
--
-- AUTO_INCREMENT for table `enquiry`
--
ALTER TABLE `enquiry`
  MODIFY `id` int(11) NOT NULL AUTO_INCREMENT, AUTO_INCREMENT=5;
--
-- AUTO_INCREMENT for table `event`
--
ALTER TABLE `event`
  MODIFY `ev_id` int(11) NOT NULL AUTO_INCREMENT, AUTO_INCREMENT=17;
--
-- AUTO_INCREMENT for table `experience`
--
ALTER TABLE `experience`
  MODIFY `exp_id` int(11) NOT NULL AUTO_INCREMENT;
--
-- AUTO_INCREMENT for table `handover_details`
--
ALTER TABLE `handover_details`
  MODIFY `hd_id` int(11) NOT NULL AUTO_INCREMENT;
--
-- AUTO_INCREMENT for table `holiday`
--
ALTER TABLE `holiday`
  MODIFY `holiday_id` int(11) NOT NULL AUTO_INCREMENT, AUTO_INCREMENT=3;
--
-- AUTO_INCREMENT for table `holiday_bk`
--
ALTER TABLE `holiday_bk`
  MODIFY `holiday_id` int(11) NOT NULL AUTO_INCREMENT, AUTO_INCREMENT=29;
--
-- AUTO_INCREMENT for table `hrpolicy`
--
ALTER TABLE `hrpolicy`
  MODIFY `pid` int(11) NOT NULL AUTO_INCREMENT;
--
-- AUTO_INCREMENT for table `insurance_details`
--
ALTER TABLE `insurance_details`
  MODIFY `insurance_id` int(11) NOT NULL AUTO_INCREMENT, AUTO_INCREMENT=3;
--
-- AUTO_INCREMENT for table `interview_candidate_records`
--
ALTER TABLE `interview_candidate_records`
  MODIFY `intw_can_id` int(11) NOT NULL AUTO_INCREMENT, AUTO_INCREMENT=2;
--
-- AUTO_INCREMENT for table `interview_manager`
--
ALTER TABLE `interview_manager`
  MODIFY `inw_mid` int(11) NOT NULL AUTO_INCREMENT, AUTO_INCREMENT=2;
--
-- AUTO_INCREMENT for table `interview_task`
--
ALTER TABLE `interview_task`
  MODIFY `int_task_id` int(11) NOT NULL AUTO_INCREMENT;
--
-- AUTO_INCREMENT for table `investment`
--
ALTER TABLE `investment`
  MODIFY `inv_id` int(11) NOT NULL AUTO_INCREMENT, AUTO_INCREMENT=6;
--
-- AUTO_INCREMENT for table `investment_policies`
--
ALTER TABLE `investment_policies`
  MODIFY `policy_id` int(11) NOT NULL AUTO_INCREMENT, AUTO_INCREMENT=31;
--
-- AUTO_INCREMENT for table `it_section`
--
ALTER TABLE `it_section`
  MODIFY `it_id` int(11) NOT NULL AUTO_INCREMENT;
--
-- AUTO_INCREMENT for table `jobs`
--
ALTER TABLE `jobs`
  MODIFY `job_id` int(11) NOT NULL AUTO_INCREMENT, AUTO_INCREMENT=2;
--
-- AUTO_INCREMENT for table `job_profiles`
--
ALTER TABLE `job_profiles`
  MODIFY `id` int(11) NOT NULL AUTO_INCREMENT, AUTO_INCREMENT=34;
--
-- AUTO_INCREMENT for table `kra`
--
ALTER TABLE `kra`
  MODIFY `kra_id` int(11) NOT NULL AUTO_INCREMENT, AUTO_INCREMENT=19;
--
-- AUTO_INCREMENT for table `kra_department`
--
ALTER TABLE `kra_department`
  MODIFY `kra_department_id` int(11) NOT NULL AUTO_INCREMENT, AUTO_INCREMENT=11;
--
-- AUTO_INCREMENT for table `kra_employee`
--
ALTER TABLE `kra_employee`
  MODIFY `kra_employee_id` int(11) NOT NULL AUTO_INCREMENT, AUTO_INCREMENT=27;
--
-- AUTO_INCREMENT for table `kra_entities`
--
ALTER TABLE `kra_entities`
  MODIFY `kra_entity_id` int(11) NOT NULL AUTO_INCREMENT, AUTO_INCREMENT=18;
--
-- AUTO_INCREMENT for table `leave_application`
--
ALTER TABLE `leave_application`
  MODIFY `appl_id` int(11) NOT NULL AUTO_INCREMENT, AUTO_INCREMENT=3;
--
-- AUTO_INCREMENT for table `leave_type`
--
ALTER TABLE `leave_type`
  MODIFY `type_id` int(11) NOT NULL AUTO_INCREMENT, AUTO_INCREMENT=4;
--
-- AUTO_INCREMENT for table `login_session`
--
ALTER TABLE `login_session`
  MODIFY `session_id` int(11) NOT NULL AUTO_INCREMENT, AUTO_INCREMENT=34;
--
-- AUTO_INCREMENT for table `menues`
--
ALTER TABLE `menues`
  MODIFY `menu_id` int(11) NOT NULL AUTO_INCREMENT, AUTO_INCREMENT=105;
--
-- AUTO_INCREMENT for table `menu_operations`
--
ALTER TABLE `menu_operations`
  MODIFY `mo_id` int(11) NOT NULL AUTO_INCREMENT, AUTO_INCREMENT=116;
--
-- AUTO_INCREMENT for table `news`
--
ALTER TABLE `news`
  MODIFY `nw_id` int(11) NOT NULL AUTO_INCREMENT, AUTO_INCREMENT=2;
--
-- AUTO_INCREMENT for table `performance_criteria`
--
ALTER TABLE `performance_criteria`
  MODIFY `criteria_id` int(11) NOT NULL AUTO_INCREMENT, AUTO_INCREMENT=26;
--
-- AUTO_INCREMENT for table `permissions`
--
ALTER TABLE `permissions`
  MODIFY `permission_id` int(11) NOT NULL AUTO_INCREMENT, AUTO_INCREMENT=7;
--
-- AUTO_INCREMENT for table `property`
--
ALTER TABLE `property`
  MODIFY `prop_id` int(11) NOT NULL AUTO_INCREMENT, AUTO_INCREMENT=7;
--
-- AUTO_INCREMENT for table `push_notifications`
--
ALTER TABLE `push_notifications`
  MODIFY `pn_id` int(11) NOT NULL AUTO_INCREMENT, AUTO_INCREMENT=18;
--
-- AUTO_INCREMENT for table `qualifications`
--
ALTER TABLE `qualifications`
  MODIFY `id` int(11) NOT NULL AUTO_INCREMENT, AUTO_INCREMENT=18;
--
-- AUTO_INCREMENT for table `referance`
--
ALTER TABLE `referance`
  MODIFY `ref_id` int(11) NOT NULL AUTO_INCREMENT, AUTO_INCREMENT=5;
--
-- AUTO_INCREMENT for table `referred_job_manager`
--
ALTER TABLE `referred_job_manager`
  MODIFY `ref_id` int(11) NOT NULL AUTO_INCREMENT, AUTO_INCREMENT=5;
--
-- AUTO_INCREMENT for table `resignation_details`
--
ALTER TABLE `resignation_details`
  MODIFY `resi_id` int(11) NOT NULL AUTO_INCREMENT, AUTO_INCREMENT=3;
--
-- AUTO_INCREMENT for table `resource_request`
--
ALTER TABLE `resource_request`
  MODIFY `request_id` int(11) NOT NULL AUTO_INCREMENT;
--
-- AUTO_INCREMENT for table `roles`
--
ALTER TABLE `roles`
  MODIFY `role_id` int(11) NOT NULL AUTO_INCREMENT, AUTO_INCREMENT=17;
--
-- AUTO_INCREMENT for table `role_permissions`
--
ALTER TABLE `role_permissions`
  MODIFY `id` int(11) NOT NULL AUTO_INCREMENT, AUTO_INCREMENT=12;
--
-- AUTO_INCREMENT for table `rpocan_bank_details`
--
ALTER TABLE `rpocan_bank_details`
  MODIFY `bd_id` int(11) NOT NULL AUTO_INCREMENT;
--
-- AUTO_INCREMENT for table `rpoemp_monthlysalary_slip`
--
ALTER TABLE `rpoemp_monthlysalary_slip`
  MODIFY `rpo_sal_id` int(11) NOT NULL AUTO_INCREMENT;
--
-- AUTO_INCREMENT for table `rpoemp_salary_details`
--
ALTER TABLE `rpoemp_salary_details`
  MODIFY `rpo_sal_id` int(11) NOT NULL AUTO_INCREMENT;
--
-- AUTO_INCREMENT for table `rpoemp_salary_slip`
--
ALTER TABLE `rpoemp_salary_slip`
  MODIFY `rpo_sal_id` int(11) NOT NULL AUTO_INCREMENT, AUTO_INCREMENT=2;
--
-- AUTO_INCREMENT for table `rpo_attendance`
--
ALTER TABLE `rpo_attendance`
  MODIFY `atn_id` int(11) NOT NULL AUTO_INCREMENT;
--
-- AUTO_INCREMENT for table `rpo_bank_details`
--
ALTER TABLE `rpo_bank_details`
  MODIFY `bd_id` int(11) NOT NULL AUTO_INCREMENT;
--
-- AUTO_INCREMENT for table `rpo_billing`
--
ALTER TABLE `rpo_billing`
  MODIFY `bill_id` int(11) NOT NULL AUTO_INCREMENT, AUTO_INCREMENT=2;
--
-- AUTO_INCREMENT for table `rpo_candidates`
--
ALTER TABLE `rpo_candidates`
  MODIFY `can_id` int(11) NOT NULL AUTO_INCREMENT, AUTO_INCREMENT=13;
--
-- AUTO_INCREMENT for table `rpo_client_details`
--
ALTER TABLE `rpo_client_details`
  MODIFY `client_id` int(11) NOT NULL AUTO_INCREMENT, AUTO_INCREMENT=2;
--
-- AUTO_INCREMENT for table `rpo_client_documents`
--
ALTER TABLE `rpo_client_documents`
  MODIFY `doc_id` int(11) NOT NULL AUTO_INCREMENT;
--
-- AUTO_INCREMENT for table `rpo_contract`
--
ALTER TABLE `rpo_contract`
  MODIFY `proj_id` int(10) NOT NULL AUTO_INCREMENT, AUTO_INCREMENT=2;
--
-- AUTO_INCREMENT for table `rpo_documents`
--
ALTER TABLE `rpo_documents`
  MODIFY `doc_id` int(11) NOT NULL AUTO_INCREMENT;
--
-- AUTO_INCREMENT for table `rpo_employee_projects`
--
ALTER TABLE `rpo_employee_projects`
  MODIFY `rpoemppro_id` int(11) NOT NULL AUTO_INCREMENT, AUTO_INCREMENT=9;
--
-- AUTO_INCREMENT for table `rpo_emp_unique_record`
--
ALTER TABLE `rpo_emp_unique_record`
  MODIFY `rpo_unique_id` int(11) NOT NULL AUTO_INCREMENT;
--
-- AUTO_INCREMENT for table `rpo_insurance_details`
--
ALTER TABLE `rpo_insurance_details`
  MODIFY `insurance_id` int(11) NOT NULL AUTO_INCREMENT;
--
-- AUTO_INCREMENT for table `rpo_interview_candidate_records`
--
ALTER TABLE `rpo_interview_candidate_records`
  MODIFY `intw_can_id` int(11) NOT NULL AUTO_INCREMENT, AUTO_INCREMENT=13;
--
-- AUTO_INCREMENT for table `rpo_interview_manager`
--
ALTER TABLE `rpo_interview_manager`
  MODIFY `inw_mid` int(11) NOT NULL AUTO_INCREMENT, AUTO_INCREMENT=13;
--
-- AUTO_INCREMENT for table `rpo_investment`
--
ALTER TABLE `rpo_investment`
  MODIFY `inv_id` int(11) NOT NULL AUTO_INCREMENT;
--
-- AUTO_INCREMENT for table `tasks`
--
ALTER TABLE `tasks`
  MODIFY `task_id` int(11) NOT NULL AUTO_INCREMENT, AUTO_INCREMENT=11;
--
-- AUTO_INCREMENT for table `task_manager`
--
ALTER TABLE `task_manager`
  MODIFY `taskm_id` int(11) NOT NULL AUTO_INCREMENT, AUTO_INCREMENT=13;
--
-- AUTO_INCREMENT for table `travel`
--
ALTER TABLE `travel`
  MODIFY `tv_id` int(11) NOT NULL AUTO_INCREMENT, AUTO_INCREMENT=2;
--
-- AUTO_INCREMENT for table `travel_document`
--
ALTER TABLE `travel_document`
  MODIFY `td_id` int(11) NOT NULL AUTO_INCREMENT;
--
-- AUTO_INCREMENT for table `users`
--
ALTER TABLE `users`
  MODIFY `user_id` int(11) NOT NULL AUTO_INCREMENT, AUTO_INCREMENT=33;
--
-- AUTO_INCREMENT for table `user_activities`
--
ALTER TABLE `user_activities`
  MODIFY `activity_id` int(11) NOT NULL AUTO_INCREMENT, AUTO_INCREMENT=184;
--
-- AUTO_INCREMENT for table `user_config`
--
ALTER TABLE `user_config`
  MODIFY `sr_no` int(10) NOT NULL AUTO_INCREMENT, AUTO_INCREMENT=3;
--
-- AUTO_INCREMENT for table `user_menu`
--
ALTER TABLE `user_menu`
  MODIFY `user_menu_id` int(11) NOT NULL AUTO_INCREMENT, AUTO_INCREMENT=7695;
--
-- AUTO_INCREMENT for table `user_menu_operations`
--
ALTER TABLE `user_menu_operations`
  MODIFY `umo_id` int(11) NOT NULL AUTO_INCREMENT, AUTO_INCREMENT=1573;
--
-- AUTO_INCREMENT for table `user_role`
--
ALTER TABLE `user_role`
  MODIFY `sr_no` int(11) NOT NULL AUTO_INCREMENT, AUTO_INCREMENT=2;
--
-- AUTO_INCREMENT for table `user_widgets`
--
ALTER TABLE `user_widgets`
  MODIFY `user_widget_id` int(11) NOT NULL AUTO_INCREMENT, AUTO_INCREMENT=453;
--
-- AUTO_INCREMENT for table `widgets`
--
ALTER TABLE `widgets`
  MODIFY `widget_id` int(11) NOT NULL AUTO_INCREMENT, AUTO_INCREMENT=16;
/*!40101 SET CHARACTER_SET_CLIENT=@OLD_CHARACTER_SET_CLIENT */;
/*!40101 SET CHARACTER_SET_RESULTS=@OLD_CHARACTER_SET_RESULTS */;
/*!40101 SET COLLATION_CONNECTION=@OLD_COLLATION_CONNECTION */;
